family,variant,dtype,m,n,k,matrix,nnz,median_ms,iqr_ms,min_ms,reps,ci95_lo_ms,ci95_hi_ms,process_reps,gflops,baseline_variant,baseline_gflops,pct_baseline,baseline_source,l2_flushed,launch_mode,inner_launches,chosen,entry_point,plan_algo,tile,splits,plan_tuned,sell_padding_ratio,sell_nnz_padded,vector_width,sigma,bsr_block_dim,model_bytes_low,model_bytes_high,dram_bytes_sum,power_law,model_bytes,passes,batch,transform_length,effective_gbs,elements,exclusive,cub_version,twiddle_bytes_low,twiddle_bytes_high,verify_residual,verify_tol,cublas_math_mode,cublas_gemm_algo,throttled,median_sm_clock_mhz,clock_locked,locked_clock_mhz,max_temp_c,max_power_w,cuda_runtime,cuda_driver,canonical,schema_version,commit,status,status_reason,row_note
conv,baseline_cufft,fp32,1048576,8,0,,0,0.226464,0.003936,0.21088,1000,0.226432,0.226496,5,2000.251,baseline_cufft,2000.251,100.0,self,True,stream,1,kCufft,ckl_conv,kDirectConstant,,1,False,,,,,,,,pending ncu round,,0,0,1,2097152,0.0,,,,0,0,0.0,2.0027e-05,CUBLAS_DEFAULT_MATH,,False,2497.0,True,2500,52,64.2,13030,13030,True,2,1155de478289f4a7d40687f87000848267619032,ok,,
conv,baseline_cufft,fp32,1048576,8,0,,0,0.204864,0.009824,0.197408,1000,0.204048,0.20592,5,2211.149,baseline_cufft,2211.149,100.0,self,False,stream,1,kCufft,ckl_conv,kDirectConstant,,1,False,,,,,,,,pending ncu round,,0,0,1,2097152,0.0,,,,0,0,0.0,2.0027e-05,CUBLAS_DEFAULT_MATH,,False,2497.0,True,2500,35,51.0,13030,13030,False,2,1155de478289f4a7d40687f87000848267619032,ok,,
conv,baseline_cufft,fp32,1048576,16,0,,0,0.222672,0.00224,0.204576,1000,0.22256,0.223456,5,2034.314,baseline_cufft,2034.314,100.0,self,True,stream,1,kCufft,ckl_conv,kDirectConstant,,1,False,,,,,,,,pending ncu round,,0,0,1,2097152,0.0,,,,0,0,0.0,2.0027e-05,CUBLAS_DEFAULT_MATH,,False,2497.0,True,2500,41,64.1,13030,13030,True,2,1155de478289f4a7d40687f87000848267619032,ok,,
conv,baseline_cufft,fp32,1048576,16,0,,0,0.203168,0.003176,0.19728,1000,0.202944,0.203344,5,2229.607,baseline_cufft,2229.607,100.0,self,False,stream,1,kCufft,ckl_conv,kDirectConstant,,1,False,,,,,,,,pending ncu round,,0,0,1,2097152,0.0,,,,0,0,0.0,2.0027e-05,CUBLAS_DEFAULT_MATH,,False,2497.0,True,2500,36,49.9,13030,13030,False,2,1155de478289f4a7d40687f87000848267619032,ok,,
conv,baseline_cufft,fp32,1048576,32,0,,0,0.226496,0.003744,0.20672,1000,0.226144,0.226592,5,1999.968,baseline_cufft,1999.968,100.0,self,True,stream,1,kCufft,ckl_conv,kDirectConstant,,1,False,,,,,,,,pending ncu round,,0,0,1,2097152,0.0,,,,0,0,0.0,2.0027e-05,CUBLAS_DEFAULT_MATH,,False,2497.0,True,2500,42,64.4,13030,13030,True,2,1155de478289f4a7d40687f87000848267619032,ok,,
conv,baseline_cufft,fp32,1048576,32,0,,0,0.2048,0.004776,0.197248,1000,0.204656,0.205024,5,2211.84,baseline_cufft,2211.84,100.0,self,False,stream,1,kCufft,ckl_conv,kDirectConstant,,1,False,,,,,,,,pending ncu round,,0,0,1,2097152,0.0,,,,0,0,0.0,2.0027e-05,CUBLAS_DEFAULT_MATH,,False,2497.0,True,2500,35,46.1,13030,13030,False,2,1155de478289f4a7d40687f87000848267619032,ok,,
conv,baseline_cufft,fp32,1048576,64,0,,0,0.220416,0.002112,0.202656,1000,0.220384,0.220416,5,2055.136,baseline_cufft,2055.136,100.0,self,True,stream,1,kCufft,ckl_conv,kDirectConstant,,1,False,,,,,,,,pending ncu round,,0,0,1,2097152,0.0,,,,0,0,0.0,2.0027e-05,CUBLAS_DEFAULT_MATH,,False,2497.0,True,2500,39,63.9,13030,13030,True,2,1155de478289f4a7d40687f87000848267619032,ok,,
conv,baseline_cufft,fp32,1048576,64,0,,0,0.204128,0.004328,0.19728,1000,0.203744,0.204624,5,2219.122,baseline_cufft,2219.122,100.0,self,False,stream,1,kCufft,ckl_conv,kDirectConstant,,1,False,,,,,,,,pending ncu round,,0,0,1,2097152,0.0,,,,0,0,0.0,2.0027e-05,CUBLAS_DEFAULT_MATH,,False,2497.0,True,2500,49,50.0,13030,13030,False,2,1155de478289f4a7d40687f87000848267619032,ok,,
conv,baseline_cufft,fp32,1048576,128,0,,0,0.220384,0.002064,0.206688,1000,0.220384,0.220384,5,2055.434,baseline_cufft,2055.434,100.0,self,True,stream,1,kCufft,ckl_conv,kDirectConstant,,1,False,,,,,,,,pending ncu round,,0,0,1,2097152,0.0,,,,0,0,0.0,2.0027e-05,CUBLAS_DEFAULT_MATH,,False,2497.0,True,2500,38,58.8,13030,13030,True,2,1155de478289f4a7d40687f87000848267619032,ok,,
conv,baseline_cufft,fp32,1048576,128,0,,0,0.203056,0.002752,0.197216,1000,0.202688,0.203456,5,2230.837,baseline_cufft,2230.837,100.0,self,False,stream,1,kCufft,ckl_conv,kDirectConstant,,1,False,,,,,,,,pending ncu round,,0,0,1,2097152,0.0,,,,0,0,0.0,2.0027e-05,CUBLAS_DEFAULT_MATH,,False,2497.0,True,2500,40,51.7,13030,13030,False,2,1155de478289f4a7d40687f87000848267619032,ok,,
conv,baseline_cufft,fp32,1048576,256,0,,0,0.226464,0.003904,0.2088,1000,0.226432,0.226464,5,2000.251,baseline_cufft,2000.251,100.0,self,True,stream,1,kCufft,ckl_conv,kDirectConstant,,1,False,,,,,,,,pending ncu round,,0,0,1,2097152,0.0,,,,0,0,0.0,2.0027e-05,CUBLAS_DEFAULT_MATH,,False,2497.0,True,2500,39,60.0,13030,13030,True,2,1155de478289f4a7d40687f87000848267619032,ok,,
conv,baseline_cufft,fp32,1048576,256,0,,0,0.204096,0.004488,0.196736,1000,0.203664,0.204928,5,2219.469,baseline_cufft,2219.469,100.0,self,False,stream,1,kCufft,ckl_conv,kDirectConstant,,1,False,,,,,,,,pending ncu round,,0,0,1,2097152,0.0,,,,0,0,0.0,2.0027e-05,CUBLAS_DEFAULT_MATH,,False,2497.0,True,2500,43,46.8,13030,13030,False,2,1155de478289f4a7d40687f87000848267619032,ok,,
conv,baseline_cufft,fp32,1048576,512,0,,0,0.222464,0.000416,0.210944,1000,0.222464,0.222496,5,2036.216,baseline_cufft,2036.216,100.0,self,True,stream,1,kCufft,ckl_conv,kDirectConstant,,1,False,,,,,,,,pending ncu round,,0,0,1,2097152,0.0,,,,0,0,0.0,2.0027e-05,CUBLAS_DEFAULT_MATH,,False,2497.0,True,2500,40,62.1,13030,13030,True,2,1155de478289f4a7d40687f87000848267619032,ok,,
conv,baseline_cufft,fp32,1048576,512,0,,0,0.203136,0.003376,0.197856,1000,0.202912,0.213152,5,2229.958,baseline_cufft,2229.958,100.0,self,False,stream,1,kCufft,ckl_conv,kDirectConstant,,1,False,,,,,,,,pending ncu round,,0,0,1,2097152,0.0,,,,0,0,0.0,2.0027e-05,CUBLAS_DEFAULT_MATH,,False,2497.0,True,2500,35,49.8,13030,13030,False,2,1155de478289f4a7d40687f87000848267619032,ok,,
conv,baseline_cufft,fp32,1048576,1024,0,,0,0.226304,0.002112,0.212832,1000,0.226272,0.226528,5,2001.665,baseline_cufft,2001.665,100.0,self,True,stream,1,kCufft,ckl_conv,kDirectConstant,,1,False,,,,,,,,pending ncu round,,0,0,1,2097152,0.0,,,,0,0,0.0,2.0027e-05,CUBLAS_DEFAULT_MATH,,False,2497.0,True,2500,40,60.7,13030,13030,True,2,1155de478289f4a7d40687f87000848267619032,ok,,
conv,baseline_cufft,fp32,1048576,1024,0,,0,0.211024,0.012968,0.19744,1000,0.203088,0.21552,5,2146.603,baseline_cufft,2146.603,100.0,self,False,stream,1,kCufft,ckl_conv,kDirectConstant,,1,False,,,,,,,,pending ncu round,,0,0,1,2097152,0.0,,,,0,0,0.0,2.0027e-05,CUBLAS_DEFAULT_MATH,,False,2497.0,True,2500,34,51.1,13030,13030,False,2,1155de478289f4a7d40687f87000848267619032,ok,,
conv,baseline_cufft,fp32,1048576,2048,0,,0,0.224096,0.00208,0.208704,1000,0.223968,0.22416,5,2021.387,baseline_cufft,2021.387,100.0,self,True,stream,1,kCufft,ckl_conv,kDirectConstant,,1,False,,,,,,,,pending ncu round,,0,0,1,2097152,0.0,,,,0,0,0.0,2.0027e-05,CUBLAS_DEFAULT_MATH,,False,2497.0,True,2500,39,63.5,13030,13030,True,2,1155de478289f4a7d40687f87000848267619032,ok,,
conv,baseline_cufft,fp32,1048576,2048,0,,0,0.202672,0.002592,0.198208,1000,0.2024,0.202976,5,2235.064,baseline_cufft,2235.064,100.0,self,False,stream,1,kCufft,ckl_conv,kDirectConstant,,1,False,,,,,,,,pending ncu round,,0,0,1,2097152,0.0,,,,0,0,0.0,2.0027e-05,CUBLAS_DEFAULT_MATH,,False,2497.0,True,2500,35,51.0,13030,13030,False,2,1155de478289f4a7d40687f87000848267619032,ok,,
conv,baseline_cufft,fp32,1048576,4096,0,,0,0.224512,0.002048,0.212896,1000,0.224416,0.224544,5,2017.642,baseline_cufft,2017.642,100.0,self,True,stream,1,kCufft,ckl_conv,kDirectConstant,,1,False,,,,,,,,pending ncu round,,0,0,1,2097152,0.0,,,,0,0,0.0,2.0027e-05,CUBLAS_DEFAULT_MATH,,False,2497.0,True,2500,40,62.7,13030,13030,True,2,1155de478289f4a7d40687f87000848267619032,ok,,
conv,baseline_cufft,fp32,1048576,4096,0,,0,0.203168,0.002952,0.197344,1000,0.202688,0.203872,5,2229.607,baseline_cufft,2229.607,100.0,self,False,stream,1,kCufft,ckl_conv,kDirectConstant,,1,False,,,,,,,,pending ncu round,,0,0,1,2097152,0.0,,,,0,0,0.0,2.0027e-05,CUBLAS_DEFAULT_MATH,,False,2497.0,True,2500,35,48.9,13030,13030,False,2,1155de478289f4a7d40687f87000848267619032,ok,,
conv,baseline_cufft,fp32,1048576,8192,0,,0,0.224448,0.000672,0.2088,1000,0.224256,0.22448,5,2018.217,baseline_cufft,2018.217,100.0,self,True,stream,1,kCufft,ckl_conv,kDirectShared,,1,False,,,,,,,,pending ncu round,,0,0,1,2097152,0.0,,,,0,0,0.0,2.0027e-05,CUBLAS_DEFAULT_MATH,,False,2497.0,True,2500,40,59.5,13030,13030,True,2,1155de478289f4a7d40687f87000848267619032,ok,,
conv,baseline_cufft,fp32,1048576,8192,0,,0,0.20376,0.00512,0.197376,1000,0.203392,0.204896,5,2223.129,baseline_cufft,2223.129,100.0,self,False,stream,1,kCufft,ckl_conv,kDirectShared,,1,False,,,,,,,,pending ncu round,,0,0,1,2097152,0.0,,,,0,0,0.0,2.0027e-05,CUBLAS_DEFAULT_MATH,,False,2497.0,True,2500,35,48.6,13030,13030,False,2,1155de478289f4a7d40687f87000848267619032,ok,,
conv,baseline_cufft,fp32,1048576,16384,0,,0,0.226464,0.003904,0.208768,1000,0.226112,0.22656,5,2000.251,baseline_cufft,2000.251,100.0,self,True,stream,1,kCufft,ckl_conv,kFftFused,,1,False,,,,,,,,pending ncu round,,0,0,1,2097152,0.0,,,,0,0,0.0,2.0027e-05,CUBLAS_DEFAULT_MATH,,False,2497.0,True,2500,38,63.2,13030,13030,True,2,1155de478289f4a7d40687f87000848267619032,ok,,
conv,baseline_cufft,fp32,1048576,16384,0,,0,0.203456,0.003624,0.197408,1000,0.20312,0.204128,5,2226.451,baseline_cufft,2226.451,100.0,self,False,stream,1,kCufft,ckl_conv,kFftFused,,1,False,,,,,,,,pending ncu round,,0,0,1,2097152,0.0,,,,0,0,0.0,2.0027e-05,CUBLAS_DEFAULT_MATH,,False,2497.0,True,2500,36,48.9,13030,13030,False,2,1155de478289f4a7d40687f87000848267619032,ok,,
conv,baseline_cufft,fp32,4194304,8,0,,0,1.860256,0.023584,1.834816,941,1.8568,1.868416,5,1064.215,baseline_cufft,1064.215,100.0,self,True,stream,1,kCufft,ckl_conv,kDirectConstant,,1,False,,,,,,,,pending ncu round,,0,0,1,8388608,0.0,,,,0,0,0.0,2.1935e-05,CUBLAS_DEFAULT_MATH,,False,2490.0,True,2500,46,115.2,13030,13030,True,2,1155de478289f4a7d40687f87000848267619032,ok,,
conv,baseline_cufft,fp32,4194304,8,0,,0,1.8524,0.024296,1.818656,1000,1.849856,1.853856,5,1068.728,baseline_cufft,1068.728,100.0,self,False,stream,1,kCufft,ckl_conv,kDirectConstant,,1,False,,,,,,,,pending ncu round,,0,0,1,8388608,0.0,,,,0,0,0.0,2.1935e-05,CUBLAS_DEFAULT_MATH,,False,2490.0,True,2500,47,116.7,13030,13030,False,2,1155de478289f4a7d40687f87000848267619032,ok,,
conv,baseline_cufft,fp32,4194304,16,0,,0,1.856,0.02464,1.830784,962,1.854656,1.856672,5,1066.655,baseline_cufft,1066.655,100.0,self,True,stream,1,kCufft,ckl_conv,kDirectConstant,,1,False,,,,,,,,pending ncu round,,0,0,1,8388608,0.0,,,,0,0,0.0,2.1935e-05,CUBLAS_DEFAULT_MATH,,False,2490.0,True,2500,42,115.8,13030,13030,True,2,1155de478289f4a7d40687f87000848267619032,ok,,
conv,baseline_cufft,fp32,4194304,16,0,,0,1.85312,0.025616,1.817056,1000,1.849888,1.853632,5,1068.313,baseline_cufft,1068.313,100.0,self,False,stream,1,kCufft,ckl_conv,kDirectConstant,,1,False,,,,,,,,pending ncu round,,0,0,1,8388608,0.0,,,,0,0,0.0,2.1935e-05,CUBLAS_DEFAULT_MATH,,False,2490.0,True,2500,48,116.6,13030,13030,False,2,1155de478289f4a7d40687f87000848267619032,ok,,
conv,baseline_cufft,fp32,4194304,32,0,,0,1.856832,0.026208,1.8416,953,1.856624,1.860704,5,1066.177,baseline_cufft,1066.177,100.0,self,True,stream,1,kCufft,ckl_conv,kDirectConstant,,1,False,,,,,,,,pending ncu round,,0,0,1,8388608,0.0,,,,0,0,0.0,2.1935e-05,CUBLAS_DEFAULT_MATH,,False,2490.0,True,2500,42,114.8,13030,13030,True,2,1155de478289f4a7d40687f87000848267619032,ok,,
conv,baseline_cufft,fp32,4194304,32,0,,0,1.850144,0.025352,1.817504,1000,1.84992,1.852768,5,1070.031,baseline_cufft,1070.031,100.0,self,False,stream,1,kCufft,ckl_conv,kDirectConstant,,1,False,,,,,,,,pending ncu round,,0,0,1,8388608,0.0,,,,0,0,0.0,2.1935e-05,CUBLAS_DEFAULT_MATH,,False,2490.0,True,2500,42,115.7,13030,13030,False,2,1155de478289f4a7d40687f87000848267619032,ok,,
conv,baseline_cufft,fp32,4194304,64,0,,0,1.858528,0.026208,1.842368,947,1.856736,1.859648,5,1065.204,baseline_cufft,1065.204,100.0,self,True,stream,1,kCufft,ckl_conv,kDirectConstant,,1,False,,,,,,,,pending ncu round,,0,0,1,8388608,0.0,,,,0,0,0.0,2.1935e-05,CUBLAS_DEFAULT_MATH,,False,2490.0,True,2500,42,114.2,13030,13030,True,2,1155de478289f4a7d40687f87000848267619032,ok,,
conv,baseline_cufft,fp32,4194304,64,0,,0,1.854752,0.027176,1.819264,1000,1.851552,1.8552,5,1067.373,baseline_cufft,1067.373,100.0,self,False,stream,1,kCufft,ckl_conv,kDirectConstant,,1,False,,,,,,,,pending ncu round,,0,0,1,8388608,0.0,,,,0,0,0.0,2.1935e-05,CUBLAS_DEFAULT_MATH,,False,2490.0,True,2500,41,115.2,13030,13030,False,2,1155de478289f4a7d40687f87000848267619032,ok,,
conv,baseline_cufft,fp32,4194304,128,0,,0,1.858336,0.024896,1.824736,819,1.856704,1.866368,5,1065.314,baseline_cufft,1065.314,100.0,self,True,stream,1,kCufft,ckl_conv,kDirectConstant,,1,False,,,,,,,,pending ncu round,,0,0,1,8388608,0.0,,,,0,0,0.0,2.1935e-05,CUBLAS_DEFAULT_MATH,,False,2490.0,True,2500,42,113.8,13030,13030,True,2,1155de478289f4a7d40687f87000848267619032,ok,,
conv,baseline_cufft,fp32,4194304,128,0,,0,1.850336,0.025464,1.812608,1000,1.848064,1.851632,5,1069.92,baseline_cufft,1069.92,100.0,self,False,stream,1,kCufft,ckl_conv,kDirectConstant,,1,False,,,,,,,,pending ncu round,,0,0,1,8388608,0.0,,,,0,0,0.0,2.1935e-05,CUBLAS_DEFAULT_MATH,,False,2490.0,True,2500,41,115.4,13030,13030,False,2,1155de478289f4a7d40687f87000848267619032,ok,,
conv,baseline_cufft,fp32,4194304,256,0,,0,1.853792,0.024768,1.83296,951,1.852704,1.854624,5,1067.925,baseline_cufft,1067.925,100.0,self,True,stream,1,kCufft,ckl_conv,kDirectConstant,,1,False,,,,,,,,pending ncu round,,0,0,1,8388608,0.0,,,,0,0,0.0,2.1935e-05,CUBLAS_DEFAULT_MATH,,False,2490.0,True,2500,42,114.5,13030,13030,True,2,1155de478289f4a7d40687f87000848267619032,ok,,
conv,baseline_cufft,fp32,4194304,256,0,,0,1.851392,0.026608,1.816768,1000,1.849424,1.852,5,1069.31,baseline_cufft,1069.31,100.0,self,False,stream,1,kCufft,ckl_conv,kDirectConstant,,1,False,,,,,,,,pending ncu round,,0,0,1,8388608,0.0,,,,0,0,0.0,2.1935e-05,CUBLAS_DEFAULT_MATH,,False,2490.0,True,2500,44,114.6,13030,13030,False,2,1155de478289f4a7d40687f87000848267619032,ok,,
conv,baseline_cufft,fp32,4194304,512,0,,0,1.863008,0.026624,1.804768,929,1.858528,1.875008,5,1062.642,baseline_cufft,1062.642,100.0,self,True,stream,1,kCufft,ckl_conv,kDirectConstant,,1,False,,,,,,,,pending ncu round,,0,0,1,8388608,0.0,,,,0,0,0.0,2.1935e-05,CUBLAS_DEFAULT_MATH,,False,2490.0,True,2500,43,114.9,13030,13030,True,2,1155de478289f4a7d40687f87000848267619032,ok,,
conv,baseline_cufft,fp32,4194304,512,0,,0,1.85216,0.026848,1.790304,1000,1.845504,1.856992,5,1068.866,baseline_cufft,1068.866,100.0,self,False,stream,1,kCufft,ckl_conv,kDirectConstant,,1,False,,,,,,,,pending ncu round,,0,0,1,8388608,0.0,,,,0,0,0.0,2.1935e-05,CUBLAS_DEFAULT_MATH,,False,2490.0,True,2500,42,114.1,13030,13030,False,2,1155de478289f4a7d40687f87000848267619032,ok,,
conv,baseline_cufft,fp32,4194304,1024,0,,0,1.856976,0.025744,1.842304,946,1.856672,1.859072,5,1066.094,baseline_cufft,1066.094,100.0,self,True,stream,1,kCufft,ckl_conv,kDirectConstant,,1,False,,,,,,,,pending ncu round,,0,0,1,8388608,0.0,,,,0,0,0.0,2.1935e-05,CUBLAS_DEFAULT_MATH,,False,2490.0,True,2500,41,114.0,13030,13030,True,2,1155de478289f4a7d40687f87000848267619032,ok,,
conv,baseline_cufft,fp32,4194304,1024,0,,0,1.848432,0.02596,1.81472,1000,1.847824,1.850096,5,1071.022,baseline_cufft,1071.022,100.0,self,False,stream,1,kCufft,ckl_conv,kDirectConstant,,1,False,,,,,,,,pending ncu round,,0,0,1,8388608,0.0,,,,0,0,0.0,2.1935e-05,CUBLAS_DEFAULT_MATH,,False,2490.0,True,2500,43,116.3,13030,13030,False,2,1155de478289f4a7d40687f87000848267619032,ok,,
conv,baseline_cufft,fp32,4194304,2048,0,,0,1.862656,0.024944,1.836512,919,1.860608,1.866784,5,1062.843,baseline_cufft,1062.843,100.0,self,True,stream,1,kCufft,ckl_conv,kDirectConstant,,1,False,,,,,,,,pending ncu round,,0,0,1,8388608,0.0,,,,0,0,0.0,2.1935e-05,CUBLAS_DEFAULT_MATH,,False,2490.0,True,2500,53,116.4,13030,13030,True,2,1155de478289f4a7d40687f87000848267619032,ok,,
conv,baseline_cufft,fp32,4194304,2048,0,,0,1.844928,0.025464,1.813248,1000,1.844544,1.84656,5,1073.056,baseline_cufft,1073.056,100.0,self,False,stream,1,kCufft,ckl_conv,kDirectConstant,,1,False,,,,,,,,pending ncu round,,0,0,1,8388608,0.0,,,,0,0,0.0,2.1935e-05,CUBLAS_DEFAULT_MATH,,False,2490.0,True,2500,41,114.6,13030,13030,False,2,1155de478289f4a7d40687f87000848267619032,ok,,
conv,baseline_cufft,fp32,4194304,4096,0,,0,1.858848,0.025472,1.832736,929,1.854592,1.866688,5,1065.021,baseline_cufft,1065.021,100.0,self,True,stream,1,kCufft,ckl_conv,kDirectConstant,,1,False,,,,,,,,pending ncu round,,0,0,1,8388608,0.0,,,,0,0,0.0,2.1935e-05,CUBLAS_DEFAULT_MATH,,False,2490.0,True,2500,42,112.9,13030,13030,True,2,1155de478289f4a7d40687f87000848267619032,ok,,
conv,baseline_cufft,fp32,4194304,4096,0,,0,1.852304,0.02564,1.825184,1000,1.850976,1.85728,5,1068.783,baseline_cufft,1068.783,100.0,self,False,stream,1,kCufft,ckl_conv,kDirectConstant,,1,False,,,,,,,,pending ncu round,,0,0,1,8388608,0.0,,,,0,0,0.0,2.1935e-05,CUBLAS_DEFAULT_MATH,,False,2490.0,True,2500,42,114.7,13030,13030,False,2,1155de478289f4a7d40687f87000848267619032,ok,,
conv,baseline_cufft,fp32,4194304,8192,0,,0,1.857632,0.025056,1.812992,925,1.856672,1.860352,5,1065.718,baseline_cufft,1065.718,100.0,self,True,stream,1,kCufft,ckl_conv,kDirectShared,,1,False,,,,,,,,pending ncu round,,0,0,1,8388608,0.0,,,,0,0,0.0,2.1935e-05,CUBLAS_DEFAULT_MATH,,False,2490.0,True,2500,45,114.8,13030,13030,True,2,1155de478289f4a7d40687f87000848267619032,ok,,
conv,baseline_cufft,fp32,4194304,8192,0,,0,1.855152,0.025808,1.8136,1000,1.852144,1.858576,5,1067.142,baseline_cufft,1067.142,100.0,self,False,stream,1,kCufft,ckl_conv,kDirectShared,,1,False,,,,,,,,pending ncu round,,0,0,1,8388608,0.0,,,,0,0,0.0,2.1935e-05,CUBLAS_DEFAULT_MATH,,False,2490.0,True,2500,41,115.9,13030,13030,False,2,1155de478289f4a7d40687f87000848267619032,ok,,
conv,baseline_cufft,fp32,4194304,16384,0,,0,1.854592,0.025968,1.839936,928,1.853952,1.859072,5,1067.465,baseline_cufft,1067.465,100.0,self,True,stream,1,kCufft,ckl_conv,kFftFused,,1,False,,,,,,,,pending ncu round,,0,0,1,8388608,0.0,,,,0,0,0.0,2.1935e-05,CUBLAS_DEFAULT_MATH,,False,2490.0,True,2500,41,113.2,13030,13030,True,2,1155de478289f4a7d40687f87000848267619032,ok,,
conv,baseline_cufft,fp32,4194304,16384,0,,0,1.853168,0.026128,1.81888,1000,1.848864,1.85416,5,1068.285,baseline_cufft,1068.285,100.0,self,False,stream,1,kCufft,ckl_conv,kFftFused,,1,False,,,,,,,,pending ncu round,,0,0,1,8388608,0.0,,,,0,0,0.0,2.1935e-05,CUBLAS_DEFAULT_MATH,,False,2490.0,True,2500,42,116.2,13030,13030,False,2,1155de478289f4a7d40687f87000848267619032,ok,,
conv,direct_constant,fp32,1048576,8,0,,0,0.02592,0.002016,0.022432,1000,0.025808,0.025952,5,647.269,baseline_cufft,2000.251,32.36,joined,True,stream,1,kDirectConstant,ckl_conv,kDirectConstant,,1,False,,,,,,,,pending ncu round,,12568600,0,1,2097152,484.9,,,,0,0,0.0,2.0027e-05,CUBLAS_DEFAULT_MATH,,False,2497.0,True,2500,47,45.6,13030,13030,True,2,1155de478289f4a7d40687f87000848267619032,ok,,
conv,direct_constant,fp32,1048576,8,0,,0,0.019504,0.00112,0.016224,1000,0.018784,0.02048,5,860.194,baseline_cufft,2211.149,38.9,joined,False,stream,1,kDirectConstant,ckl_conv,kDirectConstant,,1,False,,,,,,,,pending ncu round,,12568600,0,1,2097152,644.411,,,,0,0,0.0,2.0027e-05,CUBLAS_DEFAULT_MATH,,False,2497.0,True,2500,38,31.8,13030,13030,False,2,1155de478289f4a7d40687f87000848267619032,ok,,
conv,direct_constant,fp32,1048576,16,0,,0,0.026144,0.001952,0.024128,1000,0.026144,0.026176,5,1283.447,baseline_cufft,2034.314,63.09,joined,True,stream,1,kDirectConstant,ckl_conv,kDirectConstant,,1,False,,,,,,,,pending ncu round,,12568632,0,1,2097152,480.746,,,,0,0,0.0,2.0027e-05,CUBLAS_DEFAULT_MATH,,False,2497.0,True,2500,40,43.0,13030,13030,True,2,1155de478289f4a7d40687f87000848267619032,ok,,
conv,direct_constant,fp32,1048576,16,0,,0,0.02224,0.001888,0.019168,1000,0.021936,0.023136,5,1508.742,baseline_cufft,2229.607,67.67,joined,False,stream,1,kDirectConstant,ckl_conv,kDirectConstant,,1,False,,,,,,,,pending ncu round,,12568632,0,1,2097152,565.136,,,,0,0,0.0,2.0027e-05,CUBLAS_DEFAULT_MATH,,False,2497.0,True,2500,36,30.0,13030,13030,False,2,1155de478289f4a7d40687f87000848267619032,ok,,
conv,direct_constant,fp32,1048576,32,0,,0,0.032256,0.000128,0.02992,1000,0.032256,0.032256,5,2080.508,baseline_cufft,1999.968,104.03,joined,True,stream,1,kDirectConstant,ckl_conv,kDirectConstant,,1,False,,,,,,,,pending ncu round,,12568696,0,1,2097152,389.655,,,,0,0,0.0,2.0027e-05,CUBLAS_DEFAULT_MATH,,False,2497.0,True,2500,41,42.1,13030,13030,True,2,1155de478289f4a7d40687f87000848267619032,ok,,
conv,direct_constant,fp32,1048576,32,0,,0,0.029312,0.001152,0.02656,1000,0.028864,0.02936,5,2289.467,baseline_cufft,2211.84,103.51,joined,False,stream,1,kDirectConstant,ckl_conv,kDirectConstant,,1,False,,,,,,,,pending ncu round,,12568696,0,1,2097152,428.79,,,,0,0,0.0,2.0027e-05,CUBLAS_DEFAULT_MATH,,False,2497.0,True,2500,36,32.0,13030,13030,False,2,1155de478289f4a7d40687f87000848267619032,ok,,
conv,direct_constant,fp32,1048576,64,0,,0,0.046528,0.002016,0.043776,1000,0.046464,0.046528,5,2884.666,baseline_cufft,2055.136,140.36,joined,True,stream,1,kDirectConstant,ckl_conv,kDirectConstant,,1,False,,,,,,,,pending ncu round,,12568824,0,1,2097152,270.135,,,,0,0,0.0,2.0027e-05,CUBLAS_DEFAULT_MATH,,False,2497.0,True,2500,35,44.1,13030,13030,True,2,1155de478289f4a7d40687f87000848267619032,ok,,
conv,direct_constant,fp32,1048576,64,0,,0,0.045664,0.001568,0.043424,1000,0.045472,0.04608,5,2939.246,baseline_cufft,2219.122,132.45,joined,False,stream,1,kDirectConstant,ckl_conv,kDirectConstant,,1,False,,,,,,,,pending ncu round,,12568824,0,1,2097152,275.246,,,,0,0,0.0,2.0027e-05,CUBLAS_DEFAULT_MATH,,False,2497.0,True,2500,35,32.8,13030,13030,False,2,1155de478289f4a7d40687f87000848267619032,ok,,
conv,direct_constant,fp32,1048576,128,0,,0,0.081376,0.000256,0.078944,1000,0.081376,0.081408,5,3298.705,baseline_cufft,2055.434,160.49,joined,True,stream,1,kDirectConstant,ckl_conv,kDirectConstant,,1,False,,,,,,,,pending ncu round,,12569080,0,1,2097152,154.457,,,,0,0,0.0,2.0027e-05,CUBLAS_DEFAULT_MATH,,False,2497.0,True,2500,40,45.9,13030,13030,True,2,1155de478289f4a7d40687f87000848267619032,ok,,
conv,direct_constant,fp32,1048576,128,0,,0,0.0816,0.001472,0.078336,1000,0.081248,0.081888,5,3289.65,baseline_cufft,2230.837,147.46,joined,False,stream,1,kDirectConstant,ckl_conv,kDirectConstant,,1,False,,,,,,,,pending ncu round,,12569080,0,1,2097152,154.033,,,,0,0,0.0,2.0027e-05,CUBLAS_DEFAULT_MATH,,False,2497.0,True,2500,36,31.4,13030,13030,False,2,1155de478289f4a7d40687f87000848267619032,ok,,
conv,direct_constant,fp32,1048576,256,0,,0,0.15104,0.000128,0.148992,1000,0.15104,0.151072,5,3554.495,baseline_cufft,2000.251,177.7,joined,True,stream,1,kDirectConstant,ckl_conv,kDirectConstant,,1,False,,,,,,,,pending ncu round,,12569592,0,1,2097152,83.22,,,,0,0,0.0,2.0027e-05,CUBLAS_DEFAULT_MATH,,False,2497.0,True,2500,44,54.2,13030,13030,True,2,1155de478289f4a7d40687f87000848267619032,ok,,
conv,direct_constant,fp32,1048576,256,0,,0,0.151968,0.001856,0.148768,1000,0.151936,0.152032,5,3532.789,baseline_cufft,2219.469,159.17,joined,False,stream,1,kDirectConstant,ckl_conv,kDirectConstant,,1,False,,,,,,,,pending ncu round,,12569592,0,1,2097152,82.712,,,,0,0,0.0,2.0027e-05,CUBLAS_DEFAULT_MATH,,False,2497.0,True,2500,51,41.2,13030,13030,False,2,1155de478289f4a7d40687f87000848267619032,ok,,
conv,direct_constant,fp32,1048576,512,0,,0,0.294432,0.000128,0.293216,1000,0.294416,0.294432,5,3646.824,baseline_cufft,2036.216,179.1,joined,True,stream,1,kDirectConstant,ckl_conv,kDirectConstant,,1,False,,,,,,,,pending ncu round,,20948972,0,1,2097152,71.15,,,,0,0,0.0,2.0027e-05,CUBLAS_DEFAULT_MATH,,False,2497.0,True,2500,41,62.7,13030,13030,True,2,1155de478289f4a7d40687f87000848267619032,ok,,
conv,direct_constant,fp32,1048576,512,0,,0,0.295616,0.00208,0.292736,1000,0.29544,0.29568,5,3632.218,baseline_cufft,2229.958,162.88,joined,False,stream,1,kDirectConstant,ckl_conv,kDirectConstant,,1,False,,,,,,,,pending ncu round,,20948972,0,1,2097152,70.865,,,,0,0,0.0,2.0027e-05,CUBLAS_DEFAULT_MATH,,False,2497.0,True,2500,43,52.4,13030,13030,False,2,1155de478289f4a7d40687f87000848267619032,ok,,
conv,direct_constant,fp32,1048576,1024,0,,0,0.583168,0.000256,0.580736,1000,0.583136,0.5832,5,3682.444,baseline_cufft,2001.665,183.97,joined,True,stream,1,kDirectConstant,ckl_conv,kDirectConstant,,1,False,,,,,,,,pending ncu round,,37719996,0,1,2097152,64.681,,,,0,0,0.0,2.0027e-05,CUBLAS_DEFAULT_MATH,,False,2497.0,True,2500,43,86.4,13030,13030,True,2,1155de478289f4a7d40687f87000848267619032,ok,,
conv,direct_constant,fp32,1048576,1024,0,,0,0.584352,0.002624,0.579744,1000,0.584096,0.584544,5,3674.983,baseline_cufft,2146.603,171.2,joined,False,stream,1,kDirectConstant,ckl_conv,kDirectConstant,,1,False,,,,,,,,pending ncu round,,37719996,0,1,2097152,64.55,,,,0,0,0.0,2.0027e-05,CUBLAS_DEFAULT_MATH,,False,2497.0,True,2500,44,73.3,13030,13030,False,2,1155de478289f4a7d40687f87000848267619032,ok,,
conv,direct_constant,fp32,1048576,2048,0,,0,1.158192,0.002016,1.155648,1000,1.15808,1.158496,5,3708.338,baseline_cufft,2021.387,183.46,joined,True,stream,1,kDirectConstant,ckl_conv,kDirectConstant,,1,False,,,,,,,,pending ncu round,,71311100,0,1,2097152,61.571,,,,0,0,0.0,2.0027e-05,CUBLAS_DEFAULT_MATH,,False,2497.0,True,2500,45,109.0,13030,13030,True,2,1155de478289f4a7d40687f87000848267619032,ok,,
conv,direct_constant,fp32,1048576,2048,0,,0,1.16032,0.007272,1.155008,1000,1.16016,1.161184,5,3701.537,baseline_cufft,2235.064,165.61,joined,False,stream,1,kDirectConstant,ckl_conv,kDirectConstant,,1,False,,,,,,,,pending ncu round,,71311100,0,1,2097152,61.458,,,,0,0,0.0,2.0027e-05,CUBLAS_DEFAULT_MATH,,False,2497.0,True,2500,47,103.7,13030,13030,False,2,1155de478289f4a7d40687f87000848267619032,ok,,
conv,direct_constant,fp32,1048576,4096,0,,0,2.308608,0.000448,2.30592,781,2.308608,2.30864,5,3720.828,baseline_cufft,2017.642,184.41,joined,True,stream,1,kDirectConstant,ckl_conv,kDirectConstant,,1,False,,,,,,,,pending ncu round,,138689532,0,1,2097152,60.075,,,,0,0,1e-09,2.0027e-05,CUBLAS_DEFAULT_MATH,,False,2497.0,True,2500,47,109.4,13030,13030,True,2,1155de478289f4a7d40687f87000848267619032,ok,,
conv,direct_constant,fp32,1048576,4096,0,,0,2.312192,0.01512,2.307008,812,2.312,2.312416,5,3715.061,baseline_cufft,2229.607,166.62,joined,False,stream,1,kDirectConstant,ckl_conv,kDirectConstant,,1,False,,,,,,,,pending ncu round,,138689532,0,1,2097152,59.982,,,,0,0,1e-09,2.0027e-05,CUBLAS_DEFAULT_MATH,,False,2497.0,True,2500,47,104.0,13030,13030,False,2,1155de478289f4a7d40687f87000848267619032,ok,,
conv,direct_constant,fp32,4194304,8,0,,0,0.081408,0.000128,0.069216,1000,0.081408,0.08144,5,824.352,baseline_cufft,1064.215,77.46,joined,True,stream,1,kDirectConstant,ckl_conv,kDirectConstant,,1,False,,,,,,,,pending ncu round,,50268184,0,1,8388608,617.485,,,,0,0,0.0,2.1935e-05,CUBLAS_DEFAULT_MATH,,False,2497.0,True,2500,51,48.2,13030,13030,True,2,1155de478289f4a7d40687f87000848267619032,ok,,
conv,direct_constant,fp32,4194304,8,0,,0,0.05584,0.0016,0.053248,1000,0.055744,0.056192,5,1201.806,baseline_cufft,1068.728,112.45,joined,False,stream,1,kDirectConstant,ckl_conv,kDirectConstant,,1,False,,,,,,,,pending ncu round,,50268184,0,1,8388608,900.218,,,,0,0,0.0,2.1935e-05,CUBLAS_DEFAULT_MATH,,False,2497.0,True,2500,35,35.1,13030,13030,False,2,1155de478289f4a7d40687f87000848267619032,ok,,
conv,direct_constant,fp32,4194304,16,0,,0,0.087552,9.6e-05,0.08144,1000,0.087552,0.087584,5,1533.006,baseline_cufft,1066.655,143.72,joined,True,stream,1,kDirectConstant,ckl_conv,kDirectConstant,,1,False,,,,,,,,pending ncu round,,50268216,0,1,8388608,574.153,,,,0,0,0.0,2.1935e-05,CUBLAS_DEFAULT_MATH,,False,2497.0,True,2500,40,51.5,13030,13030,True,2,1155de478289f4a7d40687f87000848267619032,ok,,
conv,direct_constant,fp32,4194304,16,0,,0,0.06608,0.00128,0.06304,1000,0.065472,0.066336,5,2031.14,baseline_cufft,1068.313,190.13,joined,False,stream,1,kDirectConstant,ckl_conv,kDirectConstant,,1,False,,,,,,,,pending ncu round,,50268216,0,1,8388608,760.718,,,,0,0,0.0,2.1935e-05,CUBLAS_DEFAULT_MATH,,False,2497.0,True,2500,49,35.8,13030,13030,False,2,1155de478289f4a7d40687f87000848267619032,ok,,
conv,direct_constant,fp32,4194304,32,0,,0,0.104,0.002016,0.102464,1000,0.104,0.104,5,2581.11,baseline_cufft,1066.177,242.09,joined,True,stream,1,kDirectConstant,ckl_conv,kDirectConstant,,1,False,,,,,,,,pending ncu round,,50268280,0,1,8388608,483.349,,,,0,0,0.0,2.1935e-05,CUBLAS_DEFAULT_MATH,,False,2497.0,True,2500,46,49.0,13030,13030,True,2,1155de478289f4a7d40687f87000848267619032,ok,,
conv,direct_constant,fp32,4194304,32,0,,0,0.094784,0.001504,0.092448,1000,0.094592,0.095136,5,2832.076,baseline_cufft,1070.031,264.67,joined,False,stream,1,kDirectConstant,ckl_conv,kDirectConstant,,1,False,,,,,,,,pending ncu round,,50268280,0,1,8388608,530.346,,,,0,0,0.0,2.1935e-05,CUBLAS_DEFAULT_MATH,,False,2497.0,True,2500,47,37.2,13030,13030,False,2,1155de478289f4a7d40687f87000848267619032,ok,,
conv,direct_constant,fp32,4194304,64,0,,0,0.161312,0.000264,0.160512,1000,0.161312,0.161312,5,3328.152,baseline_cufft,1065.204,312.44,joined,True,stream,1,kDirectConstant,ckl_conv,kDirectConstant,,1,False,,,,,,,,pending ncu round,,50268408,0,1,8388608,311.622,,,,0,0,0.0,2.1935e-05,CUBLAS_DEFAULT_MATH,,False,2497.0,True,2500,37,56.6,13030,13030,True,2,1155de478289f4a7d40687f87000848267619032,ok,,
conv,direct_constant,fp32,4194304,64,0,,0,0.162656,0.002016,0.159744,1000,0.162496,0.162848,5,3300.652,baseline_cufft,1067.373,309.23,joined,False,stream,1,kDirectConstant,ckl_conv,kDirectConstant,,1,False,,,,,,,,pending ncu round,,50268408,0,1,8388608,309.047,,,,0,0,0.0,2.1935e-05,CUBLAS_DEFAULT_MATH,,False,2497.0,True,2500,46,44.4,13030,13030,False,2,1155de478289f4a7d40687f87000848267619032,ok,,
conv,direct_constant,fp32,4194304,128,0,,0,0.300608,0.001952,0.299808,1000,0.300608,0.300608,5,3571.9,baseline_cufft,1065.314,335.29,joined,True,stream,1,kDirectConstant,ckl_conv,kDirectConstant,,1,False,,,,,,,,pending ncu round,,50268664,0,1,8388608,167.223,,,,0,0,0.0,2.1935e-05,CUBLAS_DEFAULT_MATH,,False,2497.0,True,2500,44,72.0,13030,13030,True,2,1155de478289f4a7d40687f87000848267619032,ok,,
conv,direct_constant,fp32,4194304,128,0,,0,0.302624,0.001992,0.299424,1000,0.3024,0.302944,5,3548.105,baseline_cufft,1069.92,331.62,joined,False,stream,1,kDirectConstant,ckl_conv,kDirectConstant,,1,False,,,,,,,,pending ncu round,,50268664,0,1,8388608,166.109,,,,0,0,0.0,2.1935e-05,CUBLAS_DEFAULT_MATH,,False,2497.0,True,2500,42,52.5,13030,13030,False,2,1155de478289f4a7d40687f87000848267619032,ok,,
conv,direct_constant,fp32,4194304,256,0,,0,0.58112,9.6e-05,0.579904,1000,0.58112,0.581152,5,3695.422,baseline_cufft,1067.925,346.04,joined,True,stream,1,kDirectConstant,ckl_conv,kDirectConstant,,1,False,,,,,,,,pending ncu round,,50269176,0,1,8388608,86.504,,,,0,0,0.0,2.1935e-05,CUBLAS_DEFAULT_MATH,,False,2497.0,True,2500,45,91.3,13030,13030,True,2,1155de478289f4a7d40687f87000848267619032,ok,,
conv,direct_constant,fp32,4194304,256,0,,0,0.58352,0.00248,0.579552,1000,0.583328,0.583712,5,3680.223,baseline_cufft,1069.31,344.17,joined,False,stream,1,kDirectConstant,ckl_conv,kDirectConstant,,1,False,,,,,,,,pending ncu round,,50269176,0,1,8388608,86.148,,,,0,0,0.0,2.1935e-05,CUBLAS_DEFAULT_MATH,,False,2497.0,True,2500,45,78.2,13030,13030,False,2,1155de478289f4a7d40687f87000848267619032,ok,,
conv,direct_constant,fp32,4194304,512,0,,0,1.152416,0.001984,1.149888,1000,1.152384,1.15248,5,3726.924,baseline_cufft,1062.642,350.72,joined,True,stream,1,kDirectConstant,ckl_conv,kDirectConstant,,1,False,,,,,,,,pending ncu round,,83765228,0,1,8388608,72.687,,,,0,0,0.0,2.1935e-05,CUBLAS_DEFAULT_MATH,,False,2497.0,True,2500,47,114.5,13030,13030,True,2,1155de478289f4a7d40687f87000848267619032,ok,,
conv,direct_constant,fp32,4194304,512,0,,0,1.1544,0.01024,1.149568,1000,1.15408,1.15472,5,3720.519,baseline_cufft,1068.866,348.08,joined,False,stream,1,kDirectConstant,ckl_conv,kDirectConstant,,1,False,,,,,,,,pending ncu round,,83765228,0,1,8388608,72.562,,,,0,0,0.0,2.1935e-05,CUBLAS_DEFAULT_MATH,,False,2497.0,True,2500,46,104.9,13030,13030,False,2,1155de478289f4a7d40687f87000848267619032,ok,,
conv,direct_constant,fp32,4194304,1024,0,,0,2.292288,0.001768,2.290176,784,2.292256,2.292384,5,3747.319,baseline_cufft,1066.094,351.5,joined,True,stream,1,kDirectConstant,ckl_conv,kDirectConstant,,1,False,,,,,,,,pending ncu round,,150769596,0,1,8388608,65.773,,,,0,0,0.0,2.1935e-05,CUBLAS_DEFAULT_MATH,,False,2497.0,True,2500,47,113.3,13030,13030,True,2,1155de478289f4a7d40687f87000848267619032,ok,,
conv,direct_constant,fp32,4194304,1024,0,,0,2.296096,0.010464,2.29072,829,2.295968,2.296688,5,3741.104,baseline_cufft,1071.022,349.3,joined,False,stream,1,kDirectConstant,ckl_conv,kDirectConstant,,1,False,,,,,,,,pending ncu round,,150769596,0,1,8388608,65.663,,,,0,0,0.0,2.1935e-05,CUBLAS_DEFAULT_MATH,,False,2497.0,True,2500,47,107.2,13030,13030,False,2,1155de478289f4a7d40687f87000848267619032,ok,,
conv,direct_constant,fp32,4194304,2048,0,,0,4.80848,0.231344,4.572064,390,4.574752,5.403232,5,3572.827,baseline_cufft,1062.843,336.16,joined,True,stream,1,kDirectConstant,ckl_conv,kDirectConstant,,1,False,,,,,,,,pending ncu round,,284827388,0,1,8388608,59.234,,,,0,0,0.0,2.1935e-05,CUBLAS_DEFAULT_MATH,,False,2497.0,True,2500,48,107.1,13030,13030,True,2,1155de478289f4a7d40687f87000848267619032,ok,,
conv,direct_constant,fp32,4194304,2048,0,,0,4.579904,0.016688,4.571584,415,4.579728,4.579904,5,3751.142,baseline_cufft,1073.056,349.58,joined,False,stream,1,kDirectConstant,ckl_conv,kDirectConstant,,1,False,,,,,,,,pending ncu round,,284827388,0,1,8388608,62.191,,,,0,0,0.0,2.1935e-05,CUBLAS_DEFAULT_MATH,,False,2497.0,True,2500,47,106.6,13030,13030,False,2,1155de478289f4a7d40687f87000848267619032,ok,,
conv,direct_constant,fp32,4194304,4096,0,,0,9.141824,0.002144,9.137728,213,9.14176,9.143776,5,3758.521,baseline_cufft,1065.021,352.91,joined,True,stream,1,kDirectConstant,ckl_conv,kDirectConstant,,1,False,,,,,,,,pending ncu round,,553139196,0,1,8388608,60.506,,,,0,0,0.0,2.1935e-05,CUBLAS_DEFAULT_MATH,,False,2497.0,True,2500,54,108.2,13030,13030,True,2,1155de478289f4a7d40687f87000848267619032,ok,,
conv,direct_constant,fp32,4194304,4096,0,,0,9.147008,0.005,9.14,216,9.145872,9.27176,5,3756.391,baseline_cufft,1068.783,351.46,joined,False,stream,1,kDirectConstant,ckl_conv,kDirectConstant,,1,False,,,,,,,,pending ncu round,,553139196,0,1,8388608,60.472,,,,0,0,0.0,2.1935e-05,CUBLAS_DEFAULT_MATH,,False,2497.0,True,2500,54,106.4,13030,13030,False,2,1155de478289f4a7d40687f87000848267619032,ok,,
conv,direct_shared,fp32,1048576,8,0,,0,0.026112,0.000128,0.021952,1000,0.026112,0.026144,5,642.51,baseline_cufft,2000.251,32.12,joined,True,stream,1,kDirectShared,ckl_conv,kDirectConstant,,1,False,,,,,,,,pending ncu round,,12699704,0,1,2097152,486.355,,,,0,0,0.0,2.0027e-05,CUBLAS_DEFAULT_MATH,,False,2497.0,True,2500,50,43.4,13030,13030,True,2,1155de478289f4a7d40687f87000848267619032,ok,,
conv,direct_shared,fp32,1048576,8,0,,0,0.022528,0.001768,0.019328,1000,0.022336,0.02304,5,744.727,baseline_cufft,2211.149,33.68,joined,False,stream,1,kDirectShared,ckl_conv,kDirectConstant,,1,False,,,,,,,,pending ncu round,,12699704,0,1,2097152,563.73,,,,0,0,0.0,2.0027e-05,CUBLAS_DEFAULT_MATH,,False,2497.0,True,2500,35,30.8,13030,13030,False,2,1155de478289f4a7d40687f87000848267619032,ok,,
conv,direct_shared,fp32,1048576,16,0,,0,0.03024,0.001952,0.028192,1000,0.03024,0.030272,5,1109.604,baseline_cufft,2034.314,54.54,joined,True,stream,1,kDirectShared,ckl_conv,kDirectConstant,,1,False,,,,,,,,pending ncu round,,12830840,0,1,2097152,424.3,,,,0,0,0.0,2.0027e-05,CUBLAS_DEFAULT_MATH,,False,2497.0,True,2500,36,43.2,13030,13030,True,2,1155de478289f4a7d40687f87000848267619032,ok,,
conv,direct_shared,fp32,1048576,16,0,,0,0.026912,0.002016,0.024224,1000,0.02656,0.027232,5,1246.82,baseline_cufft,2229.607,55.92,joined,False,stream,1,kDirectShared,ckl_conv,kDirectConstant,,1,False,,,,,,,,pending ncu round,,12830840,0,1,2097152,476.77,,,,0,0,0.0,2.0027e-05,CUBLAS_DEFAULT_MATH,,False,2497.0,True,2500,40,30.3,13030,13030,False,2,1155de478289f4a7d40687f87000848267619032,ok,,
conv,direct_shared,fp32,1048576,32,0,,0,0.040448,0.000128,0.037792,1000,0.040448,0.040448,5,1659.139,baseline_cufft,1999.968,82.96,joined,True,stream,1,kDirectShared,ckl_conv,kDirectConstant,,1,False,,,,,,,,pending ncu round,,13093112,0,1,2097152,323.702,,,,0,0,0.0,2.0027e-05,CUBLAS_DEFAULT_MATH,,False,2497.0,True,2500,50,43.3,13030,13030,True,2,1155de478289f4a7d40687f87000848267619032,ok,,
conv,direct_shared,fp32,1048576,32,0,,0,0.03872,0.001792,0.035904,1000,0.038464,0.038944,5,1733.183,baseline_cufft,2211.84,78.36,joined,False,stream,1,kDirectShared,ckl_conv,kDirectConstant,,1,False,,,,,,,,pending ncu round,,13093112,0,1,2097152,338.149,,,,0,0,0.0,2.0027e-05,CUBLAS_DEFAULT_MATH,,False,2497.0,True,2500,35,31.0,13030,13030,False,2,1155de478289f4a7d40687f87000848267619032,ok,,
conv,direct_shared,fp32,1048576,64,0,,0,0.063008,9.6e-05,0.062272,1000,0.063008,0.063008,5,2130.17,baseline_cufft,2055.136,103.65,joined,True,stream,1,kDirectShared,ckl_conv,kDirectConstant,,1,False,,,,,,,,pending ncu round,,13617656,0,1,2097152,216.126,,,,0,0,0.0,2.0027e-05,CUBLAS_DEFAULT_MATH,,False,2497.0,True,2500,37,45.8,13030,13030,True,2,1155de478289f4a7d40687f87000848267619032,ok,,
conv,direct_shared,fp32,1048576,64,0,,0,0.06416,0.002016,0.061504,1000,0.064032,0.065088,5,2091.922,baseline_cufft,2219.122,94.27,joined,False,stream,1,kDirectShared,ckl_conv,kDirectConstant,,1,False,,,,,,,,pending ncu round,,13617656,0,1,2097152,212.245,,,,0,0,0.0,2.0027e-05,CUBLAS_DEFAULT_MATH,,False,2497.0,True,2500,37,31.1,13030,13030,False,2,1155de478289f4a7d40687f87000848267619032,ok,,
conv,direct_shared,fp32,1048576,128,0,,0,0.116256,9.6e-05,0.115296,1000,0.116256,0.116256,5,2309.003,baseline_cufft,2055.434,112.34,joined,True,stream,1,kDirectShared,ckl_conv,kDirectConstant,,1,False,,,,,,,,pending ncu round,,14666744,0,1,2097152,126.159,,,,0,0,0.0,2.0027e-05,CUBLAS_DEFAULT_MATH,,False,2497.0,True,2500,34,49.9,13030,13030,True,2,1155de478289f4a7d40687f87000848267619032,ok,,
conv,direct_shared,fp32,1048576,128,0,,0,0.117344,0.001792,0.114624,1000,0.117184,0.117696,5,2287.594,baseline_cufft,2230.837,102.54,joined,False,stream,1,kDirectShared,ckl_conv,kDirectConstant,,1,False,,,,,,,,pending ncu round,,14666744,0,1,2097152,124.989,,,,0,0,0.0,2.0027e-05,CUBLAS_DEFAULT_MATH,,False,2497.0,True,2500,35,35.5,13030,13030,False,2,1155de478289f4a7d40687f87000848267619032,ok,,
conv,direct_shared,fp32,1048576,256,0,,0,0.222752,0.000128,0.221056,1000,0.222752,0.222752,5,2410.173,baseline_cufft,2000.251,120.49,joined,True,stream,1,kDirectShared,ckl_conv,kDirectConstant,,1,False,,,,,,,,pending ncu round,,16764920,0,1,2097152,75.263,,,,0,0,0.0,2.0027e-05,CUBLAS_DEFAULT_MATH,,False,2497.0,True,2500,41,53.7,13030,13030,True,2,1155de478289f4a7d40687f87000848267619032,ok,,
conv,direct_shared,fp32,1048576,256,0,,0,0.22416,0.002248,0.220832,1000,0.223744,0.224256,5,2395.034,baseline_cufft,2219.469,107.91,joined,False,stream,1,kDirectShared,ckl_conv,kDirectConstant,,1,False,,,,,,,,pending ncu round,,16764920,0,1,2097152,74.79,,,,0,0,0.0,2.0027e-05,CUBLAS_DEFAULT_MATH,,False,2497.0,True,2500,42,40.6,13030,13030,False,2,1155de478289f4a7d40687f87000848267619032,ok,,
conv,direct_shared,fp32,1048576,512,0,,0,0.437792,9.6e-05,0.436512,1000,0.437792,0.437792,5,2452.63,baseline_cufft,2036.216,120.45,joined,True,stream,1,kDirectShared,ckl_conv,kDirectConstant,,1,False,,,,,,,,pending ncu round,,29341676,0,1,2097152,67.022,,,,0,0,0.0,2.0027e-05,CUBLAS_DEFAULT_MATH,,False,2497.0,True,2500,40,66.6,13030,13030,True,2,1155de478289f4a7d40687f87000848267619032,ok,,
conv,direct_shared,fp32,1048576,512,0,,0,0.439616,0.00224,0.436064,1000,0.43936,0.440016,5,2442.454,baseline_cufft,2229.958,109.53,joined,False,stream,1,kDirectShared,ckl_conv,kDirectConstant,,1,False,,,,,,,,pending ncu round,,29341676,0,1,2097152,66.744,,,,0,0,0.0,2.0027e-05,CUBLAS_DEFAULT_MATH,,False,2497.0,True,2500,45,51.2,13030,13030,False,2,1155de478289f4a7d40687f87000848267619032,ok,,
conv,direct_shared,fp32,1048576,1024,0,,0,0.867872,0.000128,0.865792,1000,0.86784,0.867872,5,2474.424,baseline_cufft,2001.665,123.62,joined,True,stream,1,kDirectShared,ckl_conv,kDirectConstant,,1,False,,,,,,,,pending ncu round,,54513596,0,1,2097152,62.813,,,,0,0,0.0,2.0027e-05,CUBLAS_DEFAULT_MATH,,False,2497.0,True,2500,42,90.1,13030,13030,True,2,1155de478289f4a7d40687f87000848267619032,ok,,
conv,direct_shared,fp32,1048576,1024,0,,0,0.870528,0.009568,0.865728,1000,0.870496,0.87072,5,2466.875,baseline_cufft,2146.603,114.92,joined,False,stream,1,kDirectShared,ckl_conv,kDirectConstant,,1,False,,,,,,,,pending ncu round,,54513596,0,1,2097152,62.621,,,,0,0,0.0,2.0027e-05,CUBLAS_DEFAULT_MATH,,False,2497.0,True,2500,42,78.0,13030,13030,False,2,1155de478289f4a7d40687f87000848267619032,ok,,
conv,direct_shared,fp32,1048576,2048,0,,0,1.728032,0.000128,1.725984,1000,1.728032,1.728032,5,2485.467,baseline_cufft,2021.387,122.96,joined,True,stream,1,kDirectShared,ckl_conv,kDirectConstant,,1,False,,,,,,,,pending ncu round,,104931068,0,1,2097152,60.723,,,,0,0,0.0,2.0027e-05,CUBLAS_DEFAULT_MATH,,False,2497.0,True,2500,43,88.5,13030,13030,True,2,1155de478289f4a7d40687f87000848267619032,ok,,
conv,direct_shared,fp32,1048576,2048,0,,0,1.73152,0.00692,1.726368,1000,1.731296,1.731776,5,2480.461,baseline_cufft,2235.064,110.98,joined,False,stream,1,kDirectShared,ckl_conv,kDirectConstant,,1,False,,,,,,,,pending ncu round,,104931068,0,1,2097152,60.601,,,,0,0,0.0,2.0027e-05,CUBLAS_DEFAULT_MATH,,False,2497.0,True,2500,44,83.1,13030,13030,False,2,1155de478289f4a7d40687f87000848267619032,ok,,
conv,direct_shared,fp32,1048576,4096,0,,0,3.451456,0.001896,3.449312,544,3.451424,3.451456,5,2488.786,baseline_cufft,2017.642,123.35,joined,True,stream,1,kDirectShared,ckl_conv,kDirectConstant,,1,False,,,,,,,,pending ncu round,,206060540,0,1,2097152,59.702,,,,0,0,1e-09,2.0027e-05,CUBLAS_DEFAULT_MATH,,False,2497.0,True,2500,48,84.7,13030,13030,True,2,1155de478289f4a7d40687f87000848267619032,ok,,
conv,direct_shared,fp32,1048576,4096,0,,0,3.454784,0.006944,3.448704,565,3.454464,3.761472,5,2486.388,baseline_cufft,2229.607,111.52,joined,False,stream,1,kDirectShared,ckl_conv,kDirectConstant,,1,False,,,,,,,,pending ncu round,,206060540,0,1,2097152,59.645,,,,0,0,1e-09,2.0027e-05,CUBLAS_DEFAULT_MATH,,False,2497.0,True,2500,44,81.5,13030,13030,False,2,1155de478289f4a7d40687f87000848267619032,ok,,
conv,direct_shared,fp32,1048576,8192,0,,0,6.912512,0.000224,6.90992,278,6.91248,6.912544,5,2485.329,baseline_cufft,2018.217,123.14,joined,True,stream,1,kDirectShared,ckl_conv,kDirectShared,,1,False,,,,,,,,pending ncu round,,409497596,0,1,2097152,59.24,,,,0,0,1e-09,2.0027e-05,CUBLAS_DEFAULT_MATH,,False,2497.0,True,2500,44,83.3,13030,13030,True,2,1155de478289f4a7d40687f87000848267619032,ok,,
conv,direct_shared,fp32,1048576,8192,0,,0,6.916576,0.01492,6.911104,282,6.916256,6.91712,5,2483.869,baseline_cufft,2223.129,111.73,joined,False,stream,1,kDirectShared,ckl_conv,kDirectShared,,1,False,,,,,,,,pending ncu round,,409497596,0,1,2097152,59.205,,,,0,0,1e-09,2.0027e-05,CUBLAS_DEFAULT_MATH,,False,2497.0,True,2500,45,82.4,13030,13030,False,2,1155de478289f4a7d40687f87000848267619032,ok,,
conv,direct_shared,fp32,1048576,16384,0,,0,13.95032,0.186568,13.944288,140,13.948448,13.952288,5,2463.007,baseline_cufft,2000.251,123.13,joined,True,stream,1,kDirectShared,ckl_conv,kFftFused,,1,False,,,,,,,,pending ncu round,,821084156,0,1,2097152,58.858,,,,0,0,2e-09,2.0027e-05,CUBLAS_DEFAULT_MATH,,False,2497.0,True,2500,44,83.0,13030,13030,True,2,1155de478289f4a7d40687f87000848267619032,ok,,
conv,direct_shared,fp32,1048576,16384,0,,0,13.978816,0.503696,13.95504,140,13.973248,13.984336,5,2457.986,baseline_cufft,2226.451,110.4,joined,False,stream,1,kDirectShared,ckl_conv,kFftFused,,1,False,,,,,,,,pending ncu round,,821084156,0,1,2097152,58.738,,,,0,0,2e-09,2.0027e-05,CUBLAS_DEFAULT_MATH,,False,2497.0,True,2500,43,84.2,13030,13030,False,2,1155de478289f4a7d40687f87000848267619032,ok,,
conv,direct_shared,fp32,4194304,8,0,,0,0.087584,0.001984,0.079776,1000,0.087584,0.087584,5,766.223,baseline_cufft,1064.215,72.0,joined,True,stream,1,kDirectShared,ckl_conv,kDirectConstant,,1,False,,,,,,,,pending ncu round,,50792504,0,1,8388608,579.929,,,,0,0,0.0,2.1935e-05,CUBLAS_DEFAULT_MATH,,False,2497.0,True,2500,39,46.5,13030,13030,True,2,1155de478289f4a7d40687f87000848267619032,ok,,
conv,direct_shared,fp32,4194304,8,0,,0,0.068064,0.001472,0.06496,1000,0.067296,0.068096,5,985.967,baseline_cufft,1068.728,92.26,joined,False,stream,1,kDirectShared,ckl_conv,kDirectConstant,,1,False,,,,,,,,pending ncu round,,50792504,0,1,8388608,746.246,,,,0,0,0.0,2.1935e-05,CUBLAS_DEFAULT_MATH,,False,2497.0,True,2500,36,33.3,13030,13030,False,2,1155de478289f4a7d40687f87000848267619032,ok,,
conv,direct_shared,fp32,4194304,16,0,,0,0.101824,0.002016,0.096192,1000,0.101824,0.101856,5,1318.135,baseline_cufft,1066.655,123.58,joined,True,stream,1,kDirectShared,ckl_conv,kDirectConstant,,1,False,,,,,,,,pending ncu round,,51316856,0,1,8388608,503.976,,,,0,0,0.0,2.1935e-05,CUBLAS_DEFAULT_MATH,,False,2497.0,True,2500,40,51.4,13030,13030,True,2,1155de478289f4a7d40687f87000848267619032,ok,,
conv,direct_shared,fp32,4194304,16,0,,0,0.087072,0.001824,0.084448,1000,0.086656,0.0872,5,1541.457,baseline_cufft,1068.313,144.29,joined,False,stream,1,kDirectShared,ckl_conv,kDirectConstant,,1,False,,,,,,,,pending ncu round,,51316856,0,1,8388608,589.361,,,,0,0,0.0,2.1935e-05,CUBLAS_DEFAULT_MATH,,False,2497.0,True,2500,36,36.0,13030,13030,False,2,1155de478289f4a7d40687f87000848267619032,ok,,
conv,direct_shared,fp32,4194304,32,0,,0,0.136704,9.6e-05,0.132512,1000,0.136704,0.136736,5,1963.625,baseline_cufft,1066.177,184.17,joined,True,stream,1,kDirectShared,ckl_conv,kDirectConstant,,1,False,,,,,,,,pending ncu round,,52365560,0,1,8388608,383.058,,,,0,0,0.0,2.1935e-05,CUBLAS_DEFAULT_MATH,,False,2497.0,True,2500,40,53.4,13030,13030,True,2,1155de478289f4a7d40687f87000848267619032,ok,,
conv,direct_shared,fp32,4194304,32,0,,0,0.132288,0.002088,0.129472,1000,0.132096,0.132976,5,2029.175,baseline_cufft,1070.031,189.64,joined,False,stream,1,kDirectShared,ckl_conv,kDirectConstant,,1,False,,,,,,,,pending ncu round,,52365560,0,1,8388608,395.845,,,,0,0,0.0,2.1935e-05,CUBLAS_DEFAULT_MATH,,False,2497.0,True,2500,40,37.4,13030,13030,False,2,1155de478289f4a7d40687f87000848267619032,ok,,
conv,direct_shared,fp32,4194304,64,0,,0,0.235008,0.000128,0.232768,1000,0.235008,0.23504,5,2284.479,baseline_cufft,1065.204,214.46,joined,True,stream,1,kDirectShared,ckl_conv,kDirectConstant,,1,False,,,,,,,,pending ncu round,,54462968,0,1,8388608,231.749,,,,0,0,0.0,2.1935e-05,CUBLAS_DEFAULT_MATH,,False,2497.0,True,2500,41,60.5,13030,13030,True,2,1155de478289f4a7d40687f87000848267619032,ok,,
conv,direct_shared,fp32,4194304,64,0,,0,0.235712,0.001704,0.232288,1000,0.235696,0.235824,5,2277.656,baseline_cufft,1067.373,213.39,joined,False,stream,1,kDirectShared,ckl_conv,kDirectConstant,,1,False,,,,,,,,pending ncu round,,54462968,0,1,8388608,231.057,,,,0,0,0.0,2.1935e-05,CUBLAS_DEFAULT_MATH,,False,2497.0,True,2500,39,43.3,13030,13030,False,2,1155de478289f4a7d40687f87000848267619032,ok,,
conv,direct_shared,fp32,4194304,128,0,,0,0.444032,0.001984,0.443296,1000,0.444,0.445504,5,2418.163,baseline_cufft,1065.314,226.99,joined,True,stream,1,kDirectShared,ckl_conv,kDirectConstant,,1,False,,,,,,,,pending ncu round,,58657784,0,1,8388608,132.103,,,,0,0,0.0,2.1935e-05,CUBLAS_DEFAULT_MATH,,False,2497.0,True,2500,42,72.5,13030,13030,True,2,1155de478289f4a7d40687f87000848267619032,ok,,
conv,direct_shared,fp32,4194304,128,0,,0,0.44688,0.002112,0.443008,1000,0.446768,0.447152,5,2402.752,baseline_cufft,1069.92,224.57,joined,False,stream,1,kDirectShared,ckl_conv,kDirectConstant,,1,False,,,,,,,,pending ncu round,,58657784,0,1,8388608,131.261,,,,0,0,0.0,2.1935e-05,CUBLAS_DEFAULT_MATH,,False,2497.0,True,2500,42,50.9,13030,13030,False,2,1155de478289f4a7d40687f87000848267619032,ok,,
conv,direct_shared,fp32,4194304,256,0,,0,0.871616,0.002016,0.86912,1000,0.87136,0.87168,5,2463.796,baseline_cufft,1067.925,230.71,joined,True,stream,1,kDirectShared,ckl_conv,kDirectConstant,,1,False,,,,,,,,pending ncu round,,67047416,0,1,8388608,76.923,,,,0,0,0.0,2.1935e-05,CUBLAS_DEFAULT_MATH,,False,2497.0,True,2500,42,94.9,13030,13030,True,2,1155de478289f4a7d40687f87000848267619032,ok,,
conv,direct_shared,fp32,4194304,256,0,,0,0.873744,0.003392,0.868928,1000,0.8736,0.873856,5,2457.795,baseline_cufft,1069.31,229.85,joined,False,stream,1,kDirectShared,ckl_conv,kDirectConstant,,1,False,,,,,,,,pending ncu round,,67047416,0,1,8388608,76.736,,,,0,0,0.0,2.1935e-05,CUBLAS_DEFAULT_MATH,,False,2497.0,True,2500,43,79.7,13030,13030,False,2,1155de478289f4a7d40687f87000848267619032,ok,,
conv,direct_shared,fp32,4194304,512,0,,0,1.723904,0.000224,1.721248,1000,1.723888,1.723904,5,2491.419,baseline_cufft,1062.642,234.46,joined,True,stream,1,kDirectShared,ckl_conv,kDirectConstant,,1,False,,,,,,,,pending ncu round,,117323756,0,1,8388608,68.057,,,,0,0,0.0,2.1935e-05,CUBLAS_DEFAULT_MATH,,False,2497.0,True,2500,46,88.9,13030,13030,True,2,1155de478289f4a7d40687f87000848267619032,ok,,
conv,direct_shared,fp32,4194304,512,0,,0,1.727072,0.003808,1.722304,1000,1.72704,1.727264,5,2486.849,baseline_cufft,1068.866,232.66,joined,False,stream,1,kDirectShared,ckl_conv,kDirectConstant,,1,False,,,,,,,,pending ncu round,,117323756,0,1,8388608,67.932,,,,0,0,0.0,2.1935e-05,CUBLAS_DEFAULT_MATH,,False,2497.0,True,2500,54,83.2,13030,13030,False,2,1155de478289f4a7d40687f87000848267619032,ok,,
conv,direct_shared,fp32,4194304,1024,0,,0,3.430912,0.0008,3.427904,539,3.43088,3.430912,5,2503.688,baseline_cufft,1066.094,234.85,joined,True,stream,1,kDirectShared,ckl_conv,kDirectConstant,,1,False,,,,,,,,pending ncu round,,217894844,0,1,8388608,63.509,,,,0,0,0.0,2.1935e-05,CUBLAS_DEFAULT_MATH,,False,2497.0,True,2500,44,90.9,13030,13030,True,2,1155de478289f4a7d40687f87000848267619032,ok,,
conv,direct_shared,fp32,4194304,1024,0,,0,3.433424,0.01268,3.42784,550,3.432896,3.43376,5,2501.857,baseline_cufft,1071.022,233.6,joined,False,stream,1,kDirectShared,ckl_conv,kDirectConstant,,1,False,,,,,,,,pending ncu round,,217894844,0,1,8388608,63.463,,,,0,0,0.0,2.1935e-05,CUBLAS_DEFAULT_MATH,,False,2497.0,True,2500,44,84.8,13030,13030,False,2,1155de478289f4a7d40687f87000848267619032,ok,,
conv,direct_shared,fp32,4194304,2048,0,,0,6.849024,0.003568,6.846336,278,6.848912,6.849056,5,2508.368,baseline_cufft,1062.843,236.01,joined,True,stream,1,kDirectShared,ckl_conv,kDirectConstant,,1,False,,,,,,,,pending ncu round,,419110652,0,1,8388608,61.193,,,,0,0,0.0,2.1935e-05,CUBLAS_DEFAULT_MATH,,False,2497.0,True,2500,43,88.0,13030,13030,True,2,1155de478289f4a7d40687f87000848267619032,ok,,
conv,direct_shared,fp32,4194304,2048,0,,0,6.854528,0.02312,6.84656,283,6.854368,6.85904,5,2506.353,baseline_cufft,1073.056,233.57,joined,False,stream,1,kDirectShared,ckl_conv,kDirectConstant,,1,False,,,,,,,,pending ncu round,,419110652,0,1,8388608,61.144,,,,0,0,0.0,2.1935e-05,CUBLAS_DEFAULT_MATH,,False,2497.0,True,2500,43,85.4,13030,13030,False,2,1155de478289f4a7d40687f87000848267619032,ok,,
conv,direct_shared,fp32,4194304,4096,0,,0,13.81616,0.622008,13.701792,140,13.70696,13.974128,5,2486.924,baseline_cufft,1065.021,233.51,joined,True,stream,1,kDirectShared,ckl_conv,kDirectConstant,,1,False,,,,,,,,pending ncu round,,821836796,0,1,8388608,59.484,,,,0,0,0.0,2.1935e-05,CUBLAS_DEFAULT_MATH,,False,2497.0,True,2500,43,86.2,13030,13030,True,2,1155de478289f4a7d40687f87000848267619032,ok,,
conv,direct_shared,fp32,4194304,4096,0,,0,13.725152,0.599288,13.703808,142,13.712,13.729504,5,2503.414,baseline_cufft,1068.783,234.23,joined,False,stream,1,kDirectShared,ckl_conv,kDirectConstant,,1,False,,,,,,,,pending ncu round,,821836796,0,1,8388608,59.878,,,,0,0,0.0,2.1935e-05,CUBLAS_DEFAULT_MATH,,False,2497.0,True,2500,44,85.2,13030,13030,False,2,1155de478289f4a7d40687f87000848267619032,ok,,
conv,direct_shared,fp32,4194304,8192,0,,0,28.205696,1.166513,27.412544,71,28.050079,28.312223,5,2436.369,baseline_cufft,1065.718,228.61,joined,True,stream,1,kDirectShared,ckl_conv,kDirectShared,,1,False,,,,,,,,pending ncu round,,1628467196,0,1,8388608,57.735,,,,0,0,0.0,2.1935e-05,CUBLAS_DEFAULT_MATH,,False,2497.0,True,2500,44,85.9,13030,13030,True,2,1155de478289f4a7d40687f87000848267619032,ok,,
conv,direct_shared,fp32,4194304,8192,0,,0,28.261345,0.932496,27.401953,71,28.0984,28.405249,5,2431.571,baseline_cufft,1067.142,227.86,joined,False,stream,1,kDirectShared,ckl_conv,kDirectShared,,1,False,,,,,,,,pending ncu round,,1628467196,0,1,8388608,57.622,,,,0,0,0.0,2.1935e-05,CUBLAS_DEFAULT_MATH,,False,2497.0,True,2500,43,85.4,13030,13030,False,2,1155de478289f4a7d40687f87000848267619032,ok,,
conv,direct_shared,fp32,4194304,16384,0,,0,56.409534,0.792647,54.94957,36,56.379265,56.679216,5,2436.449,baseline_cufft,1067.465,228.25,joined,True,stream,1,kDirectShared,ckl_conv,kFftFused,,1,False,,,,,,,,pending ncu round,,3246440444,0,1,8388608,57.551,,,,0,0,1e-09,2.1935e-05,CUBLAS_DEFAULT_MATH,,False,2497.0,True,2500,50,87.7,13030,13030,True,2,1155de478289f4a7d40687f87000848267619032,ok,,
conv,direct_shared,fp32,4194304,16384,0,,0,58.364159,0.323776,54.925247,35,57.993919,58.427807,5,2354.852,baseline_cufft,1068.285,220.43,joined,False,stream,1,kDirectShared,ckl_conv,kFftFused,,1,False,,,,,,,,pending ncu round,,3246440444,0,1,8388608,55.624,,,,0,0,1e-09,2.1935e-05,CUBLAS_DEFAULT_MATH,,False,2497.0,True,2500,50,83.7,13030,13030,False,2,1155de478289f4a7d40687f87000848267619032,ok,,
conv,fft_fused,fp32,1048576,8,0,,0,0.468064,0.005488,0.452224,1000,0.465856,0.469888,5,967.784,baseline_cufft,2000.251,48.38,joined,True,stream,1,kFftFused,ckl_conv,kDirectConstant,,1,False,,,,,,,,pending ncu round,,385876052,10,1,2097152,824.409,,,,0,0,0.0,2.0027e-05,CUBLAS_DEFAULT_MATH,,False,2497.0,True,2500,51,98.2,13030,13030,True,2,1155de478289f4a7d40687f87000848267619032,ok,,
conv,fft_fused,fp32,1048576,8,0,,0,0.444,0.00992,0.433344,1000,0.443744,0.447152,5,1020.236,baseline_cufft,2211.149,46.14,joined,False,stream,1,kFftFused,ckl_conv,kDirectConstant,,1,False,,,,,,,,pending ncu round,,385876052,10,1,2097152,869.09,,,,0,0,0.0,2.0027e-05,CUBLAS_DEFAULT_MATH,,False,2497.0,True,2500,44,82.5,13030,13030,False,2,1155de478289f4a7d40687f87000848267619032,ok,,
conv,fft_fused,fp32,1048576,16,0,,0,0.470016,0.003048,0.45456,1000,0.469984,0.470048,5,963.765,baseline_cufft,2034.314,47.38,joined,True,stream,1,kFftFused,ckl_conv,kDirectConstant,,1,False,,,,,,,,pending ncu round,,385876148,10,1,2097152,820.985,,,,0,0,0.0,2.0027e-05,CUBLAS_DEFAULT_MATH,,False,2497.0,True,2500,42,96.0,13030,13030,True,2,1155de478289f4a7d40687f87000848267619032,ok,,
conv,fft_fused,fp32,1048576,16,0,,0,0.441552,0.006168,0.431584,1000,0.441248,0.442016,5,1025.892,baseline_cufft,2229.607,46.01,joined,False,stream,1,kFftFused,ckl_conv,kDirectConstant,,1,False,,,,,,,,pending ncu round,,385876148,10,1,2097152,873.909,,,,0,0,0.0,2.0027e-05,CUBLAS_DEFAULT_MATH,,False,2497.0,True,2500,49,83.9,13030,13030,False,2,1155de478289f4a7d40687f87000848267619032,ok,,
conv,fft_fused,fp32,1048576,32,0,,0,0.47144,0.003792,0.455456,1000,0.47016,0.471616,5,960.854,baseline_cufft,1999.968,48.04,joined,True,stream,1,kFftFused,ckl_conv,kDirectConstant,,1,False,,,,,,,,pending ncu round,,385876340,10,1,2097152,818.506,,,,0,0,0.0,2.0027e-05,CUBLAS_DEFAULT_MATH,,False,2497.0,True,2500,44,87.0,13030,13030,True,2,1155de478289f4a7d40687f87000848267619032,ok,,
conv,fft_fused,fp32,1048576,32,0,,0,0.444,0.006816,0.432576,1000,0.443472,0.444528,5,1020.236,baseline_cufft,2211.84,46.13,joined,False,stream,1,kFftFused,ckl_conv,kDirectConstant,,1,False,,,,,,,,pending ncu round,,385876340,10,1,2097152,869.091,,,,0,0,0.0,2.0027e-05,CUBLAS_DEFAULT_MATH,,False,2497.0,True,2500,45,83.0,13030,13030,False,2,1155de478289f4a7d40687f87000848267619032,ok,,
conv,fft_fused,fp32,1048576,64,0,,0,0.47392,0.004008,0.456576,1000,0.473856,0.473952,5,955.826,baseline_cufft,2055.136,46.51,joined,True,stream,1,kFftFused,ckl_conv,kDirectConstant,,1,False,,,,,,,,pending ncu round,,385876724,10,1,2097152,814.223,,,,0,0,0.0,2.0027e-05,CUBLAS_DEFAULT_MATH,,False,2497.0,True,2500,55,98.0,13030,13030,True,2,1155de478289f4a7d40687f87000848267619032,ok,,
conv,fft_fused,fp32,1048576,64,0,,0,0.44096,0.00768,0.430784,1000,0.440704,0.441824,5,1027.27,baseline_cufft,2219.122,46.29,joined,False,stream,1,kFftFused,ckl_conv,kDirectConstant,,1,False,,,,,,,,pending ncu round,,385876724,10,1,2097152,875.083,,,,0,0,0.0,2.0027e-05,CUBLAS_DEFAULT_MATH,,False,2497.0,True,2500,43,84.7,13030,13030,False,2,1155de478289f4a7d40687f87000848267619032,ok,,
conv,fft_fused,fp32,1048576,128,0,,0,0.469888,0.00416,0.450144,1000,0.469856,0.46992,5,964.027,baseline_cufft,2055.434,46.9,joined,True,stream,1,kFftFused,ckl_conv,kDirectConstant,,1,False,,,,,,,,pending ncu round,,385877492,10,1,2097152,821.212,,,,0,0,0.0,2.0027e-05,CUBLAS_DEFAULT_MATH,,False,2497.0,True,2500,41,98.2,13030,13030,True,2,1155de478289f4a7d40687f87000848267619032,ok,,
conv,fft_fused,fp32,1048576,128,0,,0,0.443456,0.005256,0.432992,1000,0.443376,0.443888,5,1021.488,baseline_cufft,2230.837,45.79,joined,False,stream,1,kFftFused,ckl_conv,kDirectConstant,,1,False,,,,,,,,pending ncu round,,385877492,10,1,2097152,870.16,,,,0,0,0.0,2.0027e-05,CUBLAS_DEFAULT_MATH,,False,2497.0,True,2500,44,88.3,13030,13030,False,2,1155de478289f4a7d40687f87000848267619032,ok,,
conv,fft_fused,fp32,1048576,256,0,,0,0.469952,0.00416,0.450112,1000,0.469888,0.47,5,963.896,baseline_cufft,2000.251,48.19,joined,True,stream,1,kFftFused,ckl_conv,kDirectConstant,,1,False,,,,,,,,pending ncu round,,385879028,10,1,2097152,821.103,,,,0,0,0.0,2.0027e-05,CUBLAS_DEFAULT_MATH,,False,2497.0,True,2500,43,99.0,13030,13030,True,2,1155de478289f4a7d40687f87000848267619032,ok,,
conv,fft_fused,fp32,1048576,256,0,,0,0.444128,0.00652,0.433152,1000,0.443184,0.444496,5,1019.942,baseline_cufft,2219.469,45.95,joined,False,stream,1,kFftFused,ckl_conv,kDirectConstant,,1,False,,,,,,,,pending ncu round,,385879028,10,1,2097152,868.846,,,,0,0,0.0,2.0027e-05,CUBLAS_DEFAULT_MATH,,False,2497.0,True,2500,35,88.5,13030,13030,False,2,1155de478289f4a7d40687f87000848267619032,ok,,
conv,fft_fused,fp32,1048576,512,0,,0,0.469952,0.004064,0.458528,1000,0.46992,0.469968,5,963.896,baseline_cufft,2036.216,47.34,joined,True,stream,1,kFftFused,ckl_conv,kDirectConstant,,1,False,,,,,,,,pending ncu round,,385882100,10,1,2097152,821.11,,,,0,0,0.0,2.0027e-05,CUBLAS_DEFAULT_MATH,,False,2497.0,True,2500,40,90.0,13030,13030,True,2,1155de478289f4a7d40687f87000848267619032,ok,,
conv,fft_fused,fp32,1048576,512,0,,0,0.444224,0.005128,0.432416,1000,0.443808,0.444352,5,1019.722,baseline_cufft,2229.958,45.73,joined,False,stream,1,kFftFused,ckl_conv,kDirectConstant,,1,False,,,,,,,,pending ncu round,,385882100,10,1,2097152,868.666,,,,0,0,0.0,2.0027e-05,CUBLAS_DEFAULT_MATH,,False,2497.0,True,2500,43,86.2,13030,13030,False,2,1155de478289f4a7d40687f87000848267619032,ok,,
conv,fft_fused,fp32,1048576,1024,0,,0,0.468064,0.004016,0.450112,1000,0.468,0.468832,5,967.784,baseline_cufft,2001.665,48.35,joined,True,stream,1,kFftFused,ckl_conv,kDirectConstant,,1,False,,,,,,,,pending ncu round,,385888244,10,1,2097152,824.435,,,,0,0,0.0,2.0027e-05,CUBLAS_DEFAULT_MATH,,False,2497.0,True,2500,56,101.6,13030,13030,True,2,1155de478289f4a7d40687f87000848267619032,ok,,
conv,fft_fused,fp32,1048576,1024,0,,0,0.443808,0.007424,0.43056,1000,0.4432,0.444128,5,1020.678,baseline_cufft,2146.603,47.55,joined,False,stream,1,kFftFused,ckl_conv,kDirectConstant,,1,False,,,,,,,,pending ncu round,,385888244,10,1,2097152,869.494,,,,0,0,0.0,2.0027e-05,CUBLAS_DEFAULT_MATH,,False,2497.0,True,2500,46,84.1,13030,13030,False,2,1155de478289f4a7d40687f87000848267619032,ok,,
conv,fft_fused,fp32,1048576,2048,0,,0,0.469856,0.004064,0.449152,1000,0.467904,0.469888,5,964.093,baseline_cufft,2021.387,47.69,joined,True,stream,1,kFftFused,ckl_conv,kDirectConstant,,1,False,,,,,,,,pending ncu round,,385900532,10,1,2097152,821.317,,,,0,0,0.0,2.0027e-05,CUBLAS_DEFAULT_MATH,,False,2497.0,True,2500,52,98.6,13030,13030,True,2,1155de478289f4a7d40687f87000848267619032,ok,,
conv,fft_fused,fp32,1048576,2048,0,,0,0.446448,0.012008,0.433184,1000,0.444928,0.450416,5,1014.642,baseline_cufft,2235.064,45.4,joined,False,stream,1,kFftFused,ckl_conv,kDirectConstant,,1,False,,,,,,,,pending ncu round,,385900532,10,1,2097152,864.38,,,,0,0,0.0,2.0027e-05,CUBLAS_DEFAULT_MATH,,False,2497.0,True,2500,44,77.5,13030,13030,False,2,1155de478289f4a7d40687f87000848267619032,ok,,
conv,fft_fused,fp32,1048576,4096,0,,0,0.465632,0.004192,0.4432,1000,0.464704,0.465728,5,972.839,baseline_cufft,2017.642,48.22,joined,True,stream,1,kFftFused,ckl_conv,kDirectConstant,,1,False,,,,,,,,pending ncu round,,385925108,10,1,2097152,828.82,,,,0,0,0.0,2.0027e-05,CUBLAS_DEFAULT_MATH,,False,2497.0,True,2500,44,90.2,13030,13030,True,2,1155de478289f4a7d40687f87000848267619032,ok,,
conv,fft_fused,fp32,1048576,4096,0,,0,0.444576,0.005984,0.435776,1000,0.444464,0.445056,5,1018.914,baseline_cufft,2229.607,45.7,joined,False,stream,1,kFftFused,ckl_conv,kDirectConstant,,1,False,,,,,,,,pending ncu round,,385925108,10,1,2097152,868.075,,,,0,0,0.0,2.0027e-05,CUBLAS_DEFAULT_MATH,,False,2497.0,True,2500,44,86.0,13030,13030,False,2,1155de478289f4a7d40687f87000848267619032,ok,,
conv,fft_fused,fp32,1048576,8192,0,,0,0.46992,0.004096,0.446656,1000,0.469888,0.469952,5,963.962,baseline_cufft,2018.217,47.76,joined,True,stream,1,kFftFused,ckl_conv,kDirectShared,,1,False,,,,,,,,pending ncu round,,385974260,10,1,2097152,821.362,,,,0,0,0.0,2.0027e-05,CUBLAS_DEFAULT_MATH,,False,2497.0,True,2500,39,96.6,13030,13030,True,2,1155de478289f4a7d40687f87000848267619032,ok,,
conv,fft_fused,fp32,1048576,8192,0,,0,0.446416,0.005128,0.437408,1000,0.445152,0.447056,5,1014.715,baseline_cufft,2223.129,45.64,joined,False,stream,1,kFftFused,ckl_conv,kDirectShared,,1,False,,,,,,,,pending ncu round,,385974260,10,1,2097152,864.607,,,,0,0,0.0,2.0027e-05,CUBLAS_DEFAULT_MATH,,False,2497.0,True,2500,53,75.5,13030,13030,False,2,1155de478289f4a7d40687f87000848267619032,ok,,
conv,fft_fused,fp32,1048576,16384,0,,0,0.471808,0.004256,0.456352,1000,0.470224,0.472832,5,960.104,baseline_cufft,2000.251,48.0,joined,True,stream,1,kFftFused,ckl_conv,kFftFused,,1,False,,,,,,,,pending ncu round,,386072564,10,1,2097152,818.283,,,,0,0,0.0,2.0027e-05,CUBLAS_DEFAULT_MATH,,False,2497.0,True,2500,43,97.0,13030,13030,True,2,1155de478289f4a7d40687f87000848267619032,ok,,
conv,fft_fused,fp32,1048576,16384,0,,0,0.442896,0.00824,0.43184,1000,0.442592,0.442976,5,1022.779,baseline_cufft,2226.451,45.94,joined,False,stream,1,kFftFused,ckl_conv,kFftFused,,1,False,,,,,,,,pending ncu round,,386072564,10,1,2097152,871.7,,,,0,0,0.0,2.0027e-05,CUBLAS_DEFAULT_MATH,,False,2497.0,True,2500,44,84.9,13030,13030,False,2,1155de478289f4a7d40687f87000848267619032,ok,,
conv,fft_fused,fp32,4194304,8,0,,0,3.733376,0.028224,3.704928,494,3.731936,3.735456,5,530.274,baseline_cufft,1064.215,49.83,joined,True,stream,1,kFftFused,ckl_conv,kDirectConstant,,1,False,,,,,,,,pending ncu round,,1543503956,10,1,8388608,413.434,,,,0,0,0.0,2.1935e-05,CUBLAS_DEFAULT_MATH,,False,2490.0,True,2500,43,114.3,13030,13030,True,2,1155de478289f4a7d40687f87000848267619032,ok,,
conv,fft_fused,fp32,4194304,8,0,,0,3.72,0.02532,3.684992,520,3.71928,3.722976,5,532.181,baseline_cufft,1068.728,49.8,joined,False,stream,1,kFftFused,ckl_conv,kDirectConstant,,1,False,,,,,,,,pending ncu round,,1543503956,10,1,8388608,414.92,,,,0,0,0.0,2.1935e-05,CUBLAS_DEFAULT_MATH,,False,2490.0,True,2500,43,115.7,13030,13030,False,2,1155de478289f4a7d40687f87000848267619032,ok,,
conv,fft_fused,fp32,4194304,16,0,,0,3.733504,0.024384,3.702944,485,3.731376,3.733632,5,530.256,baseline_cufft,1066.655,49.71,joined,True,stream,1,kFftFused,ckl_conv,kDirectConstant,,1,False,,,,,,,,pending ncu round,,1543504052,10,1,8388608,413.42,,,,0,0,0.0,2.1935e-05,CUBLAS_DEFAULT_MATH,,False,2490.0,True,2500,43,114.3,13030,13030,True,2,1155de478289f4a7d40687f87000848267619032,ok,,
conv,fft_fused,fp32,4194304,16,0,,0,3.704752,0.02492,3.668768,512,3.703456,3.70496,5,534.371,baseline_cufft,1068.313,50.02,joined,False,stream,1,kFftFused,ckl_conv,kDirectConstant,,1,False,,,,,,,,pending ncu round,,1543504052,10,1,8388608,416.628,,,,0,0,0.0,2.1935e-05,CUBLAS_DEFAULT_MATH,,False,2490.0,True,2500,44,115.3,13030,13030,False,2,1155de478289f4a7d40687f87000848267619032,ok,,
conv,fft_fused,fp32,4194304,32,0,,0,3.722992,0.026592,3.700608,496,3.716896,3.727504,5,531.753,baseline_cufft,1066.177,49.87,joined,True,stream,1,kFftFused,ckl_conv,kDirectConstant,,1,False,,,,,,,,pending ncu round,,1543504244,10,1,8388608,414.587,,,,0,0,0.0,2.1935e-05,CUBLAS_DEFAULT_MATH,,False,2490.0,True,2500,53,115.9,13030,13030,True,2,1155de478289f4a7d40687f87000848267619032,ok,,
conv,fft_fused,fp32,4194304,32,0,,0,3.706944,0.0208,3.674144,531,3.70624,3.708032,5,534.055,baseline_cufft,1070.031,49.91,joined,False,stream,1,kFftFused,ckl_conv,kDirectConstant,,1,False,,,,,,,,pending ncu round,,1543504244,10,1,8388608,416.382,,,,0,0,0.0,2.1935e-05,CUBLAS_DEFAULT_MATH,,False,2490.0,True,2500,50,115.6,13030,13030,False,2,1155de478289f4a7d40687f87000848267619032,ok,,
conv,fft_fused,fp32,4194304,64,0,,0,3.71872,0.024672,3.692288,499,3.718592,3.718912,5,532.364,baseline_cufft,1065.204,49.98,joined,True,stream,1,kFftFused,ckl_conv,kDirectConstant,,1,False,,,,,,,,pending ncu round,,1543504628,10,1,8388608,415.063,,,,0,0,0.0,2.1935e-05,CUBLAS_DEFAULT_MATH,,False,2490.0,True,2500,44,115.4,13030,13030,True,2,1155de478289f4a7d40687f87000848267619032,ok,,
conv,fft_fused,fp32,4194304,64,0,,0,3.712352,0.020816,3.674688,524,3.697632,3.714976,5,533.277,baseline_cufft,1067.373,49.96,joined,False,stream,1,kFftFused,ckl_conv,kDirectConstant,,1,False,,,,,,,,pending ncu round,,1543504628,10,1,8388608,415.775,,,,0,0,0.0,2.1935e-05,CUBLAS_DEFAULT_MATH,,False,2490.0,True,2500,51,115.2,13030,13030,False,2,1155de478289f4a7d40687f87000848267619032,ok,,
conv,fft_fused,fp32,4194304,128,0,,0,3.731488,0.024448,3.704896,493,3.729536,3.731552,5,530.542,baseline_cufft,1065.314,49.8,joined,True,stream,1,kFftFused,ckl_conv,kDirectConstant,,1,False,,,,,,,,pending ncu round,,1543505396,10,1,8388608,413.643,,,,0,0,0.0,2.1935e-05,CUBLAS_DEFAULT_MATH,,False,2490.0,True,2500,43,114.7,13030,13030,True,2,1155de478289f4a7d40687f87000848267619032,ok,,
conv,fft_fused,fp32,4194304,128,0,,0,3.712496,0.02304,3.674752,524,3.706976,3.740608,5,533.256,baseline_cufft,1069.92,49.84,joined,False,stream,1,kFftFused,ckl_conv,kDirectConstant,,1,False,,,,,,,,pending ncu round,,1543505396,10,1,8388608,415.759,,,,0,0,0.0,2.1935e-05,CUBLAS_DEFAULT_MATH,,False,2490.0,True,2500,54,117.3,13030,13030,False,2,1155de478289f4a7d40687f87000848267619032,ok,,
conv,fft_fused,fp32,4194304,256,0,,0,3.724992,0.024416,3.698048,498,3.723264,3.725392,5,531.467,baseline_cufft,1067.925,49.77,joined,True,stream,1,kFftFused,ckl_conv,kDirectConstant,,1,False,,,,,,,,pending ncu round,,1543506932,10,1,8388608,414.365,,,,0,0,0.0,2.1935e-05,CUBLAS_DEFAULT_MATH,,False,2490.0,True,2500,43,114.9,13030,13030,True,2,1155de478289f4a7d40687f87000848267619032,ok,,
conv,fft_fused,fp32,4194304,256,0,,0,3.70672,0.021056,3.682592,527,3.706336,3.709408,5,534.087,baseline_cufft,1069.31,49.95,joined,False,stream,1,kFftFused,ckl_conv,kDirectConstant,,1,False,,,,,,,,pending ncu round,,1543506932,10,1,8388608,416.408,,,,0,0,0.0,2.1935e-05,CUBLAS_DEFAULT_MATH,,False,2490.0,True,2500,53,116.6,13030,13030,False,2,1155de478289f4a7d40687f87000848267619032,ok,,
conv,fft_fused,fp32,4194304,512,0,,0,3.722752,0.024736,3.696096,493,3.720112,3.723184,5,531.787,baseline_cufft,1062.642,50.04,joined,True,stream,1,kFftFused,ckl_conv,kDirectConstant,,1,False,,,,,,,,pending ncu round,,1543510004,10,1,8388608,414.615,,,,0,0,0.0,2.1935e-05,CUBLAS_DEFAULT_MATH,,False,2490.0,True,2500,43,114.8,13030,13030,True,2,1155de478289f4a7d40687f87000848267619032,ok,,
conv,fft_fused,fp32,4194304,512,0,,0,3.693344,0.015792,3.673472,523,3.692288,3.693952,5,536.021,baseline_cufft,1068.866,50.15,joined,False,stream,1,kFftFused,ckl_conv,kDirectConstant,,1,False,,,,,,,,pending ncu round,,1543510004,10,1,8388608,417.917,,,,0,0,0.0,2.1935e-05,CUBLAS_DEFAULT_MATH,,False,2490.0,True,2500,47,113.8,13030,13030,False,2,1155de478289f4a7d40687f87000848267619032,ok,,
conv,fft_fused,fp32,4194304,1024,0,,0,3.731392,0.025088,3.698368,489,3.72936,3.731424,5,530.556,baseline_cufft,1066.094,49.77,joined,True,stream,1,kFftFused,ckl_conv,kDirectConstant,,1,False,,,,,,,,pending ncu round,,1543516148,10,1,8388608,413.657,,,,0,0,0.0,2.1935e-05,CUBLAS_DEFAULT_MATH,,False,2490.0,True,2500,43,113.6,13030,13030,True,2,1155de478289f4a7d40687f87000848267619032,ok,,
conv,fft_fused,fp32,4194304,1024,0,,0,3.718288,0.02792,3.68096,516,3.71688,3.718912,5,532.426,baseline_cufft,1071.022,49.71,joined,False,stream,1,kFftFused,ckl_conv,kDirectConstant,,1,False,,,,,,,,pending ncu round,,1543516148,10,1,8388608,415.115,,,,0,0,0.0,2.1935e-05,CUBLAS_DEFAULT_MATH,,False,2490.0,True,2500,43,115.3,13030,13030,False,2,1155de478289f4a7d40687f87000848267619032,ok,,
conv,fft_fused,fp32,4194304,2048,0,,0,3.729312,0.024624,3.702976,487,3.727776,3.729888,5,530.852,baseline_cufft,1062.843,49.95,joined,True,stream,1,kFftFused,ckl_conv,kDirectConstant,,1,False,,,,,,,,pending ncu round,,1543528436,10,1,8388608,413.891,,,,0,0,0.0,2.1935e-05,CUBLAS_DEFAULT_MATH,,False,2490.0,True,2500,54,117.3,13030,13030,True,2,1155de478289f4a7d40687f87000848267619032,ok,,
conv,fft_fused,fp32,4194304,2048,0,,0,3.704768,0.027872,3.667808,517,3.703872,3.705216,5,534.369,baseline_cufft,1073.056,49.8,joined,False,stream,1,kFftFused,ckl_conv,kDirectConstant,,1,False,,,,,,,,pending ncu round,,1543528436,10,1,8388608,416.633,,,,0,0,0.0,2.1935e-05,CUBLAS_DEFAULT_MATH,,False,2490.0,True,2500,44,115.1,13030,13030,False,2,1155de478289f4a7d40687f87000848267619032,ok,,
conv,fft_fused,fp32,4194304,4096,0,,0,3.721008,0.024416,3.696128,492,3.719264,3.721248,5,532.036,baseline_cufft,1065.021,49.96,joined,True,stream,1,kFftFused,ckl_conv,kDirectConstant,,1,False,,,,,,,,pending ncu round,,1543553012,10,1,8388608,414.821,,,,0,0,0.0,2.1935e-05,CUBLAS_DEFAULT_MATH,,False,2490.0,True,2500,44,114.6,13030,13030,True,2,1155de478289f4a7d40687f87000848267619032,ok,,
conv,fft_fused,fp32,4194304,4096,0,,0,3.708592,0.015352,3.660192,528,3.691472,3.715488,5,533.818,baseline_cufft,1068.783,49.95,joined,False,stream,1,kFftFused,ckl_conv,kDirectConstant,,1,False,,,,,,,,pending ncu round,,1543553012,10,1,8388608,416.21,,,,0,0,0.0,2.1935e-05,CUBLAS_DEFAULT_MATH,,False,2490.0,True,2500,51,115.0,13030,13030,False,2,1155de478289f4a7d40687f87000848267619032,ok,,
conv,fft_fused,fp32,4194304,8192,0,,0,3.727392,0.027056,3.702112,492,3.727328,3.727728,5,531.125,baseline_cufft,1065.718,49.84,joined,True,stream,1,kFftFused,ckl_conv,kDirectShared,,1,False,,,,,,,,pending ncu round,,1543602164,10,1,8388608,414.124,,,,0,0,0.0,2.1935e-05,CUBLAS_DEFAULT_MATH,,False,2490.0,True,2500,43,114.6,13030,13030,True,2,1155de478289f4a7d40687f87000848267619032,ok,,
conv,fft_fused,fp32,4194304,8192,0,,0,3.714848,0.026944,3.677984,511,3.711808,3.716864,5,532.919,baseline_cufft,1067.142,49.94,joined,False,stream,1,kFftFused,ckl_conv,kDirectShared,,1,False,,,,,,,,pending ncu round,,1543602164,10,1,8388608,415.522,,,,0,0,0.0,2.1935e-05,CUBLAS_DEFAULT_MATH,,False,2490.0,True,2500,43,115.7,13030,13030,False,2,1155de478289f4a7d40687f87000848267619032,ok,,
conv,fft_fused,fp32,4194304,16384,0,,0,3.72128,0.024736,3.689888,489,3.7212,3.999248,5,531.997,baseline_cufft,1067.465,49.84,joined,True,stream,1,kFftFused,ckl_conv,kFftFused,,1,False,,,,,,,,pending ncu round,,1543700468,10,1,8388608,414.83,,,,0,0,0.0,2.1935e-05,CUBLAS_DEFAULT_MATH,,False,2490.0,True,2500,43,114.7,13030,13030,True,2,1155de478289f4a7d40687f87000848267619032,ok,,
conv,fft_fused,fp32,4194304,16384,0,,0,3.725632,0.027648,3.689024,520,3.72496,3.727168,5,531.376,baseline_cufft,1068.285,49.74,joined,False,stream,1,kFftFused,ckl_conv,kFftFused,,1,False,,,,,,,,pending ncu round,,1543700468,10,1,8388608,414.346,,,,0,0,0.0,2.1935e-05,CUBLAS_DEFAULT_MATH,,False,2490.0,True,2500,54,119.6,13030,13030,False,2,1155de478289f4a7d40687f87000848267619032,ok,,
conv,fft_separate,fp32,1048576,8,0,,0,0.468064,0.004456,0.448384,1000,0.468032,0.469568,5,967.784,baseline_cufft,2000.251,48.38,joined,True,stream,1,kFftSeparate,ckl_conv,kDirectConstant,,1,False,,,,,,,,pending ncu round,,419430484,10,1,2097152,896.096,,,,0,0,0.0,2.0027e-05,CUBLAS_DEFAULT_MATH,,False,2497.0,True,2500,44,100.2,13030,13030,True,2,1155de478289f4a7d40687f87000848267619032,ok,,
conv,fft_separate,fp32,1048576,8,0,,0,0.44296,0.00608,0.433056,1000,0.442528,0.444,5,1022.631,baseline_cufft,2211.149,46.25,joined,False,stream,1,kFftSeparate,ckl_conv,kDirectConstant,,1,False,,,,,,,,pending ncu round,,419430484,10,1,2097152,946.881,,,,0,0,0.0,2.0027e-05,CUBLAS_DEFAULT_MATH,,False,2497.0,True,2500,45,85.9,13030,13030,False,2,1155de478289f4a7d40687f87000848267619032,ok,,
conv,fft_separate,fp32,1048576,16,0,,0,0.471776,0.003784,0.45456,1000,0.471744,0.471872,5,960.169,baseline_cufft,2034.314,47.2,joined,True,stream,1,kFftSeparate,ckl_conv,kDirectConstant,,1,False,,,,,,,,pending ncu round,,419430580,10,1,2097152,889.046,,,,0,0,0.0,2.0027e-05,CUBLAS_DEFAULT_MATH,,False,2497.0,True,2500,49,98.3,13030,13030,True,2,1155de478289f4a7d40687f87000848267619032,ok,,
conv,fft_separate,fp32,1048576,16,0,,0,0.443104,0.008008,0.432352,1000,0.442512,0.444,5,1022.299,baseline_cufft,2229.607,45.85,joined,False,stream,1,kFftSeparate,ckl_conv,kDirectConstant,,1,False,,,,,,,,pending ncu round,,419430580,10,1,2097152,946.574,,,,0,0,0.0,2.0027e-05,CUBLAS_DEFAULT_MATH,,False,2497.0,True,2500,42,87.4,13030,13030,False,2,1155de478289f4a7d40687f87000848267619032,ok,,
conv,fft_separate,fp32,1048576,32,0,,0,0.47392,0.004128,0.456224,1000,0.47392,0.474016,5,955.826,baseline_cufft,1999.968,47.79,joined,True,stream,1,kFftSeparate,ckl_conv,kDirectConstant,,1,False,,,,,,,,pending ncu round,,419430772,10,1,2097152,885.024,,,,0,0,0.0,2.0027e-05,CUBLAS_DEFAULT_MATH,,False,2497.0,True,2500,43,102.0,13030,13030,True,2,1155de478289f4a7d40687f87000848267619032,ok,,
conv,fft_separate,fp32,1048576,32,0,,0,0.444576,0.00616,0.433664,1000,0.444288,0.446128,5,1018.914,baseline_cufft,2211.84,46.07,joined,False,stream,1,kFftSeparate,ckl_conv,kDirectConstant,,1,False,,,,,,,,pending ncu round,,419430772,10,1,2097152,943.44,,,,0,0,0.0,2.0027e-05,CUBLAS_DEFAULT_MATH,,False,2497.0,True,2500,49,88.2,13030,13030,False,2,1155de478289f4a7d40687f87000848267619032,ok,,
conv,fft_separate,fp32,1048576,64,0,,0,0.468096,0.00504,0.454848,1000,0.468032,0.469504,5,967.718,baseline_cufft,2055.136,47.09,joined,True,stream,1,kFftSeparate,ckl_conv,kDirectConstant,,1,False,,,,,,,,pending ncu round,,419431156,10,1,2097152,896.037,,,,0,0,0.0,2.0027e-05,CUBLAS_DEFAULT_MATH,,False,2497.0,True,2500,43,98.6,13030,13030,True,2,1155de478289f4a7d40687f87000848267619032,ok,,
conv,fft_separate,fp32,1048576,64,0,,0,0.442864,0.007296,0.433696,1000,0.442624,0.443264,5,1022.853,baseline_cufft,2219.122,46.09,joined,False,stream,1,kFftSeparate,ckl_conv,kDirectConstant,,1,False,,,,,,,,pending ncu round,,419431156,10,1,2097152,947.088,,,,0,0,0.0,2.0027e-05,CUBLAS_DEFAULT_MATH,,False,2497.0,True,2500,45,87.1,13030,13030,False,2,1155de478289f4a7d40687f87000848267619032,ok,,
conv,fft_separate,fp32,1048576,128,0,,0,0.468064,0.005824,0.450112,1000,0.468032,0.468256,5,967.784,baseline_cufft,2055.434,47.08,joined,True,stream,1,kFftSeparate,ckl_conv,kDirectConstant,,1,False,,,,,,,,pending ncu round,,419431924,10,1,2097152,896.099,,,,0,0,0.0,2.0027e-05,CUBLAS_DEFAULT_MATH,,False,2497.0,True,2500,45,95.7,13030,13030,True,2,1155de478289f4a7d40687f87000848267619032,ok,,
conv,fft_separate,fp32,1048576,128,0,,0,0.443856,0.010856,0.433056,1000,0.443104,0.444656,5,1020.567,baseline_cufft,2230.837,45.75,joined,False,stream,1,kFftSeparate,ckl_conv,kDirectConstant,,1,False,,,,,,,,pending ncu round,,419431924,10,1,2097152,944.973,,,,0,0,0.0,2.0027e-05,CUBLAS_DEFAULT_MATH,,False,2497.0,True,2500,56,88.1,13030,13030,False,2,1155de478289f4a7d40687f87000848267619032,ok,,
conv,fft_separate,fp32,1048576,256,0,,0,0.467808,0.004096,0.45952,1000,0.467744,0.46784,5,968.314,baseline_cufft,2000.251,48.41,joined,True,stream,1,kFftSeparate,ckl_conv,kDirectConstant,,1,False,,,,,,,,pending ncu round,,419433460,10,1,2097152,896.593,,,,0,0,0.0,2.0027e-05,CUBLAS_DEFAULT_MATH,,False,2497.0,True,2500,45,92.2,13030,13030,True,2,1155de478289f4a7d40687f87000848267619032,ok,,
conv,fft_separate,fp32,1048576,256,0,,0,0.44368,0.006696,0.430528,1000,0.441152,0.444272,5,1020.972,baseline_cufft,2219.469,46.0,joined,False,stream,1,kFftSeparate,ckl_conv,kDirectConstant,,1,False,,,,,,,,pending ncu round,,419433460,10,1,2097152,945.351,,,,0,0,0.0,2.0027e-05,CUBLAS_DEFAULT_MATH,,False,2497.0,True,2500,46,84.5,13030,13030,False,2,1155de478289f4a7d40687f87000848267619032,ok,,
conv,fft_separate,fp32,1048576,512,0,,0,0.468256,0.003784,0.442208,1000,0.465856,0.469792,5,967.387,baseline_cufft,2036.216,47.51,joined,True,stream,1,kFftSeparate,ckl_conv,kDirectConstant,,1,False,,,,,,,,pending ncu round,,419436532,10,1,2097152,895.742,,,,0,0,0.0,2.0027e-05,CUBLAS_DEFAULT_MATH,,False,2497.0,True,2500,44,95.4,13030,13030,True,2,1155de478289f4a7d40687f87000848267619032,ok,,
conv,fft_separate,fp32,1048576,512,0,,0,0.443584,0.00788,0.43216,1000,0.443104,0.444352,5,1021.193,baseline_cufft,2229.958,45.79,joined,False,stream,1,kFftSeparate,ckl_conv,kDirectConstant,,1,False,,,,,,,,pending ncu round,,419436532,10,1,2097152,945.563,,,,0,0,0.0,2.0027e-05,CUBLAS_DEFAULT_MATH,,False,2497.0,True,2500,44,89.6,13030,13030,False,2,1155de478289f4a7d40687f87000848267619032,ok,,
conv,fft_separate,fp32,1048576,1024,0,,0,0.467808,0.004192,0.448352,1000,0.467776,0.467872,5,968.314,baseline_cufft,2001.665,48.38,joined,True,stream,1,kFftSeparate,ckl_conv,kDirectConstant,,1,False,,,,,,,,pending ncu round,,419442676,10,1,2097152,896.613,,,,0,0,0.0,2.0027e-05,CUBLAS_DEFAULT_MATH,,False,2497.0,True,2500,44,93.9,13030,13030,True,2,1155de478289f4a7d40687f87000848267619032,ok,,
conv,fft_separate,fp32,1048576,1024,0,,0,0.444976,0.010512,0.434112,1000,0.444464,0.44592,5,1017.998,baseline_cufft,2146.603,47.42,joined,False,stream,1,kFftSeparate,ckl_conv,kDirectConstant,,1,False,,,,,,,,pending ncu round,,419442676,10,1,2097152,942.619,,,,0,0,0.0,2.0027e-05,CUBLAS_DEFAULT_MATH,,False,2497.0,True,2500,47,84.2,13030,13030,False,2,1155de478289f4a7d40687f87000848267619032,ok,,
conv,fft_separate,fp32,1048576,2048,0,,0,0.469824,0.003488,0.461504,1000,0.469728,0.469856,5,964.159,baseline_cufft,2021.387,47.7,joined,True,stream,1,kFftSeparate,ckl_conv,kDirectConstant,,1,False,,,,,,,,pending ncu round,,419454964,10,1,2097152,892.792,,,,0,0,0.0,2.0027e-05,CUBLAS_DEFAULT_MATH,,False,2497.0,True,2500,56,98.2,13030,13030,True,2,1155de478289f4a7d40687f87000848267619032,ok,,
conv,fft_separate,fp32,1048576,2048,0,,0,0.442336,0.007456,0.431744,1000,0.442112,0.444,5,1024.074,baseline_cufft,2235.064,45.82,joined,False,stream,1,kFftSeparate,ckl_conv,kDirectConstant,,1,False,,,,,,,,pending ncu round,,419454964,10,1,2097152,948.272,,,,0,0,0.0,2.0027e-05,CUBLAS_DEFAULT_MATH,,False,2497.0,True,2500,46,79.3,13030,13030,False,2,1155de478289f4a7d40687f87000848267619032,ok,,
conv,fft_separate,fp32,1048576,4096,0,,0,0.463776,0.004128,0.446368,1000,0.463744,0.463808,5,976.732,baseline_cufft,2017.642,48.41,joined,True,stream,1,kFftSeparate,ckl_conv,kDirectConstant,,1,False,,,,,,,,pending ncu round,,419479540,10,1,2097152,904.487,,,,0,0,0.0,2.0027e-05,CUBLAS_DEFAULT_MATH,,False,2497.0,True,2500,45,99.1,13030,13030,True,2,1155de478289f4a7d40687f87000848267619032,ok,,
conv,fft_separate,fp32,1048576,4096,0,,0,0.443584,0.005192,0.4344,1000,0.443168,0.444416,5,1021.193,baseline_cufft,2229.607,45.8,joined,False,stream,1,kFftSeparate,ckl_conv,kDirectConstant,,1,False,,,,,,,,pending ncu round,,419479540,10,1,2097152,945.66,,,,0,0,0.0,2.0027e-05,CUBLAS_DEFAULT_MATH,,False,2497.0,True,2500,49,84.7,13030,13030,False,2,1155de478289f4a7d40687f87000848267619032,ok,,
conv,fft_separate,fp32,1048576,8192,0,,0,0.469776,0.003976,0.45008,1000,0.469728,0.469824,5,964.257,baseline_cufft,2018.217,47.78,joined,True,stream,1,kFftSeparate,ckl_conv,kDirectShared,,1,False,,,,,,,,pending ncu round,,419528692,10,1,2097152,893.04,,,,0,0,0.0,2.0027e-05,CUBLAS_DEFAULT_MATH,,False,2497.0,True,2500,44,98.4,13030,13030,True,2,1155de478289f4a7d40687f87000848267619032,ok,,
conv,fft_separate,fp32,1048576,8192,0,,0,0.4408,0.007,0.430176,1000,0.440624,0.44096,5,1027.643,baseline_cufft,2223.129,46.23,joined,False,stream,1,kFftSeparate,ckl_conv,kDirectShared,,1,False,,,,,,,,pending ncu round,,419528692,10,1,2097152,951.744,,,,0,0,0.0,2.0027e-05,CUBLAS_DEFAULT_MATH,,False,2497.0,True,2500,46,84.5,13030,13030,False,2,1155de478289f4a7d40687f87000848267619032,ok,,
conv,fft_separate,fp32,1048576,16384,0,,0,0.470016,0.004192,0.448416,1000,0.470016,0.470112,5,963.765,baseline_cufft,2000.251,48.18,joined,True,stream,1,kFftSeparate,ckl_conv,kFftFused,,1,False,,,,,,,,pending ncu round,,419626996,10,1,2097152,892.793,,,,0,0,0.0,2.0027e-05,CUBLAS_DEFAULT_MATH,,False,2497.0,True,2500,45,102.1,13030,13030,True,2,1155de478289f4a7d40687f87000848267619032,ok,,
conv,fft_separate,fp32,1048576,16384,0,,0,0.444448,0.00952,0.431328,1000,0.44408,0.445856,5,1019.208,baseline_cufft,2226.451,45.78,joined,False,stream,1,kFftSeparate,ckl_conv,kFftFused,,1,False,,,,,,,,pending ncu round,,419626996,10,1,2097152,944.153,,,,0,0,0.0,2.0027e-05,CUBLAS_DEFAULT_MATH,,False,2497.0,True,2500,42,88.8,13030,13030,False,2,1155de478289f4a7d40687f87000848267619032,ok,,
conv,fft_separate,fp32,4194304,8,0,,0,3.940416,0.022528,3.909248,473,3.938144,3.94416,5,502.412,baseline_cufft,1064.215,47.21,joined,True,stream,1,kFftSeparate,ckl_conv,kDirectConstant,,1,False,,,,,,,,pending ncu round,,1677721684,10,1,8388608,425.773,,,,0,0,0.0,2.1935e-05,CUBLAS_DEFAULT_MATH,,False,2490.0,True,2500,43,114.6,13030,13030,True,2,1155de478289f4a7d40687f87000848267619032,ok,,
conv,fft_separate,fp32,4194304,8,0,,0,3.924192,0.021584,3.894368,496,3.923584,3.925792,5,504.489,baseline_cufft,1068.728,47.2,joined,False,stream,1,kFftSeparate,ckl_conv,kDirectConstant,,1,False,,,,,,,,pending ncu round,,1677721684,10,1,8388608,427.533,,,,0,0,0.0,2.1935e-05,CUBLAS_DEFAULT_MATH,,False,2490.0,True,2500,53,115.1,13030,13030,False,2,1155de478289f4a7d40687f87000848267619032,ok,,
conv,fft_separate,fp32,4194304,16,0,,0,3.928,0.015984,3.907328,479,3.92592,3.928032,5,504.0,baseline_cufft,1066.655,47.25,joined,True,stream,1,kFftSeparate,ckl_conv,kDirectConstant,,1,False,,,,,,,,pending ncu round,,1677721780,10,1,8388608,427.119,,,,0,0,0.0,2.1935e-05,CUBLAS_DEFAULT_MATH,,False,2490.0,True,2500,47,113.0,13030,13030,True,2,1155de478289f4a7d40687f87000848267619032,ok,,
conv,fft_separate,fp32,4194304,16,0,,0,3.914624,0.020024,3.885152,494,3.913168,3.914848,5,505.722,baseline_cufft,1068.313,47.34,joined,False,stream,1,kFftSeparate,ckl_conv,kDirectConstant,,1,False,,,,,,,,pending ncu round,,1677721780,10,1,8388608,428.578,,,,0,0,0.0,2.1935e-05,CUBLAS_DEFAULT_MATH,,False,2490.0,True,2500,44,113.4,13030,13030,False,2,1155de478289f4a7d40687f87000848267619032,ok,,
conv,fft_separate,fp32,4194304,32,0,,0,3.936032,0.022696,3.90752,464,3.934304,3.942432,5,502.971,baseline_cufft,1066.177,47.18,joined,True,stream,1,kFftSeparate,ckl_conv,kDirectConstant,,1,False,,,,,,,,pending ncu round,,1677721972,10,1,8388608,426.247,,,,0,0,0.0,2.1935e-05,CUBLAS_DEFAULT_MATH,,False,2490.0,True,2500,43,113.5,13030,13030,True,2,1155de478289f4a7d40687f87000848267619032,ok,,
conv,fft_separate,fp32,4194304,32,0,,0,3.920864,0.022192,3.891456,499,3.919488,3.922048,5,504.917,baseline_cufft,1070.031,47.19,joined,False,stream,1,kFftSeparate,ckl_conv,kDirectConstant,,1,False,,,,,,,,pending ncu round,,1677721972,10,1,8388608,427.896,,,,0,0,0.0,2.1935e-05,CUBLAS_DEFAULT_MATH,,False,2490.0,True,2500,46,114.2,13030,13030,False,2,1155de478289f4a7d40687f87000848267619032,ok,,
conv,fft_separate,fp32,4194304,64,0,,0,3.94048,0.025088,3.909632,465,3.934336,3.945936,5,502.404,baseline_cufft,1065.204,47.17,joined,True,stream,1,kFftSeparate,ckl_conv,kDirectConstant,,1,False,,,,,,,,pending ncu round,,1677722356,10,1,8388608,425.766,,,,0,0,0.0,2.1935e-05,CUBLAS_DEFAULT_MATH,,False,2490.0,True,2500,43,113.5,13030,13030,True,2,1155de478289f4a7d40687f87000848267619032,ok,,
conv,fft_separate,fp32,4194304,64,0,,0,3.927792,0.026952,3.896032,484,3.926304,3.928816,5,504.027,baseline_cufft,1067.373,47.22,joined,False,stream,1,kFftSeparate,ckl_conv,kDirectConstant,,1,False,,,,,,,,pending ncu round,,1677722356,10,1,8388608,427.141,,,,0,0,0.0,2.1935e-05,CUBLAS_DEFAULT_MATH,,False,2490.0,True,2500,51,116.9,13030,13030,False,2,1155de478289f4a7d40687f87000848267619032,ok,,
conv,fft_separate,fp32,4194304,128,0,,0,3.928064,0.016192,3.903584,478,3.921776,3.93,5,503.992,baseline_cufft,1065.314,47.31,joined,True,stream,1,kFftSeparate,ckl_conv,kDirectConstant,,1,False,,,,,,,,pending ncu round,,1677723124,10,1,8388608,427.112,,,,0,0,0.0,2.1935e-05,CUBLAS_DEFAULT_MATH,,False,2490.0,True,2500,48,113.6,13030,13030,True,2,1155de478289f4a7d40687f87000848267619032,ok,,
conv,fft_separate,fp32,4194304,128,0,,0,3.916928,0.016848,3.891456,496,3.916384,3.918384,5,505.425,baseline_cufft,1069.92,47.24,joined,False,stream,1,kFftSeparate,ckl_conv,kDirectConstant,,1,False,,,,,,,,pending ncu round,,1677723124,10,1,8388608,428.326,,,,0,0,0.0,2.1935e-05,CUBLAS_DEFAULT_MATH,,False,2490.0,True,2500,44,113.1,13030,13030,False,2,1155de478289f4a7d40687f87000848267619032,ok,,
conv,fft_separate,fp32,4194304,256,0,,0,3.913664,0.01468,3.890848,478,3.913136,3.915776,5,505.846,baseline_cufft,1067.925,47.37,joined,True,stream,1,kFftSeparate,ckl_conv,kDirectConstant,,1,False,,,,,,,,pending ncu round,,1677724660,10,1,8388608,428.684,,,,0,0,0.0,2.1935e-05,CUBLAS_DEFAULT_MATH,,False,2490.0,True,2500,44,112.7,13030,13030,True,2,1155de478289f4a7d40687f87000848267619032,ok,,
conv,fft_separate,fp32,4194304,256,0,,0,3.906496,0.026416,3.874432,483,3.902464,3.908224,5,506.774,baseline_cufft,1069.31,47.39,joined,False,stream,1,kFftSeparate,ckl_conv,kDirectConstant,,1,False,,,,,,,,pending ncu round,,1677724660,10,1,8388608,429.47,,,,0,0,0.0,2.1935e-05,CUBLAS_DEFAULT_MATH,,False,2490.0,True,2500,44,113.1,13030,13030,False,2,1155de478289f4a7d40687f87000848267619032,ok,,
conv,fft_separate,fp32,4194304,512,0,,0,3.917888,0.020288,3.888736,477,3.91752,3.921408,5,505.301,baseline_cufft,1062.642,47.55,joined,True,stream,1,kFftSeparate,ckl_conv,kDirectConstant,,1,False,,,,,,,,pending ncu round,,1677727732,10,1,8388608,428.222,,,,0,0,0.0,2.1935e-05,CUBLAS_DEFAULT_MATH,,False,2490.0,True,2500,52,114.2,13030,13030,True,2,1155de478289f4a7d40687f87000848267619032,ok,,
conv,fft_separate,fp32,4194304,512,0,,0,3.901888,0.02144,3.873728,497,3.900672,3.902848,5,507.373,baseline_cufft,1068.866,47.47,joined,False,stream,1,kFftSeparate,ckl_conv,kDirectConstant,,1,False,,,,,,,,pending ncu round,,1677727732,10,1,8388608,429.978,,,,0,0,0.0,2.1935e-05,CUBLAS_DEFAULT_MATH,,False,2490.0,True,2500,44,112.8,13030,13030,False,2,1155de478289f4a7d40687f87000848267619032,ok,,
conv,fft_separate,fp32,4194304,1024,0,,0,3.938272,0.33816,3.903392,452,3.928128,4.162112,5,502.685,baseline_cufft,1066.094,47.15,joined,True,stream,1,kFftSeparate,ckl_conv,kDirectConstant,,1,False,,,,,,,,pending ncu round,,1677733876,10,1,8388608,426.008,,,,0,0,0.0,2.1935e-05,CUBLAS_DEFAULT_MATH,,False,2490.0,True,2500,51,114.5,13030,13030,True,2,1155de478289f4a7d40687f87000848267619032,ok,,
conv,fft_separate,fp32,4194304,1024,0,,0,3.920704,0.022592,3.888352,495,3.919776,3.935952,5,504.938,baseline_cufft,1071.022,47.15,joined,False,stream,1,kFftSeparate,ckl_conv,kDirectConstant,,1,False,,,,,,,,pending ncu round,,1677733876,10,1,8388608,427.916,,,,0,0,0.0,2.1935e-05,CUBLAS_DEFAULT_MATH,,False,2490.0,True,2500,52,114.9,13030,13030,False,2,1155de478289f4a7d40687f87000848267619032,ok,,
conv,fft_separate,fp32,4194304,2048,0,,0,3.938448,0.028544,3.909376,468,3.938208,3.938784,5,502.663,baseline_cufft,1062.843,47.29,joined,True,stream,1,kFftSeparate,ckl_conv,kDirectConstant,,1,False,,,,,,,,pending ncu round,,1677746164,10,1,8388608,425.992,,,,0,0,0.0,2.1935e-05,CUBLAS_DEFAULT_MATH,,False,2490.0,True,2500,43,114.2,13030,13030,True,2,1155de478289f4a7d40687f87000848267619032,ok,,
conv,fft_separate,fp32,4194304,2048,0,,0,3.92632,0.02864,3.883424,482,3.92304,3.926912,5,504.216,baseline_cufft,1073.056,46.99,joined,False,stream,1,kFftSeparate,ckl_conv,kDirectConstant,,1,False,,,,,,,,pending ncu round,,1677746164,10,1,8388608,427.308,,,,0,0,0.0,2.1935e-05,CUBLAS_DEFAULT_MATH,,False,2490.0,True,2500,43,113.8,13030,13030,False,2,1155de478289f4a7d40687f87000848267619032,ok,,
conv,fft_separate,fp32,4194304,4096,0,,0,3.929568,0.020768,3.901632,473,3.927856,3.930176,5,503.799,baseline_cufft,1065.021,47.3,joined,True,stream,1,kFftSeparate,ckl_conv,kDirectConstant,,1,False,,,,,,,,pending ncu round,,1677770740,10,1,8388608,426.961,,,,0,0,0.0,2.1935e-05,CUBLAS_DEFAULT_MATH,,False,2490.0,True,2500,44,114.6,13030,13030,True,2,1155de478289f4a7d40687f87000848267619032,ok,,
conv,fft_separate,fp32,4194304,4096,0,,0,3.924992,0.027392,3.88704,493,3.923184,3.925552,5,504.386,baseline_cufft,1068.783,47.19,joined,False,stream,1,kFftSeparate,ckl_conv,kDirectConstant,,1,False,,,,,,,,pending ncu round,,1677770740,10,1,8388608,427.458,,,,0,0,0.0,2.1935e-05,CUBLAS_DEFAULT_MATH,,False,2490.0,True,2500,43,114.9,13030,13030,False,2,1155de478289f4a7d40687f87000848267619032,ok,,
conv,fft_separate,fp32,4194304,8192,0,,0,3.936288,0.02448,3.905472,465,3.932224,3.94032,5,502.939,baseline_cufft,1065.718,47.19,joined,True,stream,1,kFftSeparate,ckl_conv,kDirectShared,,1,False,,,,,,,,pending ncu round,,1677819892,10,1,8388608,426.244,,,,0,0,0.0,2.1935e-05,CUBLAS_DEFAULT_MATH,,False,2490.0,True,2500,43,113.4,13030,13030,True,2,1155de478289f4a7d40687f87000848267619032,ok,,
conv,fft_separate,fp32,4194304,8192,0,,0,4.151728,0.268104,3.880704,458,3.907872,4.32944,5,476.84,baseline_cufft,1067.142,44.68,joined,False,stream,1,kFftSeparate,ckl_conv,kDirectShared,,1,False,,,,,,,,pending ncu round,,1677819892,10,1,8388608,404.126,,,,0,0,0.0,2.1935e-05,CUBLAS_DEFAULT_MATH,,False,2490.0,True,2500,44,112.7,13030,13030,False,2,1155de478289f4a7d40687f87000848267619032,ok,,
conv,fft_separate,fp32,4194304,16384,0,,0,3.948288,0.030848,3.917696,469,3.94664,3.948416,5,501.41,baseline_cufft,1067.465,46.97,joined,True,stream,1,kFftSeparate,ckl_conv,kFftFused,,1,False,,,,,,,,pending ncu round,,1677918196,10,1,8388608,424.974,,,,0,0,0.0,2.1935e-05,CUBLAS_DEFAULT_MATH,,False,2490.0,True,2500,51,117.1,13030,13030,True,2,1155de478289f4a7d40687f87000848267619032,ok,,
conv,fft_separate,fp32,4194304,16384,0,,0,3.932512,0.025984,3.893152,483,3.931904,3.932944,5,503.422,baseline_cufft,1068.285,47.12,joined,False,stream,1,kFftSeparate,ckl_conv,kFftFused,,1,False,,,,,,,,pending ncu round,,1677918196,10,1,8388608,426.678,,,,0,0,0.0,2.1935e-05,CUBLAS_DEFAULT_MATH,,False,2490.0,True,2500,43,113.7,13030,13030,False,2,1155de478289f4a7d40687f87000848267619032,ok,,
fft,baseline_cufft,fp32,1024,96,0,,0,0.007776,0.002048,0.007168,1000,0.007712,0.008192,5,632.099,baseline_cufft,632.099,100.0,self,True,stream,1,kCufft,ckl_fft,kSharedResident,,1,False,,,,,,,,pending ncu round,,0,0,96,1024,0.0,,,,0,0,0.0,9.537e-06,CUBLAS_DEFAULT_MATH,,False,2497.0,True,2500,35,37.9,13030,13030,True,2,1155de478289f4a7d40687f87000848267619032,ok,,
fft,baseline_cufft,fp32,1024,96,0,,0,0.009152,0.002344,0.005344,1000,0.008864,0.0272,5,537.063,baseline_cufft,537.063,100.0,self,False,stream,1,kCufft,ckl_fft,kSharedResident,,1,False,,,,,,,,pending ncu round,,0,0,96,1024,0.0,,,,0,0,0.0,9.537e-06,CUBLAS_DEFAULT_MATH,,False,2497.0,True,2500,35,29.9,13030,13030,False,2,1155de478289f4a7d40687f87000848267619032,ok,,
fft,baseline_cufft,fp32,2048,96,0,,0,0.01168,0.002016,0.009408,1000,0.011648,0.011712,5,925.808,baseline_cufft,925.808,100.0,self,True,stream,1,kCufft,ckl_fft,kSharedResident,,1,False,,,,,,,,pending ncu round,,0,0,96,2048,0.0,,,,0,0,0.0,1.049e-05,CUBLAS_DEFAULT_MATH,,False,2497.0,True,2500,48,42.9,13030,13030,True,2,1155de478289f4a7d40687f87000848267619032,ok,,
fft,baseline_cufft,fp32,2048,96,0,,0,0.010432,0.0018,0.006048,1000,0.010176,0.010848,5,1036.564,baseline_cufft,1036.564,100.0,self,False,stream,1,kCufft,ckl_fft,kSharedResident,,1,False,,,,,,,,pending ncu round,,0,0,96,2048,0.0,,,,0,0,0.0,1.049e-05,CUBLAS_DEFAULT_MATH,,False,2497.0,True,2500,34,30.6,13030,13030,False,2,1155de478289f4a7d40687f87000848267619032,ok,,
fft,baseline_cufft,fp32,4096,96,0,,0,0.013824,6.4e-05,0.012416,1000,0.013824,0.013856,5,1706.667,baseline_cufft,1706.667,100.0,self,True,stream,1,kCufft,ckl_fft,kSharedResident,,1,False,,,,,,,,pending ncu round,,0,0,96,4096,0.0,,,,0,0,0.0,1.1444e-05,CUBLAS_DEFAULT_MATH,,False,2497.0,True,2500,37,41.7,13030,13030,True,2,1155de478289f4a7d40687f87000848267619032,ok,,
fft,baseline_cufft,fp32,4096,96,0,,0,0.013104,0.012352,0.008224,1000,0.012448,0.023296,5,1800.44,baseline_cufft,1800.44,100.0,self,False,stream,1,kCufft,ckl_fft,kSharedResident,,1,False,,,,,,,,pending ncu round,,0,0,96,4096,0.0,,,,0,0,0.0,1.1444e-05,CUBLAS_DEFAULT_MATH,,False,2497.0,True,2500,35,30.4,13030,13030,False,2,1155de478289f4a7d40687f87000848267619032,ok,,
fft,baseline_cufft,fp32,65536,1,0,,0,0.015776,0.002016,0.013408,1000,0.015744,0.015776,5,332.333,baseline_cufft,332.333,100.0,self,True,stream,1,kCufft,ckl_fft,kFourStep,,1,False,,,,,,,,pending ncu round,,0,0,1,65536,0.0,,,,0,0,0.0,1.5259e-05,CUBLAS_DEFAULT_MATH,,False,2497.0,True,2500,35,41.7,13030,13030,True,2,1155de478289f4a7d40687f87000848267619032,ok,,
fft,baseline_cufft,fp32,65536,1,0,,0,0.016544,0.013328,0.011296,1000,0.015472,0.01728,5,316.905,baseline_cufft,316.905,100.0,self,False,stream,1,kCufft,ckl_fft,kFourStep,,1,False,,,,,,,,pending ncu round,,0,0,1,65536,0.0,,,,0,0,0.0,1.5259e-05,CUBLAS_DEFAULT_MATH,,False,2497.0,True,2500,34,30.0,13030,13030,False,2,1155de478289f4a7d40687f87000848267619032,ok,,
fft,baseline_cufft,fp32,1048576,1,0,,0,0.065056,0.002048,0.051104,1000,0.065056,0.065472,5,1611.805,baseline_cufft,1611.805,100.0,self,True,stream,1,kCufft,ckl_fft,kFourStep,,1,False,,,,,,,,pending ncu round,,0,0,1,1048576,0.0,,,,0,0,0.0,1.9073e-05,CUBLAS_DEFAULT_MATH,,False,2497.0,True,2500,39,44.9,13030,13030,True,2,1155de478289f4a7d40687f87000848267619032,ok,,
fft,baseline_cufft,fp32,1048576,1,0,,0,0.040704,0.002016,0.03744,1000,0.040448,0.040896,5,2576.101,baseline_cufft,2576.101,100.0,self,False,stream,1,kCufft,ckl_fft,kFourStep,,1,False,,,,,,,,pending ncu round,,0,0,1,1048576,0.0,,,,0,0,0.0,1.9073e-05,CUBLAS_DEFAULT_MATH,,False,2497.0,True,2500,35,32.8,13030,13030,False,2,1155de478289f4a7d40687f87000848267619032,ok,,
fft,baseline_cufft,fp32,4194304,1,0,,0,0.273952,0.004,0.260032,1000,0.273952,0.273984,5,1684.14,baseline_cufft,1684.14,100.0,self,True,stream,1,kCufft,ckl_fft,kFourStep,,1,False,,,,,,,,pending ncu round,,0,0,1,4194304,0.0,,,,0,0,0.0,2.0981e-05,CUBLAS_DEFAULT_MATH,,False,2497.0,True,2500,40,63.3,13030,13030,True,2,1155de478289f4a7d40687f87000848267619032,ok,,
fft,baseline_cufft,fp32,4194304,1,0,,0,0.266528,0.004624,0.240288,1000,0.266224,0.266576,5,1731.05,baseline_cufft,1731.05,100.0,self,False,stream,1,kCufft,ckl_fft,kFourStep,,1,False,,,,,,,,pending ncu round,,0,0,1,4194304,0.0,,,,0,0,0.0,2.0981e-05,CUBLAS_DEFAULT_MATH,,False,2497.0,True,2500,37,50.6,13030,13030,False,2,1155de478289f4a7d40687f87000848267619032,ok,,
fft,baseline_cufft,fp32,16777216,1,0,,0,1.426944,0.024584,1.402496,1000,1.426928,1.426992,5,1410.893,baseline_cufft,1410.893,100.0,self,True,stream,1,kCufft,ckl_fft,kFourStep,,1,False,,,,,,,,pending ncu round,,0,0,1,16777216,0.0,,,,0,0,0.0,2.2888e-05,CUBLAS_DEFAULT_MATH,,False,2490.0,True,2500,51,118.8,13030,13030,True,2,1155de478289f4a7d40687f87000848267619032,ok,,
fft,baseline_cufft,fp32,16777216,1,0,,0,1.42568,0.025064,1.392448,1000,1.424096,1.42816,5,1412.144,baseline_cufft,1412.144,100.0,self,False,stream,1,kCufft,ckl_fft,kFourStep,,1,False,,,,,,,,pending ncu round,,0,0,1,16777216,0.0,,,,0,0,0.0,2.2888e-05,CUBLAS_DEFAULT_MATH,,False,2497.0,True,2500,49,119.9,13030,13030,False,2,1155de478289f4a7d40687f87000848267619032,ok,,
fft,four_step,fp32,1024,96,0,,0,0.052544,0.000192,0.048448,1000,0.052512,0.052576,5,93.544,baseline_cufft,632.099,14.8,joined,True,stream,1,kFourStep,ckl_fft,kSharedResident,,1,False,,,,,,,,pending ncu round,,7864320,5,96,1024,149.671,,,,704,9437184,2.9e-08,9.537e-06,CUBLAS_DEFAULT_MATH,,False,2497.0,True,2500,35,42.7,13030,13030,True,2,1155de478289f4a7d40687f87000848267619032,ok,,
fft,four_step,fp32,1024,96,0,,0,0.052384,0.003424,0.046048,1000,0.052,0.05248,5,93.83,baseline_cufft,537.063,17.47,joined,False,stream,1,kFourStep,ckl_fft,kSharedResident,,1,False,,,,,,,,pending ncu round,,7864320,5,96,1024,150.128,,,,704,9437184,2.9e-08,9.537e-06,CUBLAS_DEFAULT_MATH,,False,2497.0,True,2500,40,30.7,13030,13030,False,2,1155de478289f4a7d40687f87000848267619032,ok,,
fft,four_step,fp32,2048,96,0,,0,0.068896,0.000128,0.0664,1000,0.068896,0.068896,5,156.953,baseline_cufft,925.808,16.95,joined,True,stream,1,kFourStep,ckl_fft,kSharedResident,,1,False,,,,,,,,pending ncu round,,15728640,5,96,2048,228.295,,,,992,20447232,2.4e-08,1.049e-05,CUBLAS_DEFAULT_MATH,,False,2497.0,True,2500,42,41.6,13030,13030,True,2,1155de478289f4a7d40687f87000848267619032,ok,,
fft,four_step,fp32,2048,96,0,,0,0.0692,0.010672,0.062848,1000,0.068896,0.078,5,156.264,baseline_cufft,1036.564,15.08,joined,False,stream,1,kFourStep,ckl_fft,kSharedResident,,1,False,,,,,,,,pending ncu round,,15728640,5,96,2048,227.292,,,,992,20447232,2.4e-08,1.049e-05,CUBLAS_DEFAULT_MATH,,False,2497.0,True,2500,42,31.5,13030,13030,False,2,1155de478289f4a7d40687f87000848267619032,ok,,
fft,four_step,fp32,4096,96,0,,0,0.09552,0.000128,0.09328,1000,0.09552,0.09552,5,246.995,baseline_cufft,1706.667,14.47,joined,True,stream,1,kFourStep,ckl_fft,kSharedResident,,1,False,,,,,,,,pending ncu round,,31457280,5,96,4096,329.327,,,,1280,44040192,1.8e-08,1.1444e-05,CUBLAS_DEFAULT_MATH,,False,2497.0,True,2500,49,43.1,13030,13030,True,2,1155de478289f4a7d40687f87000848267619032,ok,,
fft,four_step,fp32,4096,96,0,,0,0.092672,0.011336,0.086272,1000,0.092192,0.093344,5,254.586,baseline_cufft,1800.44,14.14,joined,False,stream,1,kFourStep,ckl_fft,kSharedResident,,1,False,,,,,,,,pending ncu round,,31457280,5,96,4096,339.448,,,,1280,44040192,1.8e-08,1.1444e-05,CUBLAS_DEFAULT_MATH,,False,2497.0,True,2500,47,33.6,13030,13030,False,2,1155de478289f4a7d40687f87000848267619032,ok,,
fft,four_step,fp32,65536,1,0,,0,0.025952,0.0016,0.02544,1000,0.025952,0.025984,5,202.022,baseline_cufft,332.333,60.79,joined,True,stream,1,kFourStep,ckl_fft,kFourStep,,1,False,,,,,,,,pending ncu round,,5242880,5,1,65536,202.022,,,,4608,9437184,4e-09,1.5259e-05,CUBLAS_DEFAULT_MATH,,False,2497.0,True,2500,43,42.6,13030,13030,True,2,1155de478289f4a7d40687f87000848267619032,ok,,
fft,four_step,fp32,65536,1,0,,0,0.040032,0.020576,0.022976,1000,0.03464,0.056624,5,130.967,baseline_cufft,316.905,41.33,joined,False,stream,1,kFourStep,ckl_fft,kFourStep,,1,False,,,,,,,,pending ncu round,,5242880,5,1,65536,130.967,,,,4608,9437184,4e-09,1.5259e-05,CUBLAS_DEFAULT_MATH,,False,2497.0,True,2500,37,30.4,13030,13030,False,2,1155de478289f4a7d40687f87000848267619032,ok,,
fft,four_step,fp32,1048576,1,0,,0,0.120224,0.00224,0.104448,1000,0.120192,0.120224,5,872.185,baseline_cufft,1611.805,54.11,joined,True,stream,1,kFourStep,ckl_fft,kFourStep,,1,False,,,,,,,,pending ncu round,,83886080,5,1,1048576,697.748,,,,17408,184549376,2e-09,1.9073e-05,CUBLAS_DEFAULT_MATH,,False,2497.0,True,2500,38,49.3,13030,13030,True,2,1155de478289f4a7d40687f87000848267619032,ok,,
fft,four_step,fp32,1048576,1,0,,0,0.100928,0.004728,0.093408,1000,0.100608,0.101312,5,1038.935,baseline_cufft,2576.101,40.33,joined,False,stream,1,kFourStep,ckl_fft,kFourStep,,1,False,,,,,,,,pending ncu round,,83886080,5,1,1048576,831.148,,,,17408,184549376,2e-09,1.9073e-05,CUBLAS_DEFAULT_MATH,,False,2497.0,True,2500,34,38.6,13030,13030,False,2,1155de478289f4a7d40687f87000848267619032,ok,,
fft,four_step,fp32,4194304,1,0,,0,0.629792,0.00432,0.576768,1000,0.628128,0.63008,5,732.581,baseline_cufft,1684.14,43.5,joined,True,stream,1,kFourStep,ckl_fft,kFourStep,,1,False,,,,,,,,pending ncu round,,335544320,5,1,4194304,532.786,,,,34304,805306368,1e-09,2.0981e-05,CUBLAS_DEFAULT_MATH,,False,2497.0,True,2500,49,109.0,13030,13030,True,2,1155de478289f4a7d40687f87000848267619032,ok,,
fft,four_step,fp32,4194304,1,0,,0,0.613056,0.008848,0.573344,1000,0.61272,0.613312,5,752.58,baseline_cufft,1731.05,43.48,joined,False,stream,1,kFourStep,ckl_fft,kFourStep,,1,False,,,,,,,,pending ncu round,,335544320,5,1,4194304,547.331,,,,34304,805306368,1e-09,2.0981e-05,CUBLAS_DEFAULT_MATH,,False,2497.0,True,2500,55,92.4,13030,13030,False,2,1155de478289f4a7d40687f87000848267619032,ok,,
fft,four_step,fp32,16777216,1,0,,0,4.252896,0.022576,4.228128,443,4.252496,4.25296,5,473.387,baseline_cufft,1410.893,33.55,joined,True,stream,1,kFourStep,ckl_fft,kFourStep,,1,False,,,,,,,,pending ncu round,,1342177280,5,1,16777216,315.591,,,,67584,3489660928,0.0,2.2888e-05,CUBLAS_DEFAULT_MATH,,False,2490.0,True,2500,52,102.8,13030,13030,True,2,1155de478289f4a7d40687f87000848267619032,ok,,
fft,four_step,fp32,16777216,1,0,,0,4.26496,0.03884,4.215968,446,4.261696,4.266736,5,472.048,baseline_cufft,1412.144,33.43,joined,False,stream,1,kFourStep,ckl_fft,kFourStep,,1,False,,,,,,,,pending ncu round,,1342177280,5,1,16777216,314.699,,,,67584,3489660928,0.0,2.2888e-05,CUBLAS_DEFAULT_MATH,,False,2490.0,True,2500,52,105.4,13030,13030,False,2,1155de478289f4a7d40687f87000848267619032,ok,,
fft,radix2,fp32,1024,96,0,,0,0.072416,0.015072,0.0432,1000,0.071008,0.0736,5,67.875,baseline_cufft,632.099,10.74,joined,True,stream,1,kRadix2Global,ckl_fft,kSharedResident,,1,False,,,,,,,,pending ncu round,,15728640,10,96,1024,217.198,,,,512,7864320,3.1e-08,9.537e-06,CUBLAS_DEFAULT_MATH,,False,2497.0,True,2500,36,43.3,13030,13030,True,2,1155de478289f4a7d40687f87000848267619032,ok,,
fft,radix2,fp32,1024,96,0,,0,0.06592,0.024608,0.039616,1000,0.059104,0.066688,5,74.563,baseline_cufft,537.063,13.88,joined,False,stream,1,kRadix2Global,ckl_fft,kSharedResident,,1,False,,,,,,,,pending ncu round,,15728640,10,96,1024,238.602,,,,512,7864320,3.1e-08,9.537e-06,CUBLAS_DEFAULT_MATH,,False,2497.0,True,2500,35,31.0,13030,13030,False,2,1155de478289f4a7d40687f87000848267619032,ok,,
fft,radix2,fp32,2048,96,0,,0,0.070272,0.01248,0.047584,1000,0.068128,0.072608,5,153.88,baseline_cufft,925.808,16.62,joined,True,stream,1,kRadix2Global,ckl_fft,kSharedResident,,1,False,,,,,,,,pending ncu round,,34603008,11,96,2048,492.415,,,,768,17301504,2.4e-08,1.049e-05,CUBLAS_DEFAULT_MATH,,False,2497.0,True,2500,39,41.8,13030,13030,True,2,1155de478289f4a7d40687f87000848267619032,ok,,
fft,radix2,fp32,2048,96,0,,0,0.080864,0.029968,0.050176,1000,0.076016,0.081728,5,133.724,baseline_cufft,1036.564,12.9,joined,False,stream,1,kRadix2Global,ckl_fft,kSharedResident,,1,False,,,,,,,,pending ncu round,,34603008,11,96,2048,427.916,,,,768,17301504,2.4e-08,1.049e-05,CUBLAS_DEFAULT_MATH,,False,2497.0,True,2500,45,32.2,13030,13030,False,2,1155de478289f4a7d40687f87000848267619032,ok,,
fft,radix2,fp32,4096,96,0,,0,0.104176,0.016104,0.076672,1000,0.101648,0.106016,5,226.472,baseline_cufft,1706.667,13.27,joined,True,stream,1,kRadix2Global,ckl_fft,kSharedResident,,1,False,,,,,,,,pending ncu round,,75497472,12,96,4096,724.711,,,,1024,37748736,1.9e-08,1.1444e-05,CUBLAS_DEFAULT_MATH,,False,2497.0,True,2500,37,42.1,13030,13030,True,2,1155de478289f4a7d40687f87000848267619032,ok,,
fft,radix2,fp32,4096,96,0,,0,0.117776,0.052424,0.072704,1000,0.104976,0.138864,5,200.321,baseline_cufft,1800.44,11.13,joined,False,stream,1,kRadix2Global,ckl_fft,kSharedResident,,1,False,,,,,,,,pending ncu round,,75497472,12,96,4096,641.026,,,,1024,37748736,1.9e-08,1.1444e-05,CUBLAS_DEFAULT_MATH,,False,2497.0,True,2500,35,33.3,13030,13030,False,2,1155de478289f4a7d40687f87000848267619032,ok,,
fft,radix2,fp32,65536,1,0,,0,0.097152,0.012128,0.067968,1000,0.096752,0.097216,5,53.966,baseline_cufft,332.333,16.24,joined,True,stream,1,kRadix2Global,ckl_fft,kFourStep,,1,False,,,,,,,,pending ncu round,,16777216,16,1,65536,172.69,,,,4096,8388608,4e-09,1.5259e-05,CUBLAS_DEFAULT_MATH,,False,2497.0,True,2500,35,42.4,13030,13030,True,2,1155de478289f4a7d40687f87000848267619032,ok,,
fft,radix2,fp32,65536,1,0,,0,0.128064,0.047288,0.076096,1000,0.11184,0.13992,5,40.94,baseline_cufft,316.905,12.92,joined,False,stream,1,kRadix2Global,ckl_fft,kFourStep,,1,False,,,,,,,,pending ncu round,,16777216,16,1,65536,131.006,,,,4096,8388608,4e-09,1.5259e-05,CUBLAS_DEFAULT_MATH,,False,2497.0,True,2500,35,31.1,13030,13030,False,2,1155de478289f4a7d40687f87000848267619032,ok,,
fft,radix2,fp32,1048576,1,0,,0,0.217952,0.004352,0.202624,1000,0.216,0.220128,5,481.104,baseline_cufft,1611.805,29.85,joined,True,stream,1,kRadix2Global,ckl_fft,kFourStep,,1,False,,,,,,,,pending ncu round,,335544320,20,1,1048576,1539.533,,,,16384,167772160,2e-09,1.9073e-05,CUBLAS_DEFAULT_MATH,,False,2497.0,True,2500,47,62.1,13030,13030,True,2,1155de478289f4a7d40687f87000848267619032,ok,,
fft,radix2,fp32,1048576,1,0,,0,0.207824,0.032072,0.184576,1000,0.203152,0.25944,5,504.55,baseline_cufft,2576.101,19.59,joined,False,stream,1,kRadix2Global,ckl_fft,kFourStep,,1,False,,,,,,,,pending ncu round,,335544320,20,1,1048576,1614.56,,,,16384,167772160,2e-09,1.9073e-05,CUBLAS_DEFAULT_MATH,,False,2497.0,True,2500,40,46.4,13030,13030,False,2,1155de478289f4a7d40687f87000848267619032,ok,,
fft,radix2,fp32,4194304,1,0,,0,2.08864,0.027008,2.016032,829,2.087008,2.088768,5,220.897,baseline_cufft,1684.14,13.12,joined,True,stream,1,kRadix2Global,ckl_fft,kFourStep,,1,False,,,,,,,,pending ncu round,,1476395008,22,1,4194304,706.869,,,,32768,738197504,1e-09,2.0981e-05,CUBLAS_DEFAULT_MATH,,False,2490.0,True,2500,42,113.5,13030,13030,True,2,1155de478289f4a7d40687f87000848267619032,ok,,
fft,radix2,fp32,4194304,1,0,,0,2.086784,0.030624,2.038208,890,2.085792,2.08744,5,221.093,baseline_cufft,1731.05,12.77,joined,False,stream,1,kRadix2Global,ckl_fft,kFourStep,,1,False,,,,,,,,pending ncu round,,1476395008,22,1,4194304,707.498,,,,32768,738197504,1e-09,2.0981e-05,CUBLAS_DEFAULT_MATH,,False,2490.0,True,2500,42,116.6,13030,13030,False,2,1155de478289f4a7d40687f87000848267619032,ok,,
fft,radix2,fp32,16777216,1,0,,0,11.167968,0.26676,11.11232,172,11.165264,11.169616,5,180.271,baseline_cufft,1410.893,12.78,joined,True,stream,1,kRadix2Global,ckl_fft,kFourStep,,1,False,,,,,,,,pending ncu round,,6442450944,24,1,16777216,576.869,,,,65536,3221225472,0.0,2.2888e-05,CUBLAS_DEFAULT_MATH,,False,2490.0,True,2500,51,115.2,13030,13030,True,2,1155de478289f4a7d40687f87000848267619032,ok,,
fft,radix2,fp32,16777216,1,0,,0,13.110112,0.604704,11.120096,151,11.173888,13.163856,5,153.566,baseline_cufft,1412.144,10.87,joined,False,stream,1,kRadix2Global,ckl_fft,kFourStep,,1,False,,,,,,,,pending ncu round,,6442450944,24,1,16777216,491.411,,,,65536,3221225472,0.0,2.2888e-05,CUBLAS_DEFAULT_MATH,,False,2497.0,True,2500,51,110.8,13030,13030,False,2,1155de478289f4a7d40687f87000848267619032,ok,,
fft,radix4,fp32,1024,96,0,,0,0.02384,0.000192,0.02176,1000,0.02384,0.02384,5,206.174,baseline_cufft,632.099,32.62,joined,True,stream,1,kRadix4Global,ckl_fft,kSharedResident,,1,False,,,,,,,,pending ncu round,,7864320,5,96,1024,329.879,,,,512,5898240,2.9e-08,9.537e-06,CUBLAS_DEFAULT_MATH,,False,2497.0,True,2500,35,41.8,13030,13030,True,2,1155de478289f4a7d40687f87000848267619032,ok,,
fft,radix4,fp32,1024,96,0,,0,0.0372,0.025984,0.020256,1000,0.035184,0.041216,5,132.129,baseline_cufft,537.063,24.6,joined,False,stream,1,kRadix4Global,ckl_fft,kSharedResident,,1,False,,,,,,,,pending ncu round,,7864320,5,96,1024,211.406,,,,512,5898240,2.9e-08,9.537e-06,CUBLAS_DEFAULT_MATH,,False,2497.0,True,2500,37,29.6,13030,13030,False,2,1155de478289f4a7d40687f87000848267619032,ok,,
fft,radix4,fp32,2048,96,0,,0,0.029952,0.000192,0.027456,1000,0.029952,0.029984,5,361.026,baseline_cufft,925.808,39.0,joined,True,stream,1,kRadix4Global,ckl_fft,kSharedResident,,1,False,,,,,,,,pending ncu round,,18874368,6,96,2048,630.154,,,,768,13369344,2.4e-08,1.049e-05,CUBLAS_DEFAULT_MATH,,False,2497.0,True,2500,35,42.3,13030,13030,True,2,1155de478289f4a7d40687f87000848267619032,ok,,
fft,radix4,fp32,2048,96,0,,0,0.046512,0.028488,0.025312,1000,0.044784,0.060368,5,232.487,baseline_cufft,1036.564,22.43,joined,False,stream,1,kRadix4Global,ckl_fft,kSharedResident,,1,False,,,,,,,,pending ncu round,,18874368,6,96,2048,405.796,,,,768,13369344,2.4e-08,1.049e-05,CUBLAS_DEFAULT_MATH,,False,2497.0,True,2500,35,30.5,13030,13030,False,2,1155de478289f4a7d40687f87000848267619032,ok,,
fft,radix4,fp32,4096,96,0,,0,0.046192,0.002048,0.042368,1000,0.046176,0.046208,5,510.759,baseline_cufft,1706.667,29.93,joined,True,stream,1,kRadix4Global,ckl_fft,kSharedResident,,1,False,,,,,,,,pending ncu round,,37748736,6,96,4096,817.214,,,,1024,28311552,1.7e-08,1.1444e-05,CUBLAS_DEFAULT_MATH,,False,2497.0,True,2500,35,41.9,13030,13030,True,2,1155de478289f4a7d40687f87000848267619032,ok,,
fft,radix4,fp32,4096,96,0,,0,0.058048,0.026712,0.03968,1000,0.057232,0.060672,5,406.439,baseline_cufft,1800.44,22.57,joined,False,stream,1,kRadix4Global,ckl_fft,kSharedResident,,1,False,,,,,,,,pending ncu round,,37748736,6,96,4096,650.302,,,,1024,28311552,1.7e-08,1.1444e-05,CUBLAS_DEFAULT_MATH,,False,2497.0,True,2500,36,33.8,13030,13030,False,2,1155de478289f4a7d40687f87000848267619032,ok,,
fft,radix4,fp32,65536,1,0,,0,0.035392,0.000512,0.0336,1000,0.035392,0.035392,5,148.137,baseline_cufft,332.333,44.57,joined,True,stream,1,kRadix4Global,ckl_fft,kFourStep,,1,False,,,,,,,,pending ncu round,,8388608,8,1,65536,237.02,,,,4096,6291456,4e-09,1.5259e-05,CUBLAS_DEFAULT_MATH,,False,2497.0,True,2500,38,41.2,13030,13030,True,2,1155de478289f4a7d40687f87000848267619032,ok,,
fft,radix4,fp32,65536,1,0,,0,0.067456,0.03428,0.033248,1000,0.059264,0.068688,5,77.723,baseline_cufft,316.905,24.53,joined,False,stream,1,kRadix4Global,ckl_fft,kFourStep,,1,False,,,,,,,,pending ncu round,,8388608,8,1,65536,124.357,,,,4096,6291456,4e-09,1.5259e-05,CUBLAS_DEFAULT_MATH,,False,2497.0,True,2500,44,32.1,13030,13030,False,2,1155de478289f4a7d40687f87000848267619032,ok,,
fft,radix4,fp32,1048576,1,0,,0,0.131872,0.00224,0.120416,1000,0.131808,0.131936,5,795.147,baseline_cufft,1611.805,49.33,joined,True,stream,1,kRadix4Global,ckl_fft,kFourStep,,1,False,,,,,,,,pending ncu round,,167772160,10,1,1048576,1272.235,,,,16384,125829120,2e-09,1.9073e-05,CUBLAS_DEFAULT_MATH,,False,2497.0,True,2500,38,51.5,13030,13030,True,2,1155de478289f4a7d40687f87000848267619032,ok,,
fft,radix4,fp32,1048576,1,0,,0,0.121568,0.003784,0.111072,1000,0.12136,0.121664,5,862.543,baseline_cufft,2576.101,33.48,joined,False,stream,1,kRadix4Global,ckl_fft,kFourStep,,1,False,,,,,,,,pending ncu round,,167772160,10,1,1048576,1380.068,,,,16384,125829120,2e-09,1.9073e-05,CUBLAS_DEFAULT_MATH,,False,2497.0,True,2500,40,40.8,13030,13030,False,2,1155de478289f4a7d40687f87000848267619032,ok,,
fft,radix4,fp32,4194304,1,0,,0,1.018592,0.024656,0.989248,1000,1.017904,1.01872,5,452.952,baseline_cufft,1684.14,26.9,joined,True,stream,1,kRadix4Global,ckl_fft,kFourStep,,1,False,,,,,,,,pending ncu round,,738197504,11,1,4194304,724.723,,,,32768,553648128,1e-09,2.0981e-05,CUBLAS_DEFAULT_MATH,,False,2490.0,True,2500,41,115.1,13030,13030,True,2,1155de478289f4a7d40687f87000848267619032,ok,,
fft,radix4,fp32,4194304,1,0,,0,0.99184,0.023296,0.954368,1000,0.991184,0.992416,5,465.169,baseline_cufft,1731.05,26.87,joined,False,stream,1,kRadix4Global,ckl_fft,kFourStep,,1,False,,,,,,,,pending ncu round,,738197504,11,1,4194304,744.271,,,,32768,553648128,1e-09,2.0981e-05,CUBLAS_DEFAULT_MATH,,False,2490.0,True,2500,42,115.4,13030,13030,False,2,1155de478289f4a7d40687f87000848267619032,ok,,
fft,radix4,fp32,16777216,1,0,,0,5.596016,0.028704,5.573056,334,5.594208,5.603808,5,359.768,baseline_cufft,1410.893,25.5,joined,True,stream,1,kRadix4Global,ckl_fft,kFourStep,,1,False,,,,,,,,pending ncu round,,3221225472,12,1,16777216,575.628,,,,65536,2415919104,0.0,2.2888e-05,CUBLAS_DEFAULT_MATH,,False,2490.0,True,2500,42,113.7,13030,13030,True,2,1155de478289f4a7d40687f87000848267619032,ok,,
fft,radix4,fp32,16777216,1,0,,0,5.595616,0.029152,5.55296,345,5.59288,5.598352,5,359.793,baseline_cufft,1412.144,25.48,joined,False,stream,1,kRadix4Global,ckl_fft,kFourStep,,1,False,,,,,,,,pending ncu round,,3221225472,12,1,16777216,575.67,,,,65536,2415919104,0.0,2.2888e-05,CUBLAS_DEFAULT_MATH,,False,2497.0,True,2500,41,113.8,13030,13030,False,2,1155de478289f4a7d40687f87000848267619032,ok,,
fft,radix8,fp32,1024,96,0,,0,0.019328,0.001952,0.017568,1000,0.017984,0.019616,5,254.305,baseline_cufft,632.099,40.23,joined,True,stream,1,kRadix8Global,ckl_fft,kSharedResident,,1,False,,,,,,,,pending ncu round,,6291456,4,96,1024,325.51,,,,512,4915200,2.9e-08,9.537e-06,CUBLAS_DEFAULT_MATH,,False,2497.0,True,2500,47,40.6,13030,13030,True,2,1155de478289f4a7d40687f87000848267619032,ok,,
fft,radix8,fp32,1024,96,0,,0,0.023392,0.013416,0.015168,1000,0.023168,0.023552,5,210.123,baseline_cufft,537.063,39.12,joined,False,stream,1,kRadix8Global,ckl_fft,kSharedResident,,1,False,,,,,,,,pending ncu round,,6291456,4,96,1024,268.958,,,,512,4915200,2.9e-08,9.537e-06,CUBLAS_DEFAULT_MATH,,False,2497.0,True,2500,36,30.4,13030,13030,False,2,1155de478289f4a7d40687f87000848267619032,ok,,
fft,radix8,fp32,2048,96,0,,0,0.023936,0.00016,0.021408,1000,0.023936,0.023936,5,451.765,baseline_cufft,925.808,48.8,joined,True,stream,1,kRadix8Global,ckl_fft,kSharedResident,,1,False,,,,,,,,pending ncu round,,12582912,4,96,2048,525.69,,,,768,10616832,2.2e-08,1.049e-05,CUBLAS_DEFAULT_MATH,,False,2497.0,True,2500,37,39.3,13030,13030,True,2,1155de478289f4a7d40687f87000848267619032,ok,,
fft,radix8,fp32,2048,96,0,,0,0.025744,0.015424,0.017792,1000,0.025344,0.02592,5,420.037,baseline_cufft,1036.564,40.52,joined,False,stream,1,kRadix8Global,ckl_fft,kSharedResident,,1,False,,,,,,,,pending ncu round,,12582912,4,96,2048,488.771,,,,768,10616832,2.2e-08,1.049e-05,CUBLAS_DEFAULT_MATH,,False,2497.0,True,2500,44,31.6,13030,13030,False,2,1155de478289f4a7d40687f87000848267619032,ok,,
fft,radix8,fp32,4096,96,0,,0,0.03616,0.000512,0.032704,1000,0.036128,0.036192,5,652.46,baseline_cufft,1706.667,38.23,joined,True,stream,1,kRadix8Global,ckl_fft,kSharedResident,,1,False,,,,,,,,pending ncu round,,25165824,4,96,4096,695.958,,,,1024,22020096,1.9e-08,1.1444e-05,CUBLAS_DEFAULT_MATH,,False,2497.0,True,2500,35,42.6,13030,13030,True,2,1155de478289f4a7d40687f87000848267619032,ok,,
fft,radix8,fp32,4096,96,0,,0,0.033984,0.021352,0.028864,1000,0.033856,0.0348,5,694.237,baseline_cufft,1800.44,38.56,joined,False,stream,1,kRadix8Global,ckl_fft,kSharedResident,,1,False,,,,,,,,pending ncu round,,25165824,4,96,4096,740.52,,,,1024,22020096,1.9e-08,1.1444e-05,CUBLAS_DEFAULT_MATH,,False,2497.0,True,2500,38,30.2,13030,13030,False,2,1155de478289f4a7d40687f87000848267619032,ok,,
fft,radix8,fp32,65536,1,0,,0,0.02592,0.0016,0.025376,1000,0.025888,0.02592,5,202.272,baseline_cufft,332.333,60.86,joined,True,stream,1,kRadix8Global,ckl_fft,kFourStep,,1,False,,,,,,,,pending ncu round,,6291456,6,1,65536,242.726,,,,4096,5111808,4e-09,1.5259e-05,CUBLAS_DEFAULT_MATH,,False,2497.0,True,2500,37,40.6,13030,13030,True,2,1155de478289f4a7d40687f87000848267619032,ok,,
fft,radix8,fp32,65536,1,0,,0,0.045056,0.02964,0.024544,1000,0.043776,0.045344,5,116.364,baseline_cufft,316.905,36.72,joined,False,stream,1,kRadix8Global,ckl_fft,kFourStep,,1,False,,,,,,,,pending ncu round,,6291456,6,1,65536,139.636,,,,4096,5111808,4e-09,1.5259e-05,CUBLAS_DEFAULT_MATH,,False,2497.0,True,2500,35,30.1,13030,13030,False,2,1155de478289f4a7d40687f87000848267619032,ok,,
fft,radix8,fp32,1048576,1,0,,0,0.107552,0.00384,0.092192,1000,0.10752,0.107616,5,974.948,baseline_cufft,1611.805,60.49,joined,True,stream,1,kRadix8Global,ckl_fft,kFourStep,,1,False,,,,,,,,pending ncu round,,117440512,7,1,1048576,1091.942,,,,16384,100663296,2e-09,1.9073e-05,CUBLAS_DEFAULT_MATH,,False,2497.0,True,2500,36,48.0,13030,13030,True,2,1155de478289f4a7d40687f87000848267619032,ok,,
fft,radix8,fp32,1048576,1,0,,0,0.101648,0.026064,0.085408,1000,0.0928,0.117984,5,1031.576,baseline_cufft,2576.101,40.04,joined,False,stream,1,kRadix8Global,ckl_fft,kFourStep,,1,False,,,,,,,,pending ncu round,,117440512,7,1,1048576,1155.365,,,,16384,100663296,2e-09,1.9073e-05,CUBLAS_DEFAULT_MATH,,False,2497.0,True,2500,35,35.0,13030,13030,False,2,1155de478289f4a7d40687f87000848267619032,ok,,
fft,radix8,fp32,4194304,1,0,,0,0.746624,0.006088,0.72576,1000,0.746624,0.746624,5,617.946,baseline_cufft,1684.14,36.69,joined,True,stream,1,kRadix8Global,ckl_fft,kFourStep,,1,False,,,,,,,,pending ncu round,,536870912,8,1,4194304,719.065,,,,32768,444596224,1e-09,2.0981e-05,CUBLAS_DEFAULT_MATH,,False,2497.0,True,2500,41,110.7,13030,13030,True,2,1155de478289f4a7d40687f87000848267619032,ok,,
fft,radix8,fp32,4194304,1,0,,0,0.745664,0.01684,0.686944,1000,0.744896,0.751888,5,618.742,baseline_cufft,1731.05,35.74,joined,False,stream,1,kRadix8Global,ckl_fft,kFourStep,,1,False,,,,,,,,pending ncu round,,536870912,8,1,4194304,719.99,,,,32768,444596224,1e-09,2.0981e-05,CUBLAS_DEFAULT_MATH,,False,2497.0,True,2500,42,94.3,13030,13030,False,2,1155de478289f4a7d40687f87000848267619032,ok,,
fft,radix8,fp32,16777216,1,0,,0,3.72128,0.004928,3.690432,497,3.721248,3.721312,5,541.014,baseline_cufft,1410.893,38.35,joined,True,stream,1,kRadix8Global,ckl_fft,kFourStep,,1,False,,,,,,,,pending ncu round,,2147483648,8,1,16777216,577.082,,,,65536,1879048192,0.0,2.2888e-05,CUBLAS_DEFAULT_MATH,,False,2497.0,True,2500,48,112.3,13030,13030,True,2,1155de478289f4a7d40687f87000848267619032,ok,,
fft,radix8,fp32,16777216,1,0,,0,3.715424,0.014528,3.664736,515,3.715168,3.716192,5,541.867,baseline_cufft,1412.144,38.37,joined,False,stream,1,kRadix8Global,ckl_fft,kFourStep,,1,False,,,,,,,,pending ncu round,,2147483648,8,1,16777216,577.992,,,,65536,1879048192,0.0,2.2888e-05,CUBLAS_DEFAULT_MATH,,False,2490.0,True,2500,42,114.7,13030,13030,False,2,1155de478289f4a7d40687f87000848267619032,ok,,
fft,shared,fp32,1024,96,0,,0,0.011776,9.6e-05,0.0096,1000,0.011776,0.011776,5,417.391,baseline_cufft,632.099,66.03,joined,True,stream,1,kSharedResident,ckl_fft,kSharedResident,,1,False,,,,,,,,pending ncu round,,1572864,1,96,1024,133.565,,,,512,7864320,3.1e-08,9.537e-06,CUBLAS_DEFAULT_MATH,,False,2497.0,True,2500,36,38.3,13030,13030,True,2,1155de478289f4a7d40687f87000848267619032,ok,,
fft,shared,fp32,1024,96,0,,0,0.010784,0.001824,0.00752,1000,0.01072,0.010848,5,455.786,baseline_cufft,537.063,84.87,joined,False,stream,1,kSharedResident,ckl_fft,kSharedResident,,1,False,,,,,,,,pending ncu round,,1572864,1,96,1024,145.852,,,,512,7864320,3.1e-08,9.537e-06,CUBLAS_DEFAULT_MATH,,False,2497.0,True,2500,35,30.2,13030,13030,False,2,1155de478289f4a7d40687f87000848267619032,ok,,
fft,shared,fp32,2048,96,0,,0,0.017824,0.001984,0.015328,1000,0.017824,0.017856,5,606.679,baseline_cufft,925.808,65.53,joined,True,stream,1,kSharedResident,ckl_fft,kSharedResident,,1,False,,,,,,,,pending ncu round,,3145728,1,96,2048,176.488,,,,768,17301504,2.4e-08,1.049e-05,CUBLAS_DEFAULT_MATH,,False,2497.0,True,2500,35,41.5,13030,13030,True,2,1155de478289f4a7d40687f87000848267619032,ok,,
fft,shared,fp32,2048,96,0,,0,0.014528,0.001152,0.011136,1000,0.014432,0.01504,5,744.317,baseline_cufft,1036.564,71.81,joined,False,stream,1,kSharedResident,ckl_fft,kSharedResident,,1,False,,,,,,,,pending ncu round,,3145728,1,96,2048,216.529,,,,768,17301504,2.4e-08,1.049e-05,CUBLAS_DEFAULT_MATH,,False,2497.0,True,2500,35,30.5,13030,13030,False,2,1155de478289f4a7d40687f87000848267619032,ok,,
fft,shared,fp32,4096,96,0,,0,0.040352,0.002016,0.036768,1000,0.038432,0.040416,5,584.679,baseline_cufft,1706.667,34.26,joined,True,stream,1,kSharedResident,ckl_fft,kSharedResident,,1,False,,,,,,,,pending ncu round,,6291456,1,96,4096,155.914,,,,1024,37748736,1.9e-08,1.1444e-05,CUBLAS_DEFAULT_MATH,,False,2497.0,True,2500,49,40.8,13030,13030,True,2,1155de478289f4a7d40687f87000848267619032,ok,,
fft,shared,fp32,4096,96,0,,0,0.029024,0.001408,0.02528,1000,0.028224,0.029248,5,812.878,baseline_cufft,1800.44,45.15,joined,False,stream,1,kSharedResident,ckl_fft,kSharedResident,,1,False,,,,,,,,pending ncu round,,6291456,1,96,4096,216.767,,,,1024,37748736,1.9e-08,1.1444e-05,CUBLAS_DEFAULT_MATH,,False,2497.0,True,2500,46,32.5,13030,13030,False,2,1155de478289f4a7d40687f87000848267619032,ok,,
gemm,baseline_cublas_autotune,bf16,1024,1024,1024,,0,0.044544,9.6e-05,0.044128,1000,0.044544,0.044544,5,48210.391,baseline_cublas_default,48175.781,100.07,joined,True,stream,1,cublas,cublasGemmEx,wmma_bf16,,1,False,,,,,,,,,,,,,,,,,,,,0.0,3.0518e-05,CUBLAS_DEFAULT_MATH,CUBLAS_GEMM_AUTOTUNE,False,2497.0,True,2500,38,42.4,13030,13030,True,2,1155de478289f4a7d40687f87000848267619032,ok,,
gemm,baseline_cublas_autotune,bf16,1024,1024,1024,,0,0.046464,0.00192,0.043776,1000,0.046336,0.046752,5,46218.226,baseline_cublas_default,45714.485,101.1,joined,False,stream,1,cublas,cublasGemmEx,wmma_bf16,,1,False,,,,,,,,,,,,,,,,,,,,0.0,3.0518e-05,CUBLAS_DEFAULT_MATH,CUBLAS_GEMM_AUTOTUNE,False,2497.0,True,2500,35,32.3,13030,13030,False,2,1155de478289f4a7d40687f87000848267619032,ok,,
gemm,baseline_cublas_autotune,bf16,2048,2048,2048,,0,0.305152,0.000456,0.30304,1000,0.304976,0.305152,5,56299.383,baseline_cublas_default,56328.919,99.95,joined,True,stream,1,cublas,cublasGemmEx,wmma_bf16,,1,False,,,,,,,,,,,,,,,,,,,,0.0,4.3158e-05,CUBLAS_DEFAULT_MATH,CUBLAS_GEMM_AUTOTUNE,False,2497.0,True,2500,43,78.2,13030,13030,True,2,1155de478289f4a7d40687f87000848267619032,ok,,
gemm,baseline_cublas_autotune,bf16,2048,2048,2048,,0,0.315904,0.0082,0.303168,1000,0.306496,0.317504,5,54383.198,baseline_cublas_default,56111.089,96.92,joined,False,stream,1,cublas,cublasGemmEx,wmma_bf16,,1,False,,,,,,,,,,,,,,,,,,,,0.0,4.3158e-05,CUBLAS_DEFAULT_MATH,CUBLAS_GEMM_AUTOTUNE,False,2497.0,True,2500,43,64.4,13030,13030,False,2,1155de478289f4a7d40687f87000848267619032,ok,,
gemm,baseline_cublas_autotune,bf16,4096,4096,4096,,0,2.325536,0.019984,2.315296,823,2.324,2.3864,5,59099.903,baseline_cublas_default,57615.378,102.58,joined,False,stream,1,cublas,cublasGemmEx,wmma_bf16,,1,False,,,,,,,,,,,,,,,,,,,,0.0,6.1035e-05,CUBLAS_DEFAULT_MATH,CUBLAS_GEMM_AUTOTUNE,False,2497.0,True,2500,52,160.7,13030,13030,True,2,1155de478289f4a7d40687f87000848267619032,ok,,
gemm,baseline_cublas_autotune,bf16,8192,8192,8192,,0,18.495424,0.961714,18.224159,107,18.293856,18.505824,5,59447.765,baseline_cublas_default,59552.137,99.82,joined,False,stream,1,cublas,cublasGemmEx,wmma_bf16,,1,False,,,,,,,,,,,,,,,,,,,,0.0,8.6317e-05,CUBLAS_DEFAULT_MATH,CUBLAS_GEMM_AUTOTUNE,False,2497.0,True,2500,52,125.4,13030,13030,True,2,1155de478289f4a7d40687f87000848267619032,ok,,
gemm,baseline_cublas_default,bf16,1024,1024,1024,,0,0.044576,0.000128,0.044032,1000,0.044544,0.044992,5,48175.781,baseline_cublas_default,48175.781,100.0,self,True,stream,1,cublas,ckl_gemm,wmma_bf16,,1,False,,,,,,,,,,,,,,,,,,,,0.0,3.0518e-05,CUBLAS_DEFAULT_MATH,CUBLAS_GEMM_DEFAULT,False,2497.0,True,2500,34,44.3,13030,13030,True,2,1155de478289f4a7d40687f87000848267619032,ok,,
gemm,baseline_cublas_default,bf16,1024,1024,1024,,0,0.046976,0.00324,0.043776,1000,0.046848,0.04704,5,45714.485,baseline_cublas_default,45714.485,100.0,self,False,stream,1,cublas,ckl_gemm,wmma_bf16,,1,False,,,,,,,,,,,,,,,,,,,,0.0,3.0518e-05,CUBLAS_DEFAULT_MATH,CUBLAS_GEMM_DEFAULT,False,2497.0,True,2500,37,32.3,13030,13030,False,2,1155de478289f4a7d40687f87000848267619032,ok,,
gemm,baseline_cublas_default,bf16,2048,2048,2048,,0,0.304992,0.001984,0.302976,1000,0.304736,0.305152,5,56328.919,baseline_cublas_default,56328.919,100.0,self,True,stream,1,cublas,ckl_gemm,wmma_bf16,,1,False,,,,,,,,,,,,,,,,,,,,0.0,4.3158e-05,CUBLAS_DEFAULT_MATH,CUBLAS_GEMM_DEFAULT,False,2497.0,True,2500,43,76.3,13030,13030,True,2,1155de478289f4a7d40687f87000848267619032,ok,,
gemm,baseline_cublas_default,bf16,2048,2048,2048,,0,0.306176,0.002016,0.302752,1000,0.305888,0.307616,5,56111.089,baseline_cublas_default,56111.089,100.0,self,False,stream,1,cublas,ckl_gemm,wmma_bf16,,1,False,,,,,,,,,,,,,,,,,,,,0.0,4.3158e-05,CUBLAS_DEFAULT_MATH,CUBLAS_GEMM_DEFAULT,False,2497.0,True,2500,46,58.2,13030,13030,False,2,1155de478289f4a7d40687f87000848267619032,ok,,
gemm,baseline_cublas_default,bf16,4096,4096,4096,,0,2.385456,0.016288,2.379488,782,2.384608,2.387872,5,57615.378,baseline_cublas_default,57615.378,100.0,self,False,stream,1,cublas,ckl_gemm,wmma_bf16,,1,False,,,,,,,,,,,,,,,,,,,,0.0,6.1035e-05,CUBLAS_DEFAULT_MATH,CUBLAS_GEMM_DEFAULT,False,2497.0,True,2500,48,128.2,13030,13030,True,2,1155de478289f4a7d40687f87000848267619032,ok,,
gemm,baseline_cublas_default,bf16,8192,8192,8192,,0,18.463009,1.131167,18.228289,107,18.2928,18.514895,5,59552.137,baseline_cublas_default,59552.137,100.0,self,False,stream,1,cublas,ckl_gemm,wmma_bf16,,1,False,,,,,,,,,,,,,,,,,,,,0.0,8.6317e-05,CUBLAS_DEFAULT_MATH,CUBLAS_GEMM_DEFAULT,False,2497.0,True,2500,50,121.5,13030,13030,True,2,1155de478289f4a7d40687f87000848267619032,ok,,
gemm,wmma,bf16,1024,1024,1024,,0,0.097728,0.002016,0.094144,1000,0.097664,0.09776,5,21974.088,baseline_cublas_default,48175.781,45.61,joined,True,stream,1,wmma_bf16,ckl_gemm,wmma_bf16,,1,False,,,,,,,,,,,,,,,,,,,,0.0,3.0518e-05,CUBLAS_DEFAULT_MATH,,False,2497.0,True,2500,40,47.5,13030,13030,True,2,1155de478289f4a7d40687f87000848267619032,ok,,
gemm,wmma,bf16,1024,1024,1024,,0,0.091968,0.001312,0.088992,1000,0.091904,0.092176,5,23350.335,baseline_cublas_default,45714.485,51.08,joined,False,stream,1,wmma_bf16,ckl_gemm,wmma_bf16,,1,False,,,,,,,,,,,,,,,,,,,,0.0,3.0518e-05,CUBLAS_DEFAULT_MATH,,False,2497.0,True,2500,46,33.8,13030,13030,False,2,1155de478289f4a7d40687f87000848267619032,ok,,
gemm,wmma,bf16,2048,2048,2048,,0,0.587328,0.002048,0.58464,1000,0.587296,0.587328,5,29250.893,baseline_cublas_default,56328.919,51.93,joined,True,stream,1,wmma_bf16,ckl_gemm,wmma_bf16,,1,False,,,,,,,,,,,,,,,,,,,,0.0,4.3158e-05,CUBLAS_DEFAULT_MATH,,False,2497.0,True,2500,52,92.7,13030,13030,True,2,1155de478289f4a7d40687f87000848267619032,ok,,
gemm,wmma,bf16,2048,2048,2048,,0,0.580416,0.002824,0.575424,1000,0.58032,0.580624,5,29599.233,baseline_cublas_default,56111.089,52.75,joined,False,stream,1,wmma_bf16,ckl_gemm,wmma_bf16,,1,False,,,,,,,,,,,,,,,,,,,,0.0,4.3158e-05,CUBLAS_DEFAULT_MATH,,False,2497.0,True,2500,44,71.6,13030,13030,False,2,1155de478289f4a7d40687f87000848267619032,ok,,
gemm,wmma,bf16,4096,4096,4096,,0,4.412448,0.016576,4.39488,433,4.411584,4.412768,5,31148.006,baseline_cublas_default,57615.378,54.06,joined,False,stream,1,wmma_bf16,ckl_gemm,wmma_bf16,,1,False,,,,,,,,,,,,,,,,,,,,0.0,6.1035e-05,CUBLAS_DEFAULT_MATH,,False,2497.0,True,2500,47,119.7,13030,13030,True,2,1155de478289f4a7d40687f87000848267619032,ok,,
gemm,wmma,bf16,8192,8192,8192,,0,36.379423,0.913794,35.207233,56,36.250977,36.393007,5,30223.449,baseline_cublas_default,59552.137,50.75,joined,False,stream,1,wmma_bf16,ckl_gemm,wmma_bf16,,1,False,,,,,,,,,,,,,,,,,,,,0.0,8.6317e-05,CUBLAS_DEFAULT_MATH,,False,2497.0,True,2500,48,160.2,13030,13030,True,2,1155de478289f4a7d40687f87000848267619032,ok,,
gemm,baseline_cublas_autotune,fp16,128,128,128,,0,0.005632,9.6e-05,0.005152,1000,0.005632,0.006112,5,744.727,baseline_cublas_default,744.727,100.0,joined,True,stream,1,cublas,cublasGemmEx,stream_k,,1,False,,,,,,,,,,,,,,,,,,,,0.0,1.079e-05,CUBLAS_DEFAULT_MATH,CUBLAS_GEMM_AUTOTUNE,False,2497.0,True,2500,37,39.5,13030,13030,True,2,1155de478289f4a7d40687f87000848267619032,ok,,
gemm,baseline_cublas_autotune,fp16,128,128,128,,0,0.002331,6e-06,0.00147,1000,0.00151,0.002333,5,1799.204,baseline_cublas_default,2774.011,64.86,joined,True,graph,20,cublas,cublasGemmEx,stream_k,,1,False,,,,,,,,,,,,,,,,,,,,1.5e-07,1.079e-05,CUBLAS_DEFAULT_MATH,CUBLAS_GEMM_AUTOTUNE,False,2497.0,True,2500,37,40.9,13030,13030,False,2,1155de478289f4a7d40687f87000848267619032,ok,,
gemm,baseline_cublas_autotune,fp16,128,128,128,,0,0.00848,0.00176,0.00416,1000,0.008384,0.009392,5,494.611,baseline_cublas_default,474.899,104.15,joined,False,stream,1,cublas,cublasGemmEx,stream_k,,1,False,,,,,,,,,,,,,,,,,,,,0.0,1.079e-05,CUBLAS_DEFAULT_MATH,CUBLAS_GEMM_AUTOTUNE,False,2497.0,True,2500,35,30.6,13030,13030,False,2,1155de478289f4a7d40687f87000848267619032,ok,,
gemm,baseline_cublas_autotune,fp16,128,128,128,,0,0.006378,0.001237,0.004477,1000,0.006164,0.007851,5,657.662,baseline_cublas_default,706.207,93.13,joined,True,stream,20,cublas,cublasGemmEx,stream_k,,1,False,,,,,,,,,,,,,,,,,,,,1.5e-07,1.079e-05,CUBLAS_DEFAULT_MATH,CUBLAS_GEMM_AUTOTUNE,False,2497.0,True,2500,42,42.1,13030,13030,False,2,1155de478289f4a7d40687f87000848267619032,ok,,
gemm,baseline_cublas_autotune,fp16,256,256,256,,0,0.007648,0.000256,0.005536,1000,0.006176,0.007648,5,4387.347,baseline_cublas_default,4387.347,100.0,joined,True,stream,1,cublas,cublasGemmEx,stream_k,,1,False,,,,,,,,,,,,,,,,,,,,0.0,1.5259e-05,CUBLAS_DEFAULT_MATH,CUBLAS_GEMM_AUTOTUNE,False,2497.0,True,2500,37,40.0,13030,13030,True,2,1155de478289f4a7d40687f87000848267619032,ok,,
gemm,baseline_cublas_autotune,fp16,256,256,256,,0,0.002742,0.000101,0.002531,1000,0.002742,0.002862,5,12235.426,baseline_cublas_default,11912.252,102.71,joined,True,graph,20,cublas,cublasGemmEx,stream_k,,1,False,,,,,,,,,,,,,,,,,,,,0.0,1.5259e-05,CUBLAS_DEFAULT_MATH,CUBLAS_GEMM_AUTOTUNE,False,2497.0,True,2500,37,39.7,13030,13030,False,2,1155de478289f4a7d40687f87000848267619032,ok,,
gemm,baseline_cublas_autotune,fp16,256,256,256,,0,0.009728,0.00412,0.005248,1000,0.00928,0.009952,5,3449.263,baseline_cublas_default,3603.354,95.72,joined,False,stream,1,cublas,cublasGemmEx,stream_k,,1,False,,,,,,,,,,,,,,,,,,,,0.0,1.5259e-05,CUBLAS_DEFAULT_MATH,CUBLAS_GEMM_AUTOTUNE,False,2497.0,True,2500,35,30.7,13030,13030,False,2,1155de478289f4a7d40687f87000848267619032,ok,,
gemm,baseline_cublas_autotune,fp16,256,256,256,,0,0.006097,0.001102,0.004493,1000,0.005953,0.006253,5,5503.614,baseline_cublas_default,5540.692,99.33,joined,True,stream,20,cublas,cublasGemmEx,stream_k,,1,False,,,,,,,,,,,,,,,,,,,,0.0,1.5259e-05,CUBLAS_DEFAULT_MATH,CUBLAS_GEMM_AUTOTUNE,False,2497.0,True,2500,37,44.4,13030,13030,False,2,1155de478289f4a7d40687f87000848267619032,ok,,
gemm,baseline_cublas_autotune,fp16,512,512,512,,0,0.01184,0.001952,0.011424,1000,0.011808,0.01184,5,22671.914,baseline_cublas_default,22671.914,100.0,joined,True,stream,1,cublas,cublasGemmEx,stream_k,,1,False,,,,,,,,,,,,,,,,,,,,0.0,2.1579e-05,CUBLAS_DEFAULT_MATH,CUBLAS_GEMM_AUTOTUNE,False,2497.0,True,2500,37,42.1,13030,13030,True,2,1155de478289f4a7d40687f87000848267619032,ok,,
gemm,baseline_cublas_autotune,fp16,512,512,512,,0,0.008165,1e-05,0.007958,1000,0.008165,0.008166,5,32877.163,baseline_cublas_default,32870.72,100.02,joined,True,graph,20,cublas,cublasGemmEx,stream_k,,1,False,,,,,,,,,,,,,,,,,,,,0.0,2.1579e-05,CUBLAS_DEFAULT_MATH,CUBLAS_GEMM_AUTOTUNE,False,2497.0,True,2500,40,51.2,13030,13030,False,2,1155de478289f4a7d40687f87000848267619032,ok,,
gemm,baseline_cublas_autotune,fp16,512,512,512,,0,0.01536,0.005904,0.010944,1000,0.015072,0.016,5,17476.267,baseline_cublas_default,17119.608,102.08,joined,False,stream,1,cublas,cublasGemmEx,stream_k,,1,False,,,,,,,,,,,,,,,,,,,,0.0,2.1579e-05,CUBLAS_DEFAULT_MATH,CUBLAS_GEMM_AUTOTUNE,False,2497.0,True,2500,36,30.8,13030,13030,False,2,1155de478289f4a7d40687f87000848267619032,ok,,
gemm,baseline_cublas_autotune,fp16,512,512,512,,0,0.010426,0.001688,0.010298,1000,0.010349,0.010438,5,25747.723,baseline_cublas_default,25870.804,99.52,joined,True,stream,20,cublas,cublasGemmEx,stream_k,,1,False,,,,,,,,,,,,,,,,,,,,0.0,2.1579e-05,CUBLAS_DEFAULT_MATH,CUBLAS_GEMM_AUTOTUNE,False,2497.0,True,2500,36,53.7,13030,13030,False,2,1155de478289f4a7d40687f87000848267619032,ok,,
gemm,baseline_cublas_autotune,fp16,768,768,768,,0,0.022304,0.001984,0.021632,1000,0.022048,0.024,5,40619.156,baseline_cublas_default,37648.339,107.89,joined,True,stream,1,cublas,cublasGemmEx,stream_k,,1,False,,,,,,,,,,,,,,,,,,,,0.0,2.6429e-05,CUBLAS_DEFAULT_MATH,CUBLAS_GEMM_AUTOTUNE,False,2497.0,True,2500,36,43.3,13030,13030,True,2,1155de478289f4a7d40687f87000848267619032,ok,,
gemm,baseline_cublas_autotune,fp16,768,768,768,,0,0.018614,0.000101,0.017666,1000,0.01779,0.018614,5,48670.368,baseline_cublas_default,48416.505,100.52,joined,True,graph,20,cublas,cublasGemmEx,stream_k,,1,False,,,,,,,,,,,,,,,,,,,,0.0,2.6429e-05,CUBLAS_DEFAULT_MATH,CUBLAS_GEMM_AUTOTUNE,False,2497.0,True,2500,41,70.0,13030,13030,False,2,1155de478289f4a7d40687f87000848267619032,ok,,
gemm,baseline_cublas_autotune,fp16,768,768,768,,0,0.024416,0.00144,0.021344,1000,0.02416,0.025216,5,37105.573,baseline_cublas_default,35257.225,105.24,joined,False,stream,1,cublas,cublasGemmEx,stream_k,,1,False,,,,,,,,,,,,,,,,,,,,0.0,2.6429e-05,CUBLAS_DEFAULT_MATH,CUBLAS_GEMM_AUTOTUNE,False,2497.0,True,2500,35,30.6,13030,13030,False,2,1155de478289f4a7d40687f87000848267619032,ok,,
gemm,baseline_cublas_autotune,fp16,768,768,768,,0,0.020573,1.3e-05,0.020539,1000,0.020571,0.022436,5,44037.257,baseline_cublas_default,40058.792,109.93,joined,True,stream,20,cublas,cublasGemmEx,stream_k,,1,False,,,,,,,,,,,,,,,,,,,,0.0,2.6429e-05,CUBLAS_DEFAULT_MATH,CUBLAS_GEMM_AUTOTUNE,False,2497.0,True,2500,42,69.4,13030,13030,False,2,1155de478289f4a7d40687f87000848267619032,ok,,
gemm,baseline_cublas_autotune,fp16,1024,1024,1024,,0,0.044544,9.6e-05,0.044128,1000,0.044544,0.044544,5,48210.391,baseline_cublas_default,48210.391,100.0,joined,True,stream,1,cublas,cublasGemmEx,tile_family,,1,False,,,,,,,,,,,,,,,,,,,,0.0,3.0518e-05,CUBLAS_DEFAULT_MATH,CUBLAS_GEMM_AUTOTUNE,False,2497.0,True,2500,44,45.9,13030,13030,True,2,1155de478289f4a7d40687f87000848267619032,ok,,
gemm,baseline_cublas_autotune,fp16,1024,1024,1024,,0,0.046688,0.002208,0.043936,1000,0.045984,0.047152,5,45996.478,baseline_cublas_default,45933.516,100.14,joined,False,stream,1,cublas,cublasGemmEx,tile_family,,1,False,,,,,,,,,,,,,,,,,,,,0.0,3.0518e-05,CUBLAS_DEFAULT_MATH,CUBLAS_GEMM_AUTOTUNE,False,2497.0,True,2500,35,31.2,13030,13030,False,2,1155de478289f4a7d40687f87000848267619032,ok,,
gemm,baseline_cublas_autotune,fp16,2048,2048,2048,,0,0.304704,0.000648,0.3032,1000,0.304704,0.304704,5,56382.156,baseline_cublas_default,56370.319,100.02,joined,True,stream,1,cublas,cublasGemmEx,tile_family,,1,False,,,,,,,,,,,,,,,,,,,,0.0,4.3158e-05,CUBLAS_DEFAULT_MATH,CUBLAS_GEMM_AUTOTUNE,False,2497.0,True,2500,35,77.4,13030,13030,True,2,1155de478289f4a7d40687f87000848267619032,ok,,
gemm,baseline_cublas_autotune,fp16,2048,2048,2048,,0,0.306688,0.00292,0.302432,1000,0.3064,0.307232,5,56017.414,baseline_cublas_default,56046.655,99.95,joined,False,stream,1,cublas,cublasGemmEx,tile_family,,1,False,,,,,,,,,,,,,,,,,,,,0.0,4.3158e-05,CUBLAS_DEFAULT_MATH,CUBLAS_GEMM_AUTOTUNE,False,2497.0,True,2500,43,68.9,13030,13030,False,2,1155de478289f4a7d40687f87000848267619032,ok,,
gemm,baseline_cublas_autotune,fp16,4096,4096,4096,,0,2.32472,0.018736,2.311456,802,2.323904,2.332512,5,59120.648,baseline_cublas_default,57567.501,102.7,joined,False,stream,1,cublas,cublasGemmEx,tile_family,,1,False,,,,,,,,,,,,,,,,,,,,0.0,6.1035e-05,CUBLAS_DEFAULT_MATH,CUBLAS_GEMM_AUTOTUNE,False,2497.0,True,2500,52,169.5,13030,13030,True,2,1155de478289f4a7d40687f87000848267619032,ok,,
gemm,baseline_cublas_autotune,fp16,8192,8192,8192,,0,18.450224,0.514807,18.232512,108,18.28872,19.276784,5,59593.403,baseline_cublas_default,59450.235,100.24,joined,False,stream,1,cublas,cublasGemmEx,tile_family,,1,False,,,,,,,,,,,,,,,,,,,,0.0,8.6317e-05,CUBLAS_DEFAULT_MATH,CUBLAS_GEMM_AUTOTUNE,False,2497.0,True,2500,53,129.4,13030,13030,True,2,1155de478289f4a7d40687f87000848267619032,ok,,
gemm,baseline_cublas_default,fp16,128,128,128,,0,0.005632,9.6e-05,0.005216,1000,0.005632,0.005632,5,744.727,baseline_cublas_default,744.727,100.0,self,True,stream,1,cublas,ckl_gemm,stream_k,,1,False,,,,,,,,,,,,,,,,,,,,0.0,1.079e-05,CUBLAS_DEFAULT_MATH,CUBLAS_GEMM_DEFAULT,False,2497.0,True,2500,35,41.3,13030,13030,True,2,1155de478289f4a7d40687f87000848267619032,ok,,
gemm,baseline_cublas_default,fp16,128,128,128,,0,0.001512,6e-06,0.001429,1000,0.001512,0.001512,5,2774.011,baseline_cublas_default,2774.011,100.0,self,True,graph,20,cublas,ckl_gemm,stream_k,,1,False,,,,,,,,,,,,,,,,,,,,0.0,1.079e-05,CUBLAS_DEFAULT_MATH,CUBLAS_GEMM_DEFAULT,False,2497.0,True,2500,35,38.4,13030,13030,False,2,1155de478289f4a7d40687f87000848267619032,ok,,
gemm,baseline_cublas_default,fp16,128,128,128,,0,0.008832,0.008312,0.004128,1000,0.008576,0.00912,5,474.899,baseline_cublas_default,474.899,100.0,self,False,stream,1,cublas,ckl_gemm,stream_k,,1,False,,,,,,,,,,,,,,,,,,,,0.0,1.079e-05,CUBLAS_DEFAULT_MATH,CUBLAS_GEMM_DEFAULT,False,2497.0,True,2500,37,31.1,13030,13030,False,2,1155de478289f4a7d40687f87000848267619032,ok,,
gemm,baseline_cublas_default,fp16,128,128,128,,0,0.005939,0.00087,0.004426,1000,0.005694,0.006335,5,706.207,baseline_cublas_default,706.207,100.0,self,True,stream,20,cublas,ckl_gemm,stream_k,,1,False,,,,,,,,,,,,,,,,,,,,0.0,1.079e-05,CUBLAS_DEFAULT_MATH,CUBLAS_GEMM_DEFAULT,False,2497.0,True,2500,39,43.6,13030,13030,False,2,1155de478289f4a7d40687f87000848267619032,ok,,
gemm,baseline_cublas_default,fp16,256,256,256,,0,0.007648,0.000128,0.005504,1000,0.007648,0.00768,5,4387.347,baseline_cublas_default,4387.347,100.0,self,True,stream,1,cublas,ckl_gemm,stream_k,,1,False,,,,,,,,,,,,,,,,,,,,0.0,1.5259e-05,CUBLAS_DEFAULT_MATH,CUBLAS_GEMM_DEFAULT,False,2497.0,True,2500,39,40.0,13030,13030,True,2,1155de478289f4a7d40687f87000848267619032,ok,,
gemm,baseline_cublas_default,fp16,256,256,256,,0,0.002817,0.000104,0.002528,1000,0.002747,0.002827,5,11912.252,baseline_cublas_default,11912.252,100.0,self,True,graph,20,cublas,ckl_gemm,stream_k,,1,False,,,,,,,,,,,,,,,,,,,,0.0,1.5259e-05,CUBLAS_DEFAULT_MATH,CUBLAS_GEMM_DEFAULT,False,2497.0,True,2500,35,42.6,13030,13030,False,2,1155de478289f4a7d40687f87000848267619032,ok,,
gemm,baseline_cublas_default,fp16,256,256,256,,0,0.009312,0.011232,0.005408,1000,0.009216,0.01032,5,3603.354,baseline_cublas_default,3603.354,100.0,self,False,stream,1,cublas,ckl_gemm,stream_k,,1,False,,,,,,,,,,,,,,,,,,,,0.0,1.5259e-05,CUBLAS_DEFAULT_MATH,CUBLAS_GEMM_DEFAULT,False,2497.0,True,2500,35,30.4,13030,13030,False,2,1155de478289f4a7d40687f87000848267619032,ok,,
gemm,baseline_cublas_default,fp16,256,256,256,,0,0.006056,0.001056,0.004493,1000,0.00601,0.006324,5,5540.692,baseline_cublas_default,5540.692,100.0,self,True,stream,20,cublas,ckl_gemm,stream_k,,1,False,,,,,,,,,,,,,,,,,,,,0.0,1.5259e-05,CUBLAS_DEFAULT_MATH,CUBLAS_GEMM_DEFAULT,False,2497.0,True,2500,38,43.3,13030,13030,False,2,1155de478289f4a7d40687f87000848267619032,ok,,
gemm,baseline_cublas_default,fp16,512,512,512,,0,0.01184,0.001952,0.011392,1000,0.011808,0.01184,5,22671.914,baseline_cublas_default,22671.914,100.0,self,True,stream,1,cublas,ckl_gemm,stream_k,,1,False,,,,,,,,,,,,,,,,,,,,0.0,2.1579e-05,CUBLAS_DEFAULT_MATH,CUBLAS_GEMM_DEFAULT,False,2497.0,True,2500,36,40.6,13030,13030,True,2,1155de478289f4a7d40687f87000848267619032,ok,,
gemm,baseline_cublas_default,fp16,512,512,512,,0,0.008166,8e-06,0.007962,1000,0.008166,0.008168,5,32870.72,baseline_cublas_default,32870.72,100.0,self,True,graph,20,cublas,ckl_gemm,stream_k,,1,False,,,,,,,,,,,,,,,,,,,,0.0,2.1579e-05,CUBLAS_DEFAULT_MATH,CUBLAS_GEMM_DEFAULT,False,2497.0,True,2500,34,52.7,13030,13030,False,2,1155de478289f4a7d40687f87000848267619032,ok,,
gemm,baseline_cublas_default,fp16,512,512,512,,0,0.01568,0.004328,0.011424,1000,0.015072,0.024912,5,17119.608,baseline_cublas_default,17119.608,100.0,self,False,stream,1,cublas,ckl_gemm,stream_k,,1,False,,,,,,,,,,,,,,,,,,,,0.0,2.1579e-05,CUBLAS_DEFAULT_MATH,CUBLAS_GEMM_DEFAULT,False,2497.0,True,2500,35,30.5,13030,13030,False,2,1155de478289f4a7d40687f87000848267619032,ok,,
gemm,baseline_cublas_default,fp16,512,512,512,,0,0.010376,0.001716,0.010301,1000,0.010357,0.010428,5,25870.804,baseline_cublas_default,25870.804,100.0,self,True,stream,20,cublas,ckl_gemm,stream_k,,1,False,,,,,,,,,,,,,,,,,,,,0.0,2.1579e-05,CUBLAS_DEFAULT_MATH,CUBLAS_GEMM_DEFAULT,False,2497.0,True,2500,40,51.4,13030,13030,False,2,1155de478289f4a7d40687f87000848267619032,ok,,
gemm,baseline_cublas_default,fp16,768,768,768,,0,0.024064,0.000128,0.022336,1000,0.024064,0.024064,5,37648.339,baseline_cublas_default,37648.339,100.0,self,True,stream,1,cublas,ckl_gemm,stream_k,,1,False,,,,,,,,,,,,,,,,,,,,0.0,2.6429e-05,CUBLAS_DEFAULT_MATH,CUBLAS_GEMM_DEFAULT,False,2497.0,True,2500,45,45.0,13030,13030,True,2,1155de478289f4a7d40687f87000848267619032,ok,,
gemm,baseline_cublas_default,fp16,768,768,768,,0,0.018712,1e-05,0.018579,1000,0.01871,0.018714,5,48416.505,baseline_cublas_default,48416.505,100.0,self,True,graph,20,cublas,ckl_gemm,stream_k,,1,False,,,,,,,,,,,,,,,,,,,,0.0,2.6429e-05,CUBLAS_DEFAULT_MATH,CUBLAS_GEMM_DEFAULT,False,2497.0,True,2500,40,70.5,13030,13030,False,2,1155de478289f4a7d40687f87000848267619032,ok,,
gemm,baseline_cublas_default,fp16,768,768,768,,0,0.025696,0.001216,0.023136,1000,0.025024,0.02656,5,35257.225,baseline_cublas_default,35257.225,100.0,self,False,stream,1,cublas,ckl_gemm,stream_k,,1,False,,,,,,,,,,,,,,,,,,,,0.0,2.6429e-05,CUBLAS_DEFAULT_MATH,CUBLAS_GEMM_DEFAULT,False,2497.0,True,2500,35,31.9,13030,13030,False,2,1155de478289f4a7d40687f87000848267619032,ok,,
gemm,baseline_cublas_default,fp16,768,768,768,,0,0.022616,2.2e-05,0.022448,1000,0.022613,0.022622,5,40058.792,baseline_cublas_default,40058.792,100.0,self,True,stream,20,cublas,ckl_gemm,stream_k,,1,False,,,,,,,,,,,,,,,,,,,,0.0,2.6429e-05,CUBLAS_DEFAULT_MATH,CUBLAS_GEMM_DEFAULT,False,2497.0,True,2500,42,71.4,13030,13030,False,2,1155de478289f4a7d40687f87000848267619032,ok,,
gemm,baseline_cublas_default,fp16,1024,1024,1024,,0,0.044544,6.4e-05,0.044096,1000,0.044544,0.044576,5,48210.391,baseline_cublas_default,48210.391,100.0,self,True,stream,1,cublas,ckl_gemm,tile_family,,1,False,,,,,,,,,,,,,,,,,,,,0.0,3.0518e-05,CUBLAS_DEFAULT_MATH,CUBLAS_GEMM_DEFAULT,False,2497.0,True,2500,41,43.1,13030,13030,True,2,1155de478289f4a7d40687f87000848267619032,ok,,
gemm,baseline_cublas_default,fp16,1024,1024,1024,,0,0.046752,0.002624,0.04368,1000,0.046496,0.047088,5,45933.516,baseline_cublas_default,45933.516,100.0,self,False,stream,1,cublas,ckl_gemm,tile_family,,1,False,,,,,,,,,,,,,,,,,,,,0.0,3.0518e-05,CUBLAS_DEFAULT_MATH,CUBLAS_GEMM_DEFAULT,False,2497.0,True,2500,35,30.5,13030,13030,False,2,1155de478289f4a7d40687f87000848267619032,ok,,
gemm,baseline_cublas_default,fp16,2048,2048,2048,,0,0.304768,0.001984,0.304256,1000,0.304704,0.305056,5,56370.319,baseline_cublas_default,56370.319,100.0,self,True,stream,1,cublas,ckl_gemm,tile_family,,1,False,,,,,,,,,,,,,,,,,,,,0.0,4.3158e-05,CUBLAS_DEFAULT_MATH,CUBLAS_GEMM_DEFAULT,False,2497.0,True,2500,54,79.5,13030,13030,True,2,1155de478289f4a7d40687f87000848267619032,ok,,
gemm,baseline_cublas_default,fp16,2048,2048,2048,,0,0.306528,0.00292,0.303328,1000,0.306304,0.307808,5,56046.655,baseline_cublas_default,56046.655,100.0,self,False,stream,1,cublas,ckl_gemm,tile_family,,1,False,,,,,,,,,,,,,,,,,,,,0.0,4.3158e-05,CUBLAS_DEFAULT_MATH,CUBLAS_GEMM_DEFAULT,False,2497.0,True,2500,42,65.3,13030,13030,False,2,1155de478289f4a7d40687f87000848267619032,ok,,
gemm,baseline_cublas_default,fp16,4096,4096,4096,,0,2.38744,0.02016,2.380896,810,2.387072,2.38768,5,57567.501,baseline_cublas_default,57567.501,100.0,self,False,stream,1,cublas,ckl_gemm,tile_family,,1,False,,,,,,,,,,,,,,,,,,,,0.0,6.1035e-05,CUBLAS_DEFAULT_MATH,CUBLAS_GEMM_DEFAULT,False,2497.0,True,2500,49,136.1,13030,13030,True,2,1155de478289f4a7d40687f87000848267619032,ok,,
gemm,baseline_cublas_default,fp16,8192,8192,8192,,0,18.494656,1.08072,18.230783,107,18.26288,18.498079,5,59450.235,baseline_cublas_default,59450.235,100.0,self,False,stream,1,cublas,ckl_gemm,tile_family,,1,False,,,,,,,,,,,,,,,,,,,,0.0,8.6317e-05,CUBLAS_DEFAULT_MATH,CUBLAS_GEMM_DEFAULT,False,2497.0,True,2500,47,126.6,13030,13030,True,2,1155de478289f4a7d40687f87000848267619032,ok,,
gemm,cutlass,fp16,1024,1024,1024,,0,0.060992,0.001712,0.060576,1000,0.06096,0.060992,5,35209.268,baseline_cublas_default,48210.391,73.03,joined,True,stream,1,cutlass,ckl_gemm,tile_family,128x64x64,1,False,,,,,,,,,,,,,,,,,,,,0.0,3.0518e-05,CUBLAS_DEFAULT_MATH,,False,2497.0,True,2500,43,43.2,13030,13030,True,2,1155de478289f4a7d40687f87000848267619032,ok,,
gemm,cutlass,fp16,1024,1024,1024,,0,0.063328,0.001408,0.060512,1000,0.063136,0.063488,5,33910.493,baseline_cublas_default,45933.516,73.83,joined,False,stream,1,cutlass,ckl_gemm,tile_family,128x64x64,1,False,,,,,,,,,,,,,,,,,,,,0.0,3.0518e-05,CUBLAS_DEFAULT_MATH,,False,2497.0,True,2500,36,32.6,13030,13030,False,2,1155de478289f4a7d40687f87000848267619032,ok,,
gemm,cutlass,fp16,2048,2048,2048,,0,0.3272,0.000576,0.325856,1000,0.3272,0.327232,5,52505.713,baseline_cublas_default,56370.319,93.14,joined,True,stream,1,cutlass,ckl_gemm,tile_family,128x128x32,1,False,,,,,,,,,,,,,,,,,,,,0.0,4.3158e-05,CUBLAS_DEFAULT_MATH,,False,2497.0,True,2500,44,67.4,13030,13030,True,2,1155de478289f4a7d40687f87000848267619032,ok,,
gemm,cutlass,fp16,2048,2048,2048,,0,0.329536,0.001888,0.326336,1000,0.329248,0.329888,5,52133.514,baseline_cublas_default,56046.655,93.02,joined,False,stream,1,cutlass,ckl_gemm,tile_family,128x128x32,1,False,,,,,,,,,,,,,,,,,,,,0.0,4.3158e-05,CUBLAS_DEFAULT_MATH,,False,2497.0,True,2500,42,50.8,13030,13030,False,2,1155de478289f4a7d40687f87000848267619032,ok,,
gemm,cutlass,fp16,4096,4096,4096,,0,2.342624,0.0148,2.337536,831,2.342176,2.34272,5,58668.807,baseline_cublas_default,57567.501,101.91,joined,False,stream,1,cutlass,ckl_gemm,tile_family,128x128x32,1,False,,,,,,,,,,,,,,,,,,,,0.0,6.1035e-05,CUBLAS_DEFAULT_MATH,,False,2497.0,True,2500,53,122.9,13030,13030,True,2,1155de478289f4a7d40687f87000848267619032,ok,,
gemm,cutlass,fp16,8192,8192,8192,,0,18.2784,0.759135,18.197727,107,18.23152,18.450815,5,60153.602,baseline_cublas_default,59450.235,101.18,joined,False,stream,1,cutlass,ckl_gemm,tile_family,128x128x32,1,False,,,,,,,,,,,,,,,,,,,,0.0,8.6317e-05,CUBLAS_DEFAULT_MATH,,False,2497.0,True,2500,50,164.0,13030,13030,True,2,1155de478289f4a7d40687f87000848267619032,ok,,
gemm,mma_ldm,fp16,1024,1024,1024,,0,0.087584,0.001504,0.085408,1000,0.087584,0.087616,5,24519.133,baseline_cublas_default,48210.391,50.86,joined,True,stream,1,mma_ldm,ckl_gemm,tile_family,128x64x64,1,False,,,,,,,,,,,,,,,,,,,,0.0,3.0518e-05,CUBLAS_DEFAULT_MATH,,False,2497.0,True,2500,40,45.4,13030,13030,True,2,1155de478289f4a7d40687f87000848267619032,ok,,
gemm,mma_ldm,fp16,1024,1024,1024,,0,0.084512,0.001248,0.081312,1000,0.084336,0.0848,5,25410.398,baseline_cublas_default,45933.516,55.32,joined,False,stream,1,mma_ldm,ckl_gemm,tile_family,128x64x64,1,False,,,,,,,,,,,,,,,,,,,,0.0,3.0518e-05,CUBLAS_DEFAULT_MATH,,False,2497.0,True,2500,42,33.8,13030,13030,False,2,1155de478289f4a7d40687f87000848267619032,ok,,
gemm,mma_ldm,fp16,2048,2048,2048,,0,0.54224,0.00016,0.53968,1000,0.54224,0.54224,5,31683.145,baseline_cublas_default,56370.319,56.21,joined,True,stream,1,mma_ldm,ckl_gemm,tile_family,128x128x32,1,False,,,,,,,,,,,,,,,,,,,,0.0,4.3158e-05,CUBLAS_DEFAULT_MATH,,False,2497.0,True,2500,44,94.2,13030,13030,True,2,1155de478289f4a7d40687f87000848267619032,ok,,
gemm,mma_ldm,fp16,2048,2048,2048,,0,0.541024,0.003488,0.536704,1000,0.540832,0.54144,5,31754.355,baseline_cublas_default,56046.655,56.66,joined,False,stream,1,mma_ldm,ckl_gemm,tile_family,128x128x32,1,False,,,,,,,,,,,,,,,,,,,,0.0,4.3158e-05,CUBLAS_DEFAULT_MATH,,False,2497.0,True,2500,43,73.2,13030,13030,False,2,1155de478289f4a7d40687f87000848267619032,ok,,
gemm,mma_ldm,fp16,4096,4096,4096,,0,4.074848,0.013504,4.065216,483,4.07344,4.360704,5,33728.607,baseline_cublas_default,57567.501,58.59,joined,False,stream,1,mma_ldm,ckl_gemm,tile_family,128x128x32,1,False,,,,,,,,,,,,,,,,,,,,0.0,6.1035e-05,CUBLAS_DEFAULT_MATH,,False,2497.0,True,2500,48,125.6,13030,13030,True,2,1155de478289f4a7d40687f87000848267619032,ok,,
gemm,mma_ldm,fp16,8192,8192,8192,,0,35.417984,0.96067,34.202271,57,35.399487,35.419998,5,31043.88,baseline_cublas_default,59450.235,52.22,joined,False,stream,1,mma_ldm,ckl_gemm,tile_family,128x128x32,1,False,,,,,,,,,,,,,,,,,,,,0.0,8.6317e-05,CUBLAS_DEFAULT_MATH,,False,2497.0,True,2500,49,164.4,13030,13030,True,2,1155de478289f4a7d40687f87000848267619032,ok,,
gemm,mma_opt,fp16,128,128,128,,0,0.009728,9.6e-05,0.0088,1000,0.009728,0.009728,5,431.158,baseline_cublas_default,744.727,57.89,joined,True,stream,1,mma_opt,ckl_gemm,stream_k,128x64x64,1,False,,,,,,,,,,,,,,,,,,,,1.5e-07,1.079e-05,CUBLAS_DEFAULT_MATH,,False,2497.0,True,2500,47,40.0,13030,13030,True,2,1155de478289f4a7d40687f87000848267619032,ok,,
gemm,mma_opt,fp16,128,128,128,,0,0.005712,9.3e-05,0.005669,1000,0.005712,0.005712,5,734.297,baseline_cublas_default,2774.011,26.47,joined,True,graph,20,mma_opt,ckl_gemm,stream_k,128x64x64,1,False,,,,,,,,,,,,,,,,,,,,1.5e-07,1.079e-05,CUBLAS_DEFAULT_MATH,,False,2497.0,True,2500,37,39.9,13030,13030,False,2,1155de478289f4a7d40687f87000848267619032,ok,,
gemm,mma_opt,fp16,128,128,128,,0,0.011936,0.00216,0.007904,1000,0.011488,0.01248,5,351.399,baseline_cublas_default,474.899,73.99,joined,False,stream,1,mma_opt,ckl_gemm,stream_k,128x64x64,1,False,,,,,,,,,,,,,,,,,,,,1.5e-07,1.079e-05,CUBLAS_DEFAULT_MATH,,False,2497.0,True,2500,36,29.2,13030,13030,False,2,1155de478289f4a7d40687f87000848267619032,ok,,
gemm,mma_opt,fp16,128,128,128,,0,0.008246,0.000603,0.008197,1000,0.008245,0.008252,5,508.622,baseline_cublas_default,706.207,72.02,joined,True,stream,20,mma_opt,ckl_gemm,stream_k,128x64x64,1,False,,,,,,,,,,,,,,,,,,,,1.5e-07,1.079e-05,CUBLAS_DEFAULT_MATH,,False,2497.0,True,2500,35,42.3,13030,13030,False,2,1155de478289f4a7d40687f87000848267619032,ok,,
gemm,mma_opt,fp16,256,256,256,,0,0.013856,0.000128,0.01312,1000,0.013856,0.013856,5,2421.654,baseline_cublas_default,4387.347,55.2,joined,True,stream,1,mma_opt,ckl_gemm,stream_k,128x64x64,1,False,,,,,,,,,,,,,,,,,,,,1.61e-07,1.5259e-05,CUBLAS_DEFAULT_MATH,,False,2497.0,True,2500,35,41.2,13030,13030,True,2,1155de478289f4a7d40687f87000848267619032,ok,,
gemm,mma_opt,fp16,256,256,256,,0,0.010421,6e-06,0.010379,1000,0.010419,0.010421,5,3219.948,baseline_cublas_default,11912.252,27.03,joined,True,graph,20,mma_opt,ckl_gemm,stream_k,128x64x64,1,False,,,,,,,,,,,,,,,,,,,,1.61e-07,1.5259e-05,CUBLAS_DEFAULT_MATH,,False,2497.0,True,2500,36,42.4,13030,13030,False,2,1155de478289f4a7d40687f87000848267619032,ok,,
gemm,mma_opt,fp16,256,256,256,,0,0.016704,0.004424,0.012672,1000,0.016576,0.0168,5,2008.766,baseline_cublas_default,3603.354,55.75,joined,False,stream,1,mma_opt,ckl_gemm,stream_k,128x64x64,1,False,,,,,,,,,,,,,,,,,,,,1.61e-07,1.5259e-05,CUBLAS_DEFAULT_MATH,,False,2497.0,True,2500,39,29.3,13030,13030,False,2,1155de478289f4a7d40687f87000848267619032,ok,,
gemm,mma_opt,fp16,256,256,256,,0,0.013459,0.001366,0.012323,1000,0.013411,0.01355,5,2493.048,baseline_cublas_default,5540.692,45.0,joined,True,stream,20,mma_opt,ckl_gemm,stream_k,128x64x64,1,False,,,,,,,,,,,,,,,,,,,,1.61e-07,1.5259e-05,CUBLAS_DEFAULT_MATH,,False,2497.0,True,2500,36,43.4,13030,13030,False,2,1155de478289f4a7d40687f87000848267619032,ok,,
gemm,mma_opt,fp16,512,512,512,,0,0.022048,0.000128,0.021312,1000,0.022048,0.022048,5,12175.048,baseline_cublas_default,22671.914,53.7,joined,True,stream,1,mma_opt,ckl_gemm,stream_k,128x64x64,1,False,,,,,,,,,,,,,,,,,,,,0.0,2.1579e-05,CUBLAS_DEFAULT_MATH,,False,2497.0,True,2500,35,42.7,13030,13030,True,2,1155de478289f4a7d40687f87000848267619032,ok,,
gemm,mma_opt,fp16,512,512,512,,0,0.01851,6e-06,0.018403,1000,0.018509,0.01851,5,14501.872,baseline_cublas_default,32870.72,44.12,joined,True,graph,20,mma_opt,ckl_gemm,stream_k,128x64x64,1,False,,,,,,,,,,,,,,,,,,,,0.0,2.1579e-05,CUBLAS_DEFAULT_MATH,,False,2497.0,True,2500,42,47.7,13030,13030,False,2,1155de478289f4a7d40687f87000848267619032,ok,,
gemm,mma_opt,fp16,512,512,512,,0,0.024224,0.001696,0.020928,1000,0.024,0.024288,5,11081.384,baseline_cublas_default,17119.608,64.73,joined,False,stream,1,mma_opt,ckl_gemm,stream_k,128x64x64,1,False,,,,,,,,,,,,,,,,,,,,0.0,2.1579e-05,CUBLAS_DEFAULT_MATH,,False,2497.0,True,2500,36,30.5,13030,13030,False,2,1155de478289f4a7d40687f87000848267619032,ok,,
gemm,mma_opt,fp16,512,512,512,,0,0.020627,1.4e-05,0.02052,1000,0.020627,0.020629,5,13013.664,baseline_cublas_default,25870.804,50.3,joined,True,stream,20,mma_opt,ckl_gemm,stream_k,128x64x64,1,False,,,,,,,,,,,,,,,,,,,,0.0,2.1579e-05,CUBLAS_DEFAULT_MATH,,False,2497.0,True,2500,39,48.9,13030,13030,False,2,1155de478289f4a7d40687f87000848267619032,ok,,
gemm,mma_opt,fp16,768,768,768,,0,0.031936,0.002016,0.02976,1000,0.031856,0.03208,5,28368.288,baseline_cublas_default,37648.339,75.35,joined,True,stream,1,mma_opt,ckl_gemm,stream_k,128x128x64,1,False,,,,,,,,,,,,,,,,,,,,0.0,2.6429e-05,CUBLAS_DEFAULT_MATH,,False,2497.0,True,2500,39,40.2,13030,13030,True,2,1155de478289f4a7d40687f87000848267619032,ok,,
gemm,mma_opt,fp16,768,768,768,,0,0.026701,8e-06,0.02651,1000,0.026701,0.026701,5,33930.431,baseline_cublas_default,48416.505,70.08,joined,True,graph,20,mma_opt,ckl_gemm,stream_k,128x128x64,1,False,,,,,,,,,,,,,,,,,,,,0.0,2.6429e-05,CUBLAS_DEFAULT_MATH,,False,2497.0,True,2500,43,68.8,13030,13030,False,2,1155de478289f4a7d40687f87000848267619032,ok,,
gemm,mma_opt,fp16,768,768,768,,0,0.032512,0.001312,0.029248,1000,0.032192,0.032672,5,27865.699,baseline_cublas_default,35257.225,79.04,joined,False,stream,1,mma_opt,ckl_gemm,stream_k,128x128x64,1,False,,,,,,,,,,,,,,,,,,,,0.0,2.6429e-05,CUBLAS_DEFAULT_MATH,,False,2497.0,True,2500,46,32.9,13030,13030,False,2,1155de478289f4a7d40687f87000848267619032,ok,,
gemm,mma_opt,fp16,768,768,768,,0,0.028822,1.3e-05,0.02872,1000,0.028822,0.028822,5,31432.831,baseline_cublas_default,40058.792,78.47,joined,True,stream,20,mma_opt,ckl_gemm,stream_k,128x128x64,1,False,,,,,,,,,,,,,,,,,,,,0.0,2.6429e-05,CUBLAS_DEFAULT_MATH,,False,2497.0,True,2500,53,74.5,13030,13030,False,2,1155de478289f4a7d40687f87000848267619032,ok,,
gemm,mma_opt,fp16,1024,1024,1024,,0,0.067056,0.000192,0.064768,1000,0.06704,0.067072,5,32025.229,baseline_cublas_default,48210.391,66.43,joined,True,stream,1,mma_opt,ckl_gemm,tile_family,128x64x64,1,False,,,,,,,,,,,,,,,,,,,,0.0,3.0518e-05,CUBLAS_DEFAULT_MATH,,False,2497.0,True,2500,47,45.1,13030,13030,True,2,1155de478289f4a7d40687f87000848267619032,ok,,
gemm,mma_opt,fp16,1024,1024,1024,,0,0.067488,0.001216,0.064544,1000,0.067168,0.067552,5,31820.23,baseline_cublas_default,45933.516,69.27,joined,False,stream,1,mma_opt,ckl_gemm,tile_family,128x64x64,1,False,,,,,,,,,,,,,,,,,,,,0.0,3.0518e-05,CUBLAS_DEFAULT_MATH,,False,2497.0,True,2500,35,32.2,13030,13030,False,2,1155de478289f4a7d40687f87000848267619032,ok,,
gemm,mma_opt,fp16,2048,2048,2048,,0,0.353792,0.000128,0.351584,1000,0.353792,0.353824,5,48559.234,baseline_cublas_default,56370.319,86.14,joined,True,stream,1,mma_opt,ckl_gemm,tile_family,128x128x32,1,False,,,,,,,,,,,,,,,,,,,,0.0,4.3158e-05,CUBLAS_DEFAULT_MATH,,False,2497.0,True,2500,46,65.7,13030,13030,True,2,1155de478289f4a7d40687f87000848267619032,ok,,
gemm,mma_opt,fp16,2048,2048,2048,,0,0.355424,0.002208,0.350944,1000,0.355328,0.356352,5,48336.268,baseline_cublas_default,56046.655,86.24,joined,False,stream,1,mma_opt,ckl_gemm,tile_family,128x128x32,1,False,,,,,,,,,,,,,,,,,,,,0.0,4.3158e-05,CUBLAS_DEFAULT_MATH,,False,2497.0,True,2500,45,54.1,13030,13030,False,2,1155de478289f4a7d40687f87000848267619032,ok,,
gemm,mma_opt,fp16,4096,4096,4096,,0,2.517104,0.014424,2.510144,750,2.516864,2.517216,5,54602.018,baseline_cublas_default,57567.501,94.85,joined,False,stream,1,mma_opt,ckl_gemm,tile_family,128x128x32,1,False,,,,,,,,,,,,,,,,,,,,0.0,6.1035e-05,CUBLAS_DEFAULT_MATH,,False,2497.0,True,2500,48,121.4,13030,13030,True,2,1155de478289f4a7d40687f87000848267619032,ok,,
gemm,mma_opt,fp16,8192,8192,8192,,0,19.503649,0.018881,19.492737,101,19.503263,19.774401,5,56374.663,baseline_cublas_default,59450.235,94.83,joined,False,stream,1,mma_opt,ckl_gemm,tile_family,128x128x32,1,False,,,,,,,,,,,,,,,,,,,,0.0,8.6317e-05,CUBLAS_DEFAULT_MATH,,False,2497.0,True,2500,52,161.6,13030,13030,True,2,1155de478289f4a7d40687f87000848267619032,ok,,
gemm,mma_ptx,fp16,1024,1024,1024,,0,0.09376,0.001888,0.091552,1000,0.09376,0.09376,5,22904.049,baseline_cublas_default,48210.391,47.51,joined,True,stream,1,mma_ptx,ckl_gemm,tile_family,128x64x64,1,False,,,,,,,,,,,,,,,,,,,,0.0,3.0518e-05,CUBLAS_DEFAULT_MATH,,False,2497.0,True,2500,36,44.9,13030,13030,True,2,1155de478289f4a7d40687f87000848267619032,ok,,
gemm,mma_ptx,fp16,1024,1024,1024,,0,0.087232,0.00112,0.08416,1000,0.087072,0.08736,5,24618.072,baseline_cublas_default,45933.516,53.6,joined,False,stream,1,mma_ptx,ckl_gemm,tile_family,128x64x64,1,False,,,,,,,,,,,,,,,,,,,,0.0,3.0518e-05,CUBLAS_DEFAULT_MATH,,False,2497.0,True,2500,47,34.1,13030,13030,False,2,1155de478289f4a7d40687f87000848267619032,ok,,
gemm,mma_ptx,fp16,2048,2048,2048,,0,0.550432,0.000512,0.546368,1000,0.550336,0.550432,5,31211.609,baseline_cublas_default,56370.319,55.37,joined,True,stream,1,mma_ptx,ckl_gemm,tile_family,128x128x32,1,False,,,,,,,,,,,,,,,,,,,,0.0,4.3158e-05,CUBLAS_DEFAULT_MATH,,False,2497.0,True,2500,44,93.1,13030,13030,True,2,1155de478289f4a7d40687f87000848267619032,ok,,
gemm,mma_ptx,fp16,2048,2048,2048,,0,0.542032,0.002856,0.537792,1000,0.541728,0.542144,5,31695.304,baseline_cublas_default,56046.655,56.55,joined,False,stream,1,mma_ptx,ckl_gemm,tile_family,128x128x32,1,False,,,,,,,,,,,,,,,,,,,,0.0,4.3158e-05,CUBLAS_DEFAULT_MATH,,False,2497.0,True,2500,45,75.1,13030,13030,False,2,1155de478289f4a7d40687f87000848267619032,ok,,
gemm,mma_ptx,fp16,4096,4096,4096,,0,4.087104,0.015856,4.07824,467,4.084352,4.087792,5,33627.468,baseline_cublas_default,57567.501,58.41,joined,False,stream,1,mma_ptx,ckl_gemm,tile_family,128x128x32,1,False,,,,,,,,,,,,,,,,,,,,0.0,6.1035e-05,CUBLAS_DEFAULT_MATH,,False,2497.0,True,2500,47,130.0,13030,13030,True,2,1155de478289f4a7d40687f87000848267619032,ok,,
gemm,mma_ptx,fp16,8192,8192,8192,,0,33.881552,0.968736,32.735809,60,33.393873,33.953119,5,32451.631,baseline_cublas_default,59450.235,54.59,joined,False,stream,1,mma_ptx,ckl_gemm,tile_family,128x128x32,1,False,,,,,,,,,,,,,,,,,,,,0.0,8.6317e-05,CUBLAS_DEFAULT_MATH,,False,2497.0,True,2500,50,173.5,13030,13030,True,2,1155de478289f4a7d40687f87000848267619032,ok,,
gemm,splitk,fp16,128,128,128,,0,0.011648,0.002016,0.007616,1000,0.011616,0.011744,5,360.088,baseline_cublas_default,744.727,48.35,joined,True,stream,1,split_k,ckl_gemm,stream_k,128x64x64,1,False,,,,,,,,,,,,,,,,,,,,8.8e-08,1.079e-05,CUBLAS_DEFAULT_MATH,,False,2497.0,True,2500,37,40.2,13030,13030,True,2,1155de478289f4a7d40687f87000848267619032,ok,,
gemm,splitk,fp16,128,128,128,,0,0.004277,1e-05,0.004246,1000,0.004277,0.004278,5,980.711,baseline_cublas_default,2774.011,35.35,joined,True,graph,20,split_k,ckl_gemm,stream_k,128x64x64,1,False,,,,,,,,,,,,,,,,,,,,8.8e-08,1.079e-05,CUBLAS_DEFAULT_MATH,,False,2497.0,True,2500,39,39.4,13030,13030,False,2,1155de478289f4a7d40687f87000848267619032,ok,,
gemm,splitk,fp16,128,128,128,,0,0.011968,0.002344,0.007424,1000,0.011808,0.020864,5,350.46,baseline_cublas_default,474.899,73.8,joined,False,stream,1,split_k,ckl_gemm,stream_k,128x64x64,1,False,,,,,,,,,,,,,,,,,,,,8.8e-08,1.079e-05,CUBLAS_DEFAULT_MATH,,False,2497.0,True,2500,35,30.7,13030,13030,False,2,1155de478289f4a7d40687f87000848267619032,ok,,
gemm,splitk,fp16,128,128,128,,0,0.013313,0.001701,0.009032,1000,0.012552,0.01379,5,315.058,baseline_cublas_default,706.207,44.61,joined,True,stream,20,split_k,ckl_gemm,stream_k,128x64x64,1,False,,,,,,,,,,,,,,,,,,,,8.8e-08,1.079e-05,CUBLAS_DEFAULT_MATH,,False,2497.0,True,2500,36,42.8,13030,13030,False,2,1155de478289f4a7d40687f87000848267619032,ok,,
gemm,splitk,fp16,256,256,256,,0,0.011776,0.000128,0.011136,1000,0.011776,0.011776,5,2849.391,baseline_cublas_default,4387.347,64.95,joined,True,stream,1,split_k,ckl_gemm,stream_k,128x64x64,1,False,,,,,,,,,,,,,,,,,,,,8.3e-08,1.5259e-05,CUBLAS_DEFAULT_MATH,,False,2497.0,True,2500,47,40.4,13030,13030,True,2,1155de478289f4a7d40687f87000848267619032,ok,,
gemm,splitk,fp16,256,256,256,,0,0.005507,9.9e-05,0.005474,1000,0.005507,0.005509,5,6092.83,baseline_cublas_default,11912.252,51.15,joined,True,graph,20,split_k,ckl_gemm,stream_k,128x64x64,1,False,,,,,,,,,,,,,,,,,,,,8.3e-08,1.5259e-05,CUBLAS_DEFAULT_MATH,,False,2497.0,True,2500,38,43.6,13030,13030,False,2,1155de478289f4a7d40687f87000848267619032,ok,,
gemm,splitk,fp16,256,256,256,,0,0.01408,0.004376,0.009088,1000,0.01392,0.025024,5,2383.127,baseline_cublas_default,3603.354,66.14,joined,False,stream,1,split_k,ckl_gemm,stream_k,128x64x64,1,False,,,,,,,,,,,,,,,,,,,,8.3e-08,1.5259e-05,CUBLAS_DEFAULT_MATH,,False,2497.0,True,2500,35,30.3,13030,13030,False,2,1155de478289f4a7d40687f87000848267619032,ok,,
gemm,splitk,fp16,256,256,256,,0,0.013058,0.002976,0.010277,1000,0.012949,0.013371,5,2569.724,baseline_cublas_default,5540.692,46.38,joined,True,stream,20,split_k,ckl_gemm,stream_k,128x64x64,1,False,,,,,,,,,,,,,,,,,,,,8.3e-08,1.5259e-05,CUBLAS_DEFAULT_MATH,,False,2497.0,True,2500,45,43.1,13030,13030,False,2,1155de478289f4a7d40687f87000848267619032,ok,,
gemm,splitk,fp16,512,512,512,,0,0.020032,0.002016,0.019264,1000,0.019936,0.020032,5,13400.332,baseline_cublas_default,22671.914,59.11,joined,True,stream,1,split_k,ckl_gemm,stream_k,128x64x64,1,False,,,,,,,,,,,,,,,,,,,,1.57e-07,2.1579e-05,CUBLAS_DEFAULT_MATH,,False,2497.0,True,2500,43,40.7,13030,13030,True,2,1155de478289f4a7d40687f87000848267619032,ok,,
gemm,splitk,fp16,512,512,512,,0,0.014618,6e-06,0.01451,1000,0.014618,0.014618,5,18363.853,baseline_cublas_default,32870.72,55.87,joined,True,graph,20,split_k,ckl_gemm,stream_k,128x64x64,1,False,,,,,,,,,,,,,,,,,,,,1.57e-07,2.1579e-05,CUBLAS_DEFAULT_MATH,,False,2497.0,True,2500,48,51.9,13030,13030,False,2,1155de478289f4a7d40687f87000848267619032,ok,,
gemm,splitk,fp16,512,512,512,,0,0.022912,0.002496,0.018112,1000,0.022624,0.025376,5,11715.933,baseline_cublas_default,17119.608,68.44,joined,False,stream,1,split_k,ckl_gemm,stream_k,128x64x64,1,False,,,,,,,,,,,,,,,,,,,,1.57e-07,2.1579e-05,CUBLAS_DEFAULT_MATH,,False,2497.0,True,2500,35,30.7,13030,13030,False,2,1155de478289f4a7d40687f87000848267619032,ok,,
gemm,splitk,fp16,512,512,512,,0,0.018792,0.000256,0.018269,1000,0.018786,0.018837,5,14284.56,baseline_cublas_default,25870.804,55.21,joined,True,stream,20,split_k,ckl_gemm,stream_k,128x64x64,1,False,,,,,,,,,,,,,,,,,,,,1.57e-07,2.1579e-05,CUBLAS_DEFAULT_MATH,,False,2497.0,True,2500,38,54.6,13030,13030,False,2,1155de478289f4a7d40687f87000848267619032,ok,,
gemm,splitk,fp16,768,768,768,,0,0.042464,0.000128,0.038848,1000,0.042432,0.042464,5,21335.006,baseline_cublas_default,37648.339,56.67,joined,True,stream,1,split_k,ckl_gemm,stream_k,128x128x64,1,False,,,,,,,,,,,,,,,,,,,,2.1e-07,2.6429e-05,CUBLAS_DEFAULT_MATH,,False,2497.0,True,2500,39,43.9,13030,13030,True,2,1155de478289f4a7d40687f87000848267619032,ok,,
gemm,splitk,fp16,768,768,768,,0,0.033132,0.000104,0.032766,1000,0.033097,0.033144,5,27344.249,baseline_cublas_default,48416.505,56.48,joined,True,graph,20,split_k,ckl_gemm,stream_k,128x128x64,1,False,,,,,,,,,,,,,,,,,,,,2.1e-07,2.6429e-05,CUBLAS_DEFAULT_MATH,,False,2497.0,True,2500,48,81.5,13030,13030,False,2,1155de478289f4a7d40687f87000848267619032,ok,,
gemm,splitk,fp16,768,768,768,,0,0.041024,0.00164,0.038368,1000,0.040288,0.041056,5,22083.894,baseline_cublas_default,35257.225,62.64,joined,False,stream,1,split_k,ckl_gemm,stream_k,128x128x64,1,False,,,,,,,,,,,,,,,,,,,,2.1e-07,2.6429e-05,CUBLAS_DEFAULT_MATH,,False,2497.0,True,2500,35,31.6,13030,13030,False,2,1155de478289f4a7d40687f87000848267619032,ok,,
gemm,splitk,fp16,768,768,768,,0,0.037117,1.4e-05,0.036976,1000,0.037016,0.037118,5,24408.615,baseline_cublas_default,40058.792,60.93,joined,True,stream,20,split_k,ckl_gemm,stream_k,128x128x64,1,False,,,,,,,,,,,,,,,,,,,,2.1e-07,2.6429e-05,CUBLAS_DEFAULT_MATH,,False,2497.0,True,2500,44,79.7,13030,13030,False,2,1155de478289f4a7d40687f87000848267619032,ok,,
gemm,streamk,fp16,128,128,128,,0,0.009728,9.6e-05,0.008096,1000,0.009728,0.009728,5,431.158,baseline_cublas_default,744.727,57.89,joined,True,stream,1,stream_k,ckl_gemm,stream_k,128x64x64,1,False,,,,,,,,,,,,,,,,,,,,8.8e-08,1.079e-05,CUBLAS_DEFAULT_MATH,,False,2497.0,True,2500,46,40.6,13030,13030,True,2,1155de478289f4a7d40687f87000848267619032,ok,,
gemm,streamk,fp16,128,128,128,,0,0.011075,0.00258,0.008659,1000,0.010353,0.011543,5,378.711,baseline_cublas_default,2774.011,13.65,joined,True,graph,20,stream_k,ckl_gemm,stream_k,128x64x64,1,False,,,,,,,,,,,,,,,,,,,,8.8e-08,1.079e-05,CUBLAS_DEFAULT_MATH,,False,2497.0,True,2500,37,42.2,13030,13030,False,2,1155de478289f4a7d40687f87000848267619032,ok,,
gemm,streamk,fp16,128,128,128,,0,0.014224,0.00412,0.007648,1000,0.013696,0.014304,5,294.875,baseline_cublas_default,474.899,62.09,joined,False,stream,1,stream_k,ckl_gemm,stream_k,128x64x64,1,False,,,,,,,,,,,,,,,,,,,,8.8e-08,1.079e-05,CUBLAS_DEFAULT_MATH,,False,2497.0,True,2500,35,30.4,13030,13030,False,2,1155de478289f4a7d40687f87000848267619032,ok,,
gemm,streamk,fp16,128,128,128,,0,0.01104,0.002583,0.008874,1000,0.010562,0.011278,5,379.919,baseline_cublas_default,706.207,53.8,joined,True,stream,20,stream_k,ckl_gemm,stream_k,128x64x64,1,False,,,,,,,,,,,,,,,,,,,,8.8e-08,1.079e-05,CUBLAS_DEFAULT_MATH,,False,2497.0,True,2500,38,40.6,13030,13030,False,2,1155de478289f4a7d40687f87000848267619032,ok,,
gemm,streamk,fp16,256,256,256,,0,0.011776,9.6e-05,0.011424,1000,0.011776,0.011808,5,2849.391,baseline_cublas_default,4387.347,64.95,joined,True,stream,1,stream_k,ckl_gemm,stream_k,128x64x64,1,False,,,,,,,,,,,,,,,,,,,,6.6e-08,1.5259e-05,CUBLAS_DEFAULT_MATH,,False,2497.0,True,2500,42,37.9,13030,13030,True,2,1155de478289f4a7d40687f87000848267619032,ok,,
gemm,streamk,fp16,256,256,256,,0,0.014438,0.00278,0.010278,1000,0.014237,0.014556,5,2323.972,baseline_cublas_default,11912.252,19.51,joined,True,graph,20,stream_k,ckl_gemm,stream_k,128x64x64,1,False,,,,,,,,,,,,,,,,,,,,6.6e-08,1.5259e-05,CUBLAS_DEFAULT_MATH,,False,2497.0,True,2500,48,44.9,13030,13030,False,2,1155de478289f4a7d40687f87000848267619032,ok,,
gemm,streamk,fp16,256,256,256,,0,0.015872,0.00464,0.009664,1000,0.015776,0.016336,5,2114.065,baseline_cublas_default,3603.354,58.67,joined,False,stream,1,stream_k,ckl_gemm,stream_k,128x64x64,1,False,,,,,,,,,,,,,,,,,,,,6.6e-08,1.5259e-05,CUBLAS_DEFAULT_MATH,,False,2497.0,True,2500,38,29.3,13030,13030,False,2,1155de478289f4a7d40687f87000848267619032,ok,,
gemm,streamk,fp16,256,256,256,,0,0.014706,0.00255,0.010301,1000,0.014397,0.014746,5,2281.621,baseline_cublas_default,5540.692,41.18,joined,True,stream,20,stream_k,ckl_gemm,stream_k,128x64x64,1,False,,,,,,,,,,,,,,,,,,,,6.6e-08,1.5259e-05,CUBLAS_DEFAULT_MATH,,False,2497.0,True,2500,38,44.3,13030,13030,False,2,1155de478289f4a7d40687f87000848267619032,ok,,
gemm,streamk,fp16,512,512,512,,0,0.036384,0.000128,0.034144,1000,0.036384,0.036384,5,7377.843,baseline_cublas_default,22671.914,32.54,joined,True,stream,1,stream_k,ckl_gemm,stream_k,128x64x64,1,False,,,,,,,,,,,,,,,,,,,,1.77e-07,2.1579e-05,CUBLAS_DEFAULT_MATH,,False,2497.0,True,2500,37,42.7,13030,13030,True,2,1155de478289f4a7d40687f87000848267619032,ok,,
gemm,streamk,fp16,512,512,512,,0,0.032936,2.1e-05,0.03284,1000,0.032934,0.032941,5,8150.214,baseline_cublas_default,32870.72,24.79,joined,True,graph,20,stream_k,ckl_gemm,stream_k,128x64x64,1,False,,,,,,,,,,,,,,,,,,,,1.77e-07,2.1579e-05,CUBLAS_DEFAULT_MATH,,False,2497.0,True,2500,38,56.9,13030,13030,False,2,1155de478289f4a7d40687f87000848267619032,ok,,
gemm,streamk,fp16,512,512,512,,0,0.040624,0.015136,0.033568,1000,0.037952,0.049632,5,6607.805,baseline_cublas_default,17119.608,38.6,joined,False,stream,1,stream_k,ckl_gemm,stream_k,128x64x64,1,False,,,,,,,,,,,,,,,,,,,,1.77e-07,2.1579e-05,CUBLAS_DEFAULT_MATH,,False,2497.0,True,2500,39,29.7,13030,13030,False,2,1155de478289f4a7d40687f87000848267619032,ok,,
gemm,streamk,fp16,512,512,512,,0,0.032936,6.7e-05,0.032832,1000,0.032936,0.032936,5,8150.214,baseline_cublas_default,25870.804,31.5,joined,True,stream,20,stream_k,ckl_gemm,stream_k,128x64x64,1,False,,,,,,,,,,,,,,,,,,,,1.77e-07,2.1579e-05,CUBLAS_DEFAULT_MATH,,False,2497.0,True,2500,40,54.1,13030,13030,False,2,1155de478289f4a7d40687f87000848267619032,ok,,
gemm,streamk,fp16,768,768,768,,0,0.052768,0.000672,0.05232,1000,0.052768,0.052768,5,17168.922,baseline_cublas_default,37648.339,45.6,joined,True,stream,1,stream_k,ckl_gemm,stream_k,128x128x64,1,False,,,,,,,,,,,,,,,,,,,,1.91e-07,2.6429e-05,CUBLAS_DEFAULT_MATH,,False,2497.0,True,2500,39,41.8,13030,13030,True,2,1155de478289f4a7d40687f87000848267619032,ok,,
gemm,streamk,fp16,768,768,768,,0,0.05128,8.5e-05,0.051242,1000,0.051278,0.051282,5,17667.116,baseline_cublas_default,48416.505,36.49,joined,True,graph,20,stream_k,ckl_gemm,stream_k,128x128x64,1,False,,,,,,,,,,,,,,,,,,,,1.91e-07,2.6429e-05,CUBLAS_DEFAULT_MATH,,False,2497.0,True,2500,40,69.3,13030,13030,False,2,1155de478289f4a7d40687f87000848267619032,ok,,
gemm,streamk,fp16,768,768,768,,0,0.057744,0.017472,0.051968,1000,0.057664,0.057984,5,15689.416,baseline_cublas_default,35257.225,44.5,joined,False,stream,1,stream_k,ckl_gemm,stream_k,128x128x64,1,False,,,,,,,,,,,,,,,,,,,,1.91e-07,2.6429e-05,CUBLAS_DEFAULT_MATH,,False,2497.0,True,2500,36,31.7,13030,13030,False,2,1155de478289f4a7d40687f87000848267619032,ok,,
gemm,streamk,fp16,768,768,768,,0,0.051301,4.2e-05,0.051256,1000,0.051298,0.051304,5,17659.952,baseline_cublas_default,40058.792,44.09,joined,True,stream,20,stream_k,ckl_gemm,stream_k,128x128x64,1,False,,,,,,,,,,,,,,,,,,,,1.91e-07,2.6429e-05,CUBLAS_DEFAULT_MATH,,False,2497.0,True,2500,51,68.3,13030,13030,False,2,1155de478289f4a7d40687f87000848267619032,ok,,
gemm,wmma,fp16,1024,1024,1024,,0,0.083424,0.000384,0.080928,1000,0.083424,0.083424,5,25741.796,baseline_cublas_default,48210.391,53.39,joined,True,stream,1,wmma_fp16,ckl_gemm,tile_family,128x64x64,1,False,,,,,,,,,,,,,,,,,,,,0.0,3.0518e-05,CUBLAS_DEFAULT_MATH,,False,2497.0,True,2500,42,46.0,13030,13030,True,2,1155de478289f4a7d40687f87000848267619032,ok,,
gemm,wmma,fp16,1024,1024,1024,,0,0.08192,0.00132,0.078944,1000,0.081728,0.082176,5,26214.401,baseline_cublas_default,45933.516,57.07,joined,False,stream,1,wmma_fp16,ckl_gemm,tile_family,128x64x64,1,False,,,,,,,,,,,,,,,,,,,,0.0,3.0518e-05,CUBLAS_DEFAULT_MATH,,False,2497.0,True,2500,41,34.1,13030,13030,False,2,1155de478289f4a7d40687f87000848267619032,ok,,
gemm,wmma,fp16,2048,2048,2048,,0,0.535904,0.002048,0.533088,1000,0.535632,0.535936,5,32057.737,baseline_cublas_default,56370.319,56.87,joined,True,stream,1,wmma_fp16,ckl_gemm,tile_family,128x128x32,1,False,,,,,,,,,,,,,,,,,,,,0.0,4.3158e-05,CUBLAS_DEFAULT_MATH,,False,2497.0,True,2500,45,89.7,13030,13030,True,2,1155de478289f4a7d40687f87000848267619032,ok,,
gemm,wmma,fp16,2048,2048,2048,,0,0.535456,0.002208,0.532128,1000,0.535296,0.53568,5,32084.558,baseline_cublas_default,56046.655,57.25,joined,False,stream,1,wmma_fp16,ckl_gemm,tile_family,128x128x32,1,False,,,,,,,,,,,,,,,,,,,,0.0,4.3158e-05,CUBLAS_DEFAULT_MATH,,False,2497.0,True,2500,49,69.9,13030,13030,False,2,1155de478289f4a7d40687f87000848267619032,ok,,
gemm,wmma,fp16,4096,4096,4096,,0,4.075648,0.004712,4.069728,478,4.075552,4.075808,5,33721.99,baseline_cublas_default,57567.501,58.58,joined,False,stream,1,wmma_fp16,ckl_gemm,tile_family,128x128x32,1,False,,,,,,,,,,,,,,,,,,,,0.0,6.1035e-05,CUBLAS_DEFAULT_MATH,,False,2497.0,True,2500,48,123.1,13030,13030,True,2,1155de478289f4a7d40687f87000848267619032,ok,,
gemm,wmma,fp16,8192,8192,8192,,0,32.596191,0.251553,32.541634,61,32.586304,32.602592,5,33731.291,baseline_cublas_default,59450.235,56.74,joined,False,stream,1,wmma_fp16,ckl_gemm,tile_family,128x128x32,1,False,,,,,,,,,,,,,,,,,,,,0.0,8.6317e-05,CUBLAS_DEFAULT_MATH,,False,2497.0,True,2500,49,155.3,13030,13030,True,2,1155de478289f4a7d40687f87000848267619032,ok,,
gemm,baseline_cublas_autotune,fp32,512,512,512,,0,0.031296,0.00048,0.02944,1000,0.031264,0.03168,5,8577.309,baseline_cublas_default,8065.969,106.34,joined,True,stream,1,cublas,cublasGemmEx,cp_async,,1,False,,,,,,,,,,,,,,,,,,,,1.11e-07,2.1579e-05,CUBLAS_DEFAULT_MATH,CUBLAS_GEMM_AUTOTUNE,False,2497.0,True,2500,36,43.5,13030,13030,True,2,1155de478289f4a7d40687f87000848267619032,ok,,
gemm,baseline_cublas_autotune,fp32,512,512,512,,0,0.028867,1.6e-05,0.028763,1000,0.028866,0.028869,5,9298.978,baseline_cublas_default,8682.96,107.09,joined,True,graph,20,cublas,cublasGemmEx,cp_async,,1,False,,,,,,,,,,,,,,,,,,,,1.11e-07,2.1579e-05,CUBLAS_DEFAULT_MATH,CUBLAS_GEMM_AUTOTUNE,False,2497.0,True,2500,44,89.4,13030,13030,False,2,1155de478289f4a7d40687f87000848267619032,ok,,
gemm,baseline_cublas_autotune,fp32,512,512,512,,0,0.038624,0.017032,0.030208,1000,0.036096,0.046624,5,6949.965,baseline_cublas_default,6944.212,100.08,joined,False,stream,1,cublas,cublasGemmEx,cp_async,,1,False,,,,,,,,,,,,,,,,,,,,1.11e-07,2.1579e-05,CUBLAS_DEFAULT_MATH,CUBLAS_GEMM_AUTOTUNE,False,2497.0,True,2500,35,32.5,13030,13030,False,2,1155de478289f4a7d40687f87000848267619032,ok,,
gemm,baseline_cublas_autotune,fp32,512,512,512,,0,0.028802,3e-05,0.028754,1000,0.028797,0.028816,5,9320.158,baseline_cublas_default,8677.571,107.41,joined,True,stream,20,cublas,cublasGemmEx,cp_async,,1,False,,,,,,,,,,,,,,,,,,,,1.11e-07,2.1579e-05,CUBLAS_DEFAULT_MATH,CUBLAS_GEMM_AUTOTUNE,False,2497.0,True,2500,45,94.9,13030,13030,False,2,1155de478289f4a7d40687f87000848267619032,ok,,
gemm,baseline_cublas_autotune,fp32,1024,1024,1024,,0,0.123424,9.6e-05,0.121344,1000,0.123392,0.123424,5,17399.239,baseline_cublas_default,16840.368,103.32,joined,True,stream,1,cublas,cublasGemmEx,cp_async,,1,False,,,,,,,,,,,,,,,,,,,,0.0,3.0518e-05,CUBLAS_DEFAULT_MATH,CUBLAS_GEMM_AUTOTUNE,False,2497.0,True,2500,36,53.0,13030,13030,True,2,1155de478289f4a7d40687f87000848267619032,ok,,
gemm,baseline_cublas_autotune,fp32,1024,1024,1024,,0,0.127584,0.00288,0.121504,1000,0.126976,0.129648,5,16831.92,baseline_cublas_default,16256.993,103.54,joined,False,stream,1,cublas,cublasGemmEx,cp_async,,1,False,,,,,,,,,,,,,,,,,,,,0.0,3.0518e-05,CUBLAS_DEFAULT_MATH,CUBLAS_GEMM_AUTOTUNE,False,2497.0,True,2500,35,44.7,13030,13030,False,2,1155de478289f4a7d40687f87000848267619032,ok,,
gemm,baseline_cublas_autotune,fp32,2048,2048,2048,,0,0.822128,0.002016,0.81952,1000,0.821936,0.822304,5,20896.83,baseline_cublas_default,20859.887,100.18,joined,True,stream,1,cublas,cublasGemmEx,cp_async,,1,False,,,,,,,,,,,,,,,,,,,,0.0,4.3158e-05,CUBLAS_DEFAULT_MATH,CUBLAS_GEMM_AUTOTUNE,False,2497.0,True,2500,52,171.6,13030,13030,True,2,1155de478289f4a7d40687f87000848267619032,ok,,
gemm,baseline_cublas_autotune,fp32,2048,2048,2048,,0,0.829632,0.020136,0.819744,1000,0.827248,0.832096,5,20707.819,baseline_cublas_default,20723.806,99.92,joined,False,stream,1,cublas,cublasGemmEx,cp_async,,1,False,,,,,,,,,,,,,,,,,,,,0.0,4.3158e-05,CUBLAS_DEFAULT_MATH,CUBLAS_GEMM_AUTOTUNE,False,2497.0,True,2500,53,159.6,13030,13030,False,2,1155de478289f4a7d40687f87000848267619032,ok,,
gemm,baseline_cublas_autotune,fp32,4096,4096,4096,,0,6.353824,0.378496,6.329632,301,6.3488,6.388096,5,21630.903,baseline_cublas_default,20619.439,104.91,joined,False,stream,1,cublas,cublasGemmEx,cp_async,,1,False,,,,,,,,,,,,,,,,,,,,0.0,6.1035e-05,CUBLAS_DEFAULT_MATH,CUBLAS_GEMM_AUTOTUNE,True,2497.0,True,2500,57,194.2,13030,13030,True,2,1155de478289f4a7d40687f87000848267619032,ok,,
gemm,baseline_cublas_default,fp32,512,512,512,,0,0.03328,9.6e-05,0.032736,1000,0.03328,0.03328,5,8065.969,baseline_cublas_default,8065.969,100.0,self,True,stream,1,cublas,ckl_gemm,cp_async,,1,False,,,,,,,,,,,,,,,,,,,,0.0,2.1579e-05,CUBLAS_DEFAULT_MATH,CUBLAS_GEMM_DEFAULT,False,2497.0,True,2500,36,42.6,13030,13030,True,2,1155de478289f4a7d40687f87000848267619032,ok,,
gemm,baseline_cublas_default,fp32,512,512,512,,0,0.030915,2.2e-05,0.030838,1000,0.030902,0.030917,5,8682.96,baseline_cublas_default,8682.96,100.0,self,True,graph,20,cublas,ckl_gemm,cp_async,,1,False,,,,,,,,,,,,,,,,,,,,0.0,2.1579e-05,CUBLAS_DEFAULT_MATH,CUBLAS_GEMM_DEFAULT,False,2497.0,True,2500,44,106.1,13030,13030,False,2,1155de478289f4a7d40687f87000848267619032,ok,,
gemm,baseline_cublas_default,fp32,512,512,512,,0,0.038656,0.006624,0.032992,1000,0.038512,0.03968,5,6944.212,baseline_cublas_default,6944.212,100.0,self,False,stream,1,cublas,ckl_gemm,cp_async,,1,False,,,,,,,,,,,,,,,,,,,,0.0,2.1579e-05,CUBLAS_DEFAULT_MATH,CUBLAS_GEMM_DEFAULT,False,2497.0,True,2500,35,32.6,13030,13030,False,2,1155de478289f4a7d40687f87000848267619032,ok,,
gemm,baseline_cublas_default,fp32,512,512,512,,0,0.030934,0.000131,0.030819,1000,0.030933,0.030936,5,8677.571,baseline_cublas_default,8677.571,100.0,self,True,stream,20,cublas,ckl_gemm,cp_async,,1,False,,,,,,,,,,,,,,,,,,,,0.0,2.1579e-05,CUBLAS_DEFAULT_MATH,CUBLAS_GEMM_DEFAULT,False,2497.0,True,2500,45,107.0,13030,13030,False,2,1155de478289f4a7d40687f87000848267619032,ok,,
gemm,baseline_cublas_default,fp32,1024,1024,1024,,0,0.12752,0.000128,0.125376,1000,0.12752,0.12752,5,16840.368,baseline_cublas_default,16840.368,100.0,self,True,stream,1,cublas,ckl_gemm,cp_async,,1,False,,,,,,,,,,,,,,,,,,,,0.0,3.0518e-05,CUBLAS_DEFAULT_MATH,CUBLAS_GEMM_DEFAULT,False,2497.0,True,2500,42,59.2,13030,13030,True,2,1155de478289f4a7d40687f87000848267619032,ok,,
gemm,baseline_cublas_default,fp32,1024,1024,1024,,0,0.132096,0.001952,0.1264,1000,0.132,0.1328,5,16256.993,baseline_cublas_default,16256.993,100.0,self,False,stream,1,cublas,ckl_gemm,cp_async,,1,False,,,,,,,,,,,,,,,,,,,,0.0,3.0518e-05,CUBLAS_DEFAULT_MATH,CUBLAS_GEMM_DEFAULT,False,2497.0,True,2500,37,45.9,13030,13030,False,2,1155de478289f4a7d40687f87000848267619032,ok,,
gemm,baseline_cublas_default,fp32,2048,2048,2048,,0,0.823584,0.002048,0.819744,1000,0.823504,0.82368,5,20859.887,baseline_cublas_default,20859.887,100.0,self,True,stream,1,cublas,ckl_gemm,cp_async,,1,False,,,,,,,,,,,,,,,,,,,,0.0,4.3158e-05,CUBLAS_DEFAULT_MATH,CUBLAS_GEMM_DEFAULT,False,2497.0,True,2500,50,173.1,13030,13030,True,2,1155de478289f4a7d40687f87000848267619032,ok,,
gemm,baseline_cublas_default,fp32,2048,2048,2048,,0,0.828992,0.017416,0.82016,1000,0.828608,0.829744,5,20723.806,baseline_cublas_default,20723.806,100.0,self,False,stream,1,cublas,ckl_gemm,cp_async,,1,False,,,,,,,,,,,,,,,,,,,,0.0,4.3158e-05,CUBLAS_DEFAULT_MATH,CUBLAS_GEMM_DEFAULT,False,2497.0,True,2500,60,156.6,13030,13030,False,2,1155de478289f4a7d40687f87000848267619032,ok,,
gemm,baseline_cublas_default,fp32,4096,4096,4096,,0,6.665504,0.221104,6.633056,291,6.66288,6.667296,5,20619.439,baseline_cublas_default,20619.439,100.0,self,False,stream,1,cublas,ckl_gemm,cp_async,,1,False,,,,,,,,,,,,,,,,,,,,0.0,6.1035e-05,CUBLAS_DEFAULT_MATH,CUBLAS_GEMM_DEFAULT,True,2497.0,True,2500,57,203.6,13030,13030,True,2,1155de478289f4a7d40687f87000848267619032,ok,,
gemm,cp_async,fp32,512,512,512,,0,0.070592,0.002016,0.068544,1000,0.069536,0.070752,5,3802.633,baseline_cublas_default,8065.969,47.14,joined,True,stream,1,cp_async,ckl_gemm,cp_async,,1,False,,,,,,,,,,,,,,,,,,,,2.23e-07,2.1579e-05,CUBLAS_DEFAULT_MATH,,False,2497.0,True,2500,35,43.4,13030,13030,True,2,1155de478289f4a7d40687f87000848267619032,ok,,
gemm,cp_async,fp32,512,512,512,,0,0.065819,5e-06,0.065771,1000,0.065818,0.065819,5,4078.376,baseline_cublas_default,8682.96,46.97,joined,True,graph,20,cp_async,ckl_gemm,cp_async,,1,False,,,,,,,,,,,,,,,,,,,,2.23e-07,2.1579e-05,CUBLAS_DEFAULT_MATH,,False,2497.0,True,2500,41,65.7,13030,13030,False,2,1155de478289f4a7d40687f87000848267619032,ok,,
gemm,cp_async,fp32,512,512,512,,0,0.071136,0.001504,0.068288,1000,0.071008,0.07152,5,3773.553,baseline_cublas_default,6944.212,54.34,joined,False,stream,1,cp_async,ckl_gemm,cp_async,,1,False,,,,,,,,,,,,,,,,,,,,2.23e-07,2.1579e-05,CUBLAS_DEFAULT_MATH,,False,2497.0,True,2500,36,31.7,13030,13030,False,2,1155de478289f4a7d40687f87000848267619032,ok,,
gemm,cp_async,fp32,512,512,512,,0,0.067734,1.8e-05,0.067626,1000,0.067733,0.067734,5,3963.059,baseline_cublas_default,8677.571,45.67,joined,True,stream,20,cp_async,ckl_gemm,cp_async,,1,False,,,,,,,,,,,,,,,,,,,,2.23e-07,2.1579e-05,CUBLAS_DEFAULT_MATH,,False,2497.0,True,2500,40,66.8,13030,13030,False,2,1155de478289f4a7d40687f87000848267619032,ok,,
gemm,cp_async,fp32,1024,1024,1024,,0,0.21456,9.6e-05,0.21232,1000,0.21456,0.21456,5,10008.779,baseline_cublas_default,16840.368,59.43,joined,True,stream,1,cp_async,ckl_gemm,cp_async,,1,False,,,,,,,,,,,,,,,,,,,,3.49e-07,3.0518e-05,CUBLAS_DEFAULT_MATH,,False,2497.0,True,2500,41,58.8,13030,13030,True,2,1155de478289f4a7d40687f87000848267619032,ok,,
gemm,cp_async,fp32,1024,1024,1024,,0,0.215968,0.002208,0.212768,1000,0.215776,0.216,5,9943.527,baseline_cublas_default,16256.993,61.16,joined,False,stream,1,cp_async,ckl_gemm,cp_async,,1,False,,,,,,,,,,,,,,,,,,,,3.49e-07,3.0518e-05,CUBLAS_DEFAULT_MATH,,False,2497.0,True,2500,48,43.3,13030,13030,False,2,1155de478289f4a7d40687f87000848267619032,ok,,
gemm,cp_async,fp32,2048,2048,2048,,0,1.158752,0.002144,1.150336,1000,1.15872,1.158784,5,14826.183,baseline_cublas_default,20859.887,71.08,joined,True,stream,1,cp_async,ckl_gemm,cp_async,,1,False,,,,,,,,,,,,,,,,,,,,3.17e-07,4.3158e-05,CUBLAS_DEFAULT_MATH,,False,2497.0,True,2500,49,148.3,13030,13030,True,2,1155de478289f4a7d40687f87000848267619032,ok,,
gemm,cp_async,fp32,2048,2048,2048,,0,1.1624,0.00504,1.151552,1000,1.160352,1.162752,5,14779.653,baseline_cublas_default,20723.806,71.32,joined,False,stream,1,cp_async,ckl_gemm,cp_async,,1,False,,,,,,,,,,,,,,,,,,,,3.17e-07,4.3158e-05,CUBLAS_DEFAULT_MATH,,False,2497.0,True,2500,49,150.1,13030,13030,False,2,1155de478289f4a7d40687f87000848267619032,ok,,
gemm,cp_async,fp32,4096,4096,4096,,0,8.06248,0.554657,8.025952,238,8.05056,8.5696,5,17046.734,baseline_cublas_default,20619.439,82.67,joined,False,stream,1,cp_async,ckl_gemm,cp_async,,1,False,,,,,,,,,,,,,,,,,,,,0.0,6.1035e-05,CUBLAS_DEFAULT_MATH,,True,2497.0,True,2500,57,193.1,13030,13030,True,2,1155de478289f4a7d40687f87000848267619032,ok,,
gemm,naive,fp32,512,512,512,,0,0.157248,0.002016,0.1552,1000,0.157248,0.15728,5,1707.083,baseline_cublas_default,8065.969,21.16,joined,True,stream,1,naive,ckl_gemm,cp_async,,1,False,,,,,,,,,,,,,,,,,,,,2.23e-07,2.1579e-05,CUBLAS_DEFAULT_MATH,,False,2497.0,True,2500,41,51.7,13030,13030,True,2,1155de478289f4a7d40687f87000848267619032,ok,,
gemm,naive,fp32,512,512,512,,0,0.152501,0.000205,0.151989,614,0.152501,0.152504,5,1760.223,baseline_cublas_default,8682.96,20.27,joined,True,graph,20,naive,ckl_gemm,cp_async,,1,False,,,,,,,,,,,,,,,,,,,,2.23e-07,2.1579e-05,CUBLAS_DEFAULT_MATH,,False,2490.0,True,2500,47,110.5,13030,13030,False,2,1155de478289f4a7d40687f87000848267619032,ok,,
gemm,naive,fp32,512,512,512,,0,0.158208,0.001696,0.154208,1000,0.158144,0.158304,5,1696.725,baseline_cublas_default,6944.212,24.43,joined,False,stream,1,naive,ckl_gemm,cp_async,,1,False,,,,,,,,,,,,,,,,,,,,2.23e-07,2.1579e-05,CUBLAS_DEFAULT_MATH,,False,2497.0,True,2500,41,41.6,13030,13030,False,2,1155de478289f4a7d40687f87000848267619032,ok,,
gemm,naive,fp32,512,512,512,,0,0.154422,0.000392,0.15369,589,0.154419,0.154424,5,1738.319,baseline_cublas_default,8677.571,20.03,joined,True,stream,20,naive,ckl_gemm,cp_async,,1,False,,,,,,,,,,,,,,,,,,,,2.23e-07,2.1579e-05,CUBLAS_DEFAULT_MATH,,False,2490.0,True,2500,47,112.6,13030,13030,False,2,1155de478289f4a7d40687f87000848267619032,ok,,
gemm,naive,fp32,1024,1024,1024,,0,1.164704,0.004,1.158432,1000,1.164672,1.164768,5,1843.802,baseline_cublas_default,16840.368,10.95,joined,True,stream,1,naive,ckl_gemm,cp_async,,1,False,,,,,,,,,,,,,,,,,,,,3.49e-07,3.0518e-05,CUBLAS_DEFAULT_MATH,,False,2497.0,True,2500,46,120.6,13030,13030,True,2,1155de478289f4a7d40687f87000848267619032,ok,,
gemm,naive,fp32,1024,1024,1024,,0,1.153888,0.010024,1.148608,1000,1.15376,1.15424,5,1861.085,baseline_cublas_default,16256.993,11.45,joined,False,stream,1,naive,ckl_gemm,cp_async,,1,False,,,,,,,,,,,,,,,,,,,,3.49e-07,3.0518e-05,CUBLAS_DEFAULT_MATH,,False,2497.0,True,2500,46,116.4,13030,13030,False,2,1155de478289f4a7d40687f87000848267619032,ok,,
gemm,naive,fp32,2048,2048,2048,,0,9.151424,0.003936,9.139712,213,9.143872,9.158208,5,1877.289,baseline_cublas_default,20859.887,9.0,joined,True,stream,1,naive,ckl_gemm,cp_async,,1,False,,,,,,,,,,,,,,,,,,,,3.17e-07,4.3158e-05,CUBLAS_DEFAULT_MATH,,False,2497.0,True,2500,51,123.4,13030,13030,True,2,1155de478289f4a7d40687f87000848267619032,ok,,
gemm,naive,fp32,2048,2048,2048,,0,9.625216,0.233152,9.093216,205,9.614048,9.860112,5,1784.882,baseline_cublas_default,20723.806,8.61,joined,False,stream,1,naive,ckl_gemm,cp_async,,1,False,,,,,,,,,,,,,,,,,,,,3.17e-07,4.3158e-05,CUBLAS_DEFAULT_MATH,,False,2497.0,True,2500,51,120.3,13030,13030,False,2,1155de478289f4a7d40687f87000848267619032,ok,,
gemm,naive,fp32,4096,4096,4096,,0,75.929535,1.028973,75.387489,27,75.917343,76.138176,5,1810.086,baseline_cublas_default,20619.439,8.78,joined,False,stream,1,naive,ckl_gemm,cp_async,,1,False,,,,,,,,,,,,,,,,,,,,0.0,6.1035e-05,CUBLAS_DEFAULT_MATH,,False,2497.0,True,2500,49,156.5,13030,13030,True,2,1155de478289f4a7d40687f87000848267619032,ok,,
gemm,register,fp32,512,512,512,,0,0.099904,0.002016,0.096192,1000,0.099872,0.099936,5,2686.934,baseline_cublas_default,8065.969,33.31,joined,True,stream,1,register,ckl_gemm,cp_async,,1,False,,,,,,,,,,,,,,,,,,,,2.23e-07,2.1579e-05,CUBLAS_DEFAULT_MATH,,False,2497.0,True,2500,38,41.6,13030,13030,True,2,1155de478289f4a7d40687f87000848267619032,ok,,
gemm,register,fp32,512,512,512,,0,0.078389,0.000102,0.078091,1000,0.07831,0.07841,5,3424.411,baseline_cublas_default,8682.96,39.44,joined,True,graph,20,register,ckl_gemm,cp_async,,1,False,,,,,,,,,,,,,,,,,,,,2.23e-07,2.1579e-05,CUBLAS_DEFAULT_MATH,,False,2497.0,True,2500,47,62.8,13030,13030,False,2,1155de478289f4a7d40687f87000848267619032,ok,,
gemm,register,fp32,512,512,512,,0,0.082368,0.001992,0.079776,1000,0.08208,0.082528,5,3258.977,baseline_cublas_default,6944.212,46.93,joined,False,stream,1,register,ckl_gemm,cp_async,,1,False,,,,,,,,,,,,,,,,,,,,2.23e-07,2.1579e-05,CUBLAS_DEFAULT_MATH,,False,2497.0,True,2500,35,31.9,13030,13030,False,2,1155de478289f4a7d40687f87000848267619032,ok,,
gemm,register,fp32,512,512,512,,0,0.080944,1.6e-05,0.080714,1000,0.080941,0.080944,5,3316.311,baseline_cublas_default,8677.571,38.22,joined,True,stream,20,register,ckl_gemm,cp_async,,1,False,,,,,,,,,,,,,,,,,,,,2.23e-07,2.1579e-05,CUBLAS_DEFAULT_MATH,,False,2497.0,True,2500,46,62.4,13030,13030,False,2,1155de478289f4a7d40687f87000848267619032,ok,,
gemm,register,fp32,1024,1024,1024,,0,0.230944,0.00016,0.22816,1000,0.230912,0.230944,5,9298.721,baseline_cublas_default,16840.368,55.22,joined,True,stream,1,register,ckl_gemm,cp_async,,1,False,,,,,,,,,,,,,,,,,,,,3.49e-07,3.0518e-05,CUBLAS_DEFAULT_MATH,,False,2497.0,True,2500,36,60.6,13030,13030,True,2,1155de478289f4a7d40687f87000848267619032,ok,,
gemm,register,fp32,1024,1024,1024,,0,0.217344,0.00192,0.2136,1000,0.21712,0.21744,5,9880.575,baseline_cublas_default,16256.993,60.78,joined,False,stream,1,register,ckl_gemm,cp_async,,1,False,,,,,,,,,,,,,,,,,,,,3.49e-07,3.0518e-05,CUBLAS_DEFAULT_MATH,,False,2497.0,True,2500,41,46.0,13030,13030,False,2,1155de478289f4a7d40687f87000848267619032,ok,,
gemm,register,fp32,2048,2048,2048,,0,1.232384,0.004288,1.218464,1000,1.230368,1.234128,5,13940.354,baseline_cublas_default,20859.887,66.83,joined,True,stream,1,register,ckl_gemm,cp_async,,1,False,,,,,,,,,,,,,,,,,,,,3.17e-07,4.3158e-05,CUBLAS_DEFAULT_MATH,,False,2497.0,True,2500,49,142.1,13030,13030,True,2,1155de478289f4a7d40687f87000848267619032,ok,,
gemm,register,fp32,2048,2048,2048,,0,1.189264,0.013968,1.172768,1000,1.18736,1.19128,5,14445.799,baseline_cublas_default,20723.806,69.71,joined,False,stream,1,register,ckl_gemm,cp_async,,1,False,,,,,,,,,,,,,,,,,,,,3.17e-07,4.3158e-05,CUBLAS_DEFAULT_MATH,,False,2497.0,True,2500,61,149.8,13030,13030,False,2,1155de478289f4a7d40687f87000848267619032,ok,,
gemm,register,fp32,4096,4096,4096,,0,8.391584,0.218776,8.321664,232,8.374768,8.393216,5,16378.19,baseline_cublas_default,20619.439,79.43,joined,False,stream,1,register,ckl_gemm,cp_async,,1,False,,,,,,,,,,,,,,,,,,,,0.0,6.1035e-05,CUBLAS_DEFAULT_MATH,,True,2497.0,True,2500,55,181.9,13030,13030,True,2,1155de478289f4a7d40687f87000848267619032,ok,,
gemm,tiled,fp32,512,512,512,,0,0.210528,0.002016,0.204736,1000,0.210528,0.21088,5,1275.058,baseline_cublas_default,8065.969,15.81,joined,True,stream,1,tiled,ckl_gemm,cp_async,,1,False,,,,,,,,,,,,,,,,,,,,2.23e-07,2.1579e-05,CUBLAS_DEFAULT_MATH,,False,2497.0,True,2500,39,48.1,13030,13030,True,2,1155de478289f4a7d40687f87000848267619032,ok,,
gemm,tiled,fp32,512,512,512,,0,0.187414,5.3e-05,0.186979,491,0.187307,0.197299,5,1432.31,baseline_cublas_default,8682.96,16.5,joined,True,graph,20,tiled,ckl_gemm,cp_async,,1,False,,,,,,,,,,,,,,,,,,,,2.23e-07,2.1579e-05,CUBLAS_DEFAULT_MATH,,False,2497.0,True,2500,50,72.4,13030,13030,False,2,1155de478289f4a7d40687f87000848267619032,ok,,
gemm,tiled,fp32,512,512,512,,0,0.19224,0.00192,0.188448,1000,0.192064,0.192416,5,1396.356,baseline_cublas_default,6944.212,20.11,joined,False,stream,1,tiled,ckl_gemm,cp_async,,1,False,,,,,,,,,,,,,,,,,,,,2.23e-07,2.1579e-05,CUBLAS_DEFAULT_MATH,,False,2497.0,True,2500,35,36.0,13030,13030,False,2,1155de478289f4a7d40687f87000848267619032,ok,,
gemm,tiled,fp32,512,512,512,,0,0.189438,1.9e-05,0.189203,499,0.189437,0.18944,5,1417.007,baseline_cublas_default,8677.571,16.33,joined,True,stream,20,tiled,ckl_gemm,cp_async,,1,False,,,,,,,,,,,,,,,,,,,,2.23e-07,2.1579e-05,CUBLAS_DEFAULT_MATH,,False,2497.0,True,2500,50,71.9,13030,13030,False,2,1155de478289f4a7d40687f87000848267619032,ok,,
gemm,tiled,fp32,1024,1024,1024,,0,1.416672,0.002048,1.411872,1000,1.41472,1.416704,5,1515.865,baseline_cublas_default,16840.368,9.0,joined,True,stream,1,tiled,ckl_gemm,cp_async,,1,False,,,,,,,,,,,,,,,,,,,,3.49e-07,3.0518e-05,CUBLAS_DEFAULT_MATH,,False,2497.0,True,2500,52,78.7,13030,13030,True,2,1155de478289f4a7d40687f87000848267619032,ok,,
gemm,tiled,fp32,1024,1024,1024,,0,1.358112,0.003944,1.353088,1000,1.357088,1.358304,5,1581.227,baseline_cublas_default,16256.993,9.73,joined,False,stream,1,tiled,ckl_gemm,cp_async,,1,False,,,,,,,,,,,,,,,,,,,,3.49e-07,3.0518e-05,CUBLAS_DEFAULT_MATH,,False,2497.0,True,2500,52,75.5,13030,13030,False,2,1155de478289f4a7d40687f87000848267619032,ok,,
gemm,tiled,fp32,2048,2048,2048,,0,10.773056,0.394288,10.754592,178,10.771776,10.775136,5,1594.707,baseline_cublas_default,20859.887,7.64,joined,True,stream,1,tiled,ckl_gemm,cp_async,,1,False,,,,,,,,,,,,,,,,,,,,3.17e-07,4.3158e-05,CUBLAS_DEFAULT_MATH,,False,2497.0,True,2500,42,79.6,13030,13030,True,2,1155de478289f4a7d40687f87000848267619032,ok,,
gemm,tiled,fp32,2048,2048,2048,,0,10.752128,0.285248,10.613376,180,10.739808,10.758176,5,1597.811,baseline_cublas_default,20723.806,7.71,joined,False,stream,1,tiled,ckl_gemm,cp_async,,1,False,,,,,,,,,,,,,,,,,,,,3.17e-07,4.3158e-05,CUBLAS_DEFAULT_MATH,,False,2497.0,True,2500,43,79.2,13030,13030,False,2,1155de478289f4a7d40687f87000848267619032,ok,,
gemm,tiled,fp32,4096,4096,4096,,0,94.451389,1.013411,93.109726,22,94.329826,94.933567,5,1455.129,baseline_cublas_default,20619.439,7.06,joined,False,stream,1,tiled,ckl_gemm,cp_async,,1,False,,,,,,,,,,,,,,,,,,,,0.0,6.1035e-05,CUBLAS_DEFAULT_MATH,,False,2497.0,True,2500,42,92.2,13030,13030,True,2,1155de478289f4a7d40687f87000848267619032,ok,,
gemv,baseline_cublas,fp32,1024,1024,0,,0,0.013856,9.6e-05,0.011712,1000,0.013856,0.014208,5,151.353,baseline_cublas,151.353,100.0,self,True,stream,1,cublas,gemv_cublas,,,1,False,,,,,,,,,,,,,,,,,,,,0.0,3.0518e-05,CUBLAS_DEFAULT_MATH,CUBLAS_GEMM_DEFAULT,False,2497.0,True,2500,35,39.9,13030,13030,True,2,1155de478289f4a7d40687f87000848267619032,ok,,
gemv,baseline_cublas,fp32,1024,1024,0,,0,0.010464,0.002312,0.00592,1000,0.010176,0.020016,5,200.416,baseline_cublas,200.416,100.0,self,False,stream,1,cublas,gemv_cublas,,,1,False,,,,,,,,,,,,,,,,,,,,0.0,3.0518e-05,CUBLAS_DEFAULT_MATH,CUBLAS_GEMM_DEFAULT,False,2497.0,True,2500,36,30.6,13030,13030,False,2,1155de478289f4a7d40687f87000848267619032,ok,,
gemv,baseline_cublas,fp32,2048,2048,0,,0,0.038176,0.001984,0.034208,1000,0.03696,0.0384,5,219.735,baseline_cublas,219.735,100.0,self,True,stream,1,cublas,gemv_cublas,,,1,False,,,,,,,,,,,,,,,,,,,,0.0,4.3158e-05,CUBLAS_DEFAULT_MATH,CUBLAS_GEMM_DEFAULT,False,2497.0,True,2500,39,43.5,13030,13030,True,2,1155de478289f4a7d40687f87000848267619032,ok,,
gemv,baseline_cublas,fp32,2048,2048,0,,0,0.01504,0.011936,0.01136,1000,0.01496,0.0164,5,557.753,baseline_cublas,557.753,100.0,self,False,stream,1,cublas,gemv_cublas,,,1,False,,,,,,,,,,,,,,,,,,,,0.0,4.3158e-05,CUBLAS_DEFAULT_MATH,CUBLAS_GEMM_DEFAULT,False,2497.0,True,2500,36,30.1,13030,13030,False,2,1155de478289f4a7d40687f87000848267619032,ok,,
gemv,baseline_cublas,fp32,4096,4096,0,,0,0.120288,0.002016,0.112032,1000,0.118816,0.120288,5,278.951,baseline_cublas,278.951,100.0,self,True,stream,1,cublas,gemv_cublas,,,1,False,,,,,,,,,,,,,,,,,,,,0.0,6.1035e-05,CUBLAS_DEFAULT_MATH,CUBLAS_GEMM_DEFAULT,False,2497.0,True,2500,38,48.6,13030,13030,True,2,1155de478289f4a7d40687f87000848267619032,ok,,
gemv,baseline_cublas,fp32,4096,4096,0,,0,0.114144,0.001568,0.11072,1000,0.11408,0.114432,5,293.966,baseline_cublas,293.966,100.0,self,False,stream,1,cublas,gemv_cublas,,,1,False,,,,,,,,,,,,,,,,,,,,0.0,6.1035e-05,CUBLAS_DEFAULT_MATH,CUBLAS_GEMM_DEFAULT,False,2497.0,True,2500,35,35.0,13030,13030,False,2,1155de478289f4a7d40687f87000848267619032,ok,,
gemv,baseline_cublas,fp32,8192,8192,0,,0,0.452064,0.002048,0.441056,1000,0.452032,0.452096,5,296.9,baseline_cublas,296.9,100.0,self,True,stream,1,cublas,gemv_cublas,,,1,False,,,,,,,,,,,,,,,,,,,,0.0,8.6317e-05,CUBLAS_DEFAULT_MATH,CUBLAS_GEMM_DEFAULT,False,2497.0,True,2500,39,81.5,13030,13030,True,2,1155de478289f4a7d40687f87000848267619032,ok,,
gemv,baseline_cublas,fp32,8192,8192,0,,0,0.438624,0.004128,0.432992,1000,0.438624,0.438784,5,305.997,baseline_cublas,305.997,100.0,self,False,stream,1,cublas,gemv_cublas,,,1,False,,,,,,,,,,,,,,,,,,,,0.0,8.6317e-05,CUBLAS_DEFAULT_MATH,CUBLAS_GEMM_DEFAULT,False,2497.0,True,2500,51,67.2,13030,13030,False,2,1155de478289f4a7d40687f87000848267619032,ok,,
gemv,naive,fp32,1024,1024,0,,0,0.067072,0.000192,0.061344,1000,0.067072,0.067104,5,31.267,baseline_cublas,151.353,20.66,joined,True,stream,1,naive,free_function,,,1,False,,,,,,,,,,,,,,,,,,,,1.4e-07,3.0518e-05,CUBLAS_DEFAULT_MATH,,False,2497.0,True,2500,47,44.9,13030,13030,True,2,1155de478289f4a7d40687f87000848267619032,ok,,
gemv,naive,fp32,1024,1024,0,,0,0.06096,0.001536,0.057952,1000,0.0608,0.061296,5,34.402,baseline_cublas,200.416,17.17,joined,False,stream,1,naive,free_function,,,1,False,,,,,,,,,,,,,,,,,,,,1.4e-07,3.0518e-05,CUBLAS_DEFAULT_MATH,,False,2497.0,True,2500,46,32.2,13030,13030,False,2,1155de478289f4a7d40687f87000848267619032,ok,,
gemv,naive,fp32,2048,2048,0,,0,0.13264,0.00016,0.122784,1000,0.13264,0.134672,5,63.243,baseline_cublas,219.735,28.78,joined,True,stream,1,naive,free_function,,,1,False,,,,,,,,,,,,,,,,,,,,1.53e-07,4.3158e-05,CUBLAS_DEFAULT_MATH,,False,2497.0,True,2500,38,44.7,13030,13030,True,2,1155de478289f4a7d40687f87000848267619032,ok,,
gemv,naive,fp32,2048,2048,0,,0,0.114896,0.001664,0.11216,1000,0.11488,0.115456,5,73.01,baseline_cublas,557.753,13.09,joined,False,stream,1,naive,free_function,,,1,False,,,,,,,,,,,,,,,,,,,,1.53e-07,4.3158e-05,CUBLAS_DEFAULT_MATH,,False,2497.0,True,2500,48,32.7,13030,13030,False,2,1155de478289f4a7d40687f87000848267619032,ok,,
gemv,naive,fp32,4096,4096,0,,0,0.335328,0.004168,0.317344,1000,0.335296,0.335328,5,100.065,baseline_cublas,278.951,35.87,joined,True,stream,1,naive,free_function,,,1,False,,,,,,,,,,,,,,,,,,,,1.44e-07,6.1035e-05,CUBLAS_DEFAULT_MATH,,False,2497.0,True,2500,49,56.9,13030,13030,True,2,1155de478289f4a7d40687f87000848267619032,ok,,
gemv,naive,fp32,4096,4096,0,,0,0.258592,0.004128,0.252896,1000,0.258336,0.258624,5,129.758,baseline_cublas,293.966,44.14,joined,False,stream,1,naive,free_function,,,1,False,,,,,,,,,,,,,,,,,,,,1.44e-07,6.1035e-05,CUBLAS_DEFAULT_MATH,,False,2497.0,True,2500,38,44.7,13030,13030,False,2,1155de478289f4a7d40687f87000848267619032,ok,,
gemv,naive,fp32,8192,8192,0,,0,0.945728,0.005536,0.92768,1000,0.945728,0.94576,5,141.92,baseline_cublas,296.9,47.8,joined,True,stream,1,naive,free_function,,,1,False,,,,,,,,,,,,,,,,,,,,1.66e-07,8.6317e-05,CUBLAS_DEFAULT_MATH,,False,2497.0,True,2500,49,95.1,13030,13030,True,2,1155de478289f4a7d40687f87000848267619032,ok,,
gemv,naive,fp32,8192,8192,0,,0,0.905856,0.007904,0.89504,1000,0.905568,0.906048,5,148.167,baseline_cublas,305.997,48.42,joined,False,stream,1,naive,free_function,,,1,False,,,,,,,,,,,,,,,,,,,,1.66e-07,8.6317e-05,CUBLAS_DEFAULT_MATH,,False,2497.0,True,2500,39,87.1,13030,13030,False,2,1155de478289f4a7d40687f87000848267619032,ok,,
gemv,vectorized,fp32,1024,1024,0,,0,0.011808,0.000128,0.011168,1000,0.011776,0.011808,5,177.604,baseline_cublas,151.353,117.34,joined,True,stream,1,vectorized,free_function,,,1,False,,,,,,,,,,,,,,,,,,,,3e-08,3.0518e-05,CUBLAS_DEFAULT_MATH,,False,2497.0,True,2500,47,41.8,13030,13030,True,2,1155de478289f4a7d40687f87000848267619032,ok,,
gemv,vectorized,fp32,1024,1024,0,,0,0.008736,0.00192,0.00512,1000,0.008576,0.008864,5,240.059,baseline_cublas,200.416,119.78,joined,False,stream,1,vectorized,free_function,,,1,False,,,,,,,,,,,,,,,,,,,,3e-08,3.0518e-05,CUBLAS_DEFAULT_MATH,,False,2497.0,True,2500,35,30.3,13030,13030,False,2,1155de478289f4a7d40687f87000848267619032,ok,,
gemv,vectorized,fp32,2048,2048,0,,0,0.036384,0.000128,0.031712,1000,0.036384,0.036384,5,230.558,baseline_cublas,219.735,104.93,joined,True,stream,1,vectorized,free_function,,,1,False,,,,,,,,,,,,,,,,,,,,1.9e-08,4.3158e-05,CUBLAS_DEFAULT_MATH,,False,2497.0,True,2500,38,40.6,13030,13030,True,2,1155de478289f4a7d40687f87000848267619032,ok,,
gemv,vectorized,fp32,2048,2048,0,,0,0.015312,0.004592,0.01088,1000,0.015072,0.015808,5,547.845,baseline_cublas,557.753,98.22,joined,False,stream,1,vectorized,free_function,,,1,False,,,,,,,,,,,,,,,,,,,,1.9e-08,4.3158e-05,CUBLAS_DEFAULT_MATH,,False,2497.0,True,2500,35,30.9,13030,13030,False,2,1155de478289f4a7d40687f87000848267619032,ok,,
gemv,vectorized,fp32,4096,4096,0,,0,0.122416,0.002112,0.116672,1000,0.1224,0.122432,5,274.102,baseline_cublas,278.951,98.26,joined,True,stream,1,vectorized,free_function,,,1,False,,,,,,,,,,,,,,,,,,,,2.6e-08,6.1035e-05,CUBLAS_DEFAULT_MATH,,False,2497.0,True,2500,35,49.0,13030,13030,True,2,1155de478289f4a7d40687f87000848267619032,ok,,
gemv,vectorized,fp32,4096,4096,0,,0,0.11568,0.00208,0.11184,1000,0.115136,0.115984,5,290.063,baseline_cublas,293.966,98.67,joined,False,stream,1,vectorized,free_function,,,1,False,,,,,,,,,,,,,,,,,,,,2.6e-08,6.1035e-05,CUBLAS_DEFAULT_MATH,,False,2497.0,True,2500,36,35.8,13030,13030,False,2,1155de478289f4a7d40687f87000848267619032,ok,,
gemv,vectorized,fp32,8192,8192,0,,0,0.456224,0.002208,0.44224,1000,0.456224,0.456256,5,294.193,baseline_cublas,296.9,99.09,joined,True,stream,1,vectorized,free_function,,,1,False,,,,,,,,,,,,,,,,,,,,3.3e-08,8.6317e-05,CUBLAS_DEFAULT_MATH,,False,2497.0,True,2500,39,72.6,13030,13030,True,2,1155de478289f4a7d40687f87000848267619032,ok,,
gemv,vectorized,fp32,8192,8192,0,,0,0.437072,0.011792,0.430912,1000,0.436784,0.438176,5,307.084,baseline_cublas,305.997,100.36,joined,False,stream,1,vectorized,free_function,,,1,False,,,,,,,,,,,,,,,,,,,,3.3e-08,8.6317e-05,CUBLAS_DEFAULT_MATH,,False,2497.0,True,2500,48,61.7,13030,13030,False,2,1155de478289f4a7d40687f87000848267619032,ok,,
gemv,warp,fp32,1024,1024,0,,0,0.011776,0.000128,0.011104,1000,0.011776,0.011808,5,178.087,baseline_cublas,151.353,117.66,joined,True,stream,1,warp,free_function,,,1,False,,,,,,,,,,,,,,,,,,,,2.9e-08,3.0518e-05,CUBLAS_DEFAULT_MATH,,False,2497.0,True,2500,40,40.7,13030,13030,True,2,1155de478289f4a7d40687f87000848267619032,ok,,
gemv,warp,fp32,1024,1024,0,,0,0.009632,0.015688,0.005568,1000,0.00864,0.022768,5,217.728,baseline_cublas,200.416,108.64,joined,False,stream,1,warp,free_function,,,1,False,,,,,,,,,,,,,,,,,,,,2.9e-08,3.0518e-05,CUBLAS_DEFAULT_MATH,,False,2497.0,True,2500,35,30.4,13030,13030,False,2,1155de478289f4a7d40687f87000848267619032,ok,,
gemv,warp,fp32,2048,2048,0,,0,0.034336,0.000128,0.032128,1000,0.034336,0.034336,5,244.309,baseline_cublas,219.735,111.18,joined,True,stream,1,warp,free_function,,,1,False,,,,,,,,,,,,,,,,,,,,2.3e-08,4.3158e-05,CUBLAS_DEFAULT_MATH,,False,2497.0,True,2500,40,41.3,13030,13030,True,2,1155de478289f4a7d40687f87000848267619032,ok,,
gemv,warp,fp32,2048,2048,0,,0,0.013632,0.005544,0.009856,1000,0.013392,0.014224,5,615.361,baseline_cublas,557.753,110.33,joined,False,stream,1,warp,free_function,,,1,False,,,,,,,,,,,,,,,,,,,,2.3e-08,4.3158e-05,CUBLAS_DEFAULT_MATH,,False,2497.0,True,2500,47,31.7,13030,13030,False,2,1155de478289f4a7d40687f87000848267619032,ok,,
gemv,warp,fp32,4096,4096,0,,0,0.124576,0.00208,0.116064,1000,0.124544,0.126272,5,269.349,baseline_cublas,278.951,96.56,joined,True,stream,1,warp,free_function,,,1,False,,,,,,,,,,,,,,,,,,,,3e-08,6.1035e-05,CUBLAS_DEFAULT_MATH,,False,2497.0,True,2500,44,48.1,13030,13030,True,2,1155de478289f4a7d40687f87000848267619032,ok,,
gemv,warp,fp32,4096,4096,0,,0,0.11312,0.002688,0.109952,1000,0.112928,0.113232,5,296.627,baseline_cublas,293.966,100.91,joined,False,stream,1,warp,free_function,,,1,False,,,,,,,,,,,,,,,,,,,,3e-08,6.1035e-05,CUBLAS_DEFAULT_MATH,,False,2497.0,True,2500,39,37.5,13030,13030,False,2,1155de478289f4a7d40687f87000848267619032,ok,,
gemv,warp,fp32,8192,8192,0,,0,0.462336,0.003872,0.457664,1000,0.462336,0.462368,5,290.303,baseline_cublas,296.9,97.78,joined,True,stream,1,warp,free_function,,,1,False,,,,,,,,,,,,,,,,,,,,3.2e-08,8.6317e-05,CUBLAS_DEFAULT_MATH,,False,2497.0,True,2500,51,77.3,13030,13030,True,2,1155de478289f4a7d40687f87000848267619032,ok,,
gemv,warp,fp32,8192,8192,0,,0,0.43296,0.005512,0.427872,1000,0.432768,0.433376,5,310.0,baseline_cublas,305.997,101.31,joined,False,stream,1,warp,free_function,,,1,False,,,,,,,,,,,,,,,,,,,,3.2e-08,8.6317e-05,CUBLAS_DEFAULT_MATH,,False,2497.0,True,2500,39,62.4,13030,13030,False,2,1155de478289f4a7d40687f87000848267619032,ok,,
reduce,atomic,fp32,4096,0,0,,0,0.011776,0.000128,0.011168,1000,0.011776,0.011808,5,0.0,baseline_cub_reduce,0.0,47.83,joined,True,stream,1,kAtomic,ckl_reduce,kSinglePass,,1,False,,,,,,,,pending ncu round,,16384,,,,1.391,4096,False,300304,,,2.324e-05,0.0078125,CUBLAS_DEFAULT_MATH,,False,2497.0,True,2500,35,40.5,13030,13030,True,2,1155de478289f4a7d40687f87000848267619032,ok,,
reduce,atomic,fp32,4096,0,0,,0,0.007144,6e-06,0.007034,1000,0.007142,0.007144,5,0.0,baseline_cub_reduce,0.0,21.16,joined,True,graph,20,kAtomic,ckl_reduce,kSinglePass,,1,False,,,,,,,,pending ncu round,,16384,,,,2.293,4096,False,300304,,,7.296e-06,0.0078125,CUBLAS_DEFAULT_MATH,,False,2497.0,True,2500,37,40.5,13030,13030,False,2,1155de478289f4a7d40687f87000848267619032,ok,,
reduce,atomic,fp32,4096,0,0,,0,0.016768,0.014496,0.011072,1000,0.01648,0.01752,5,0.0,baseline_cub_reduce,0.0,45.8,joined,False,stream,1,kAtomic,ckl_reduce,kSinglePass,,1,False,,,,,,,,pending ncu round,,16384,,,,0.977,4096,False,300304,,,1.1789e-05,0.0078125,CUBLAS_DEFAULT_MATH,,False,2497.0,True,2500,36,29.8,13030,13030,False,2,1155de478289f4a7d40687f87000848267619032,ok,,
reduce,atomic,fp32,4096,0,0,,0,0.013362,0.002448,0.010291,1000,0.013102,0.014046,5,0.0,baseline_cub_reduce,0.0,45.76,joined,True,stream,20,kAtomic,ckl_reduce,kSinglePass,,1,False,,,,,,,,pending ncu round,,16384,,,,1.226,4096,False,300304,,,8.3634e-05,0.0078125,CUBLAS_DEFAULT_MATH,,False,2497.0,True,2500,47,43.3,13030,13030,False,2,1155de478289f4a7d40687f87000848267619032,ok,,
reduce,atomic,fp32,65536,0,0,,0,0.095776,0.000128,0.095168,1000,0.095744,0.095776,5,0.0,baseline_cub_reduce,0.0,8.02,joined,True,stream,1,kAtomic,ckl_reduce,kSinglePass,,1,False,,,,,,,,pending ncu round,,262144,,,,2.737,65536,False,300304,,,7.9498e-05,0.125,CUBLAS_DEFAULT_MATH,,False,2497.0,True,2500,37,41.2,13030,13030,True,2,1155de478289f4a7d40687f87000848267619032,ok,,
reduce,atomic,fp32,65536,0,0,,0,0.090802,2.7e-05,0.090661,990,0.0908,0.090803,5,0.0,baseline_cub_reduce,0.0,2.79,joined,True,graph,20,kAtomic,ckl_reduce,kSinglePass,,1,False,,,,,,,,pending ncu round,,262144,,,,2.887,65536,False,300304,,,0.001049672,0.125,CUBLAS_DEFAULT_MATH,,False,2497.0,True,2500,48,42.8,13030,13030,False,2,1155de478289f4a7d40687f87000848267619032,ok,,
reduce,atomic,fp32,65536,0,0,,0,0.099648,0.01184,0.09568,1000,0.099232,0.100384,5,0.0,baseline_cub_reduce,0.0,11.11,joined,False,stream,1,kAtomic,ckl_reduce,kSinglePass,,1,False,,,,,,,,pending ncu round,,262144,,,,2.631,65536,False,300304,,,0.000225683,0.125,CUBLAS_DEFAULT_MATH,,False,2497.0,True,2500,35,30.9,13030,13030,False,2,1155de478289f4a7d40687f87000848267619032,ok,,
reduce,atomic,fp32,65536,0,0,,0,0.094357,2.2e-05,0.09421,937,0.094357,0.094358,5,0.0,baseline_cub_reduce,0.0,12.89,joined,True,stream,20,kAtomic,ckl_reduce,kSinglePass,,1,False,,,,,,,,pending ncu round,,262144,,,,2.778,65536,False,300304,,,0.000216829,0.125,CUBLAS_DEFAULT_MATH,,False,2497.0,True,2500,36,42.8,13030,13030,False,2,1155de478289f4a7d40687f87000848267619032,ok,,
reduce,atomic,fp32,1048576,0,0,,0,1.43312,0.000136,1.43248,1000,1.433088,1.43312,5,0.0,baseline_cub_reduce,0.0,0.97,joined,True,stream,1,kAtomic,ckl_reduce,kSinglePass,,1,False,,,,,,,,pending ncu round,,4194304,,,,2.927,1048576,False,300304,,,0.002367951,2.0,CUBLAS_DEFAULT_MATH,,False,2497.0,True,2500,44,45.6,13030,13030,True,2,1155de478289f4a7d40687f87000848267619032,ok,,
reduce,atomic,fp32,1048576,0,0,,0,1.43856,0.014464,1.433056,1000,1.438304,1.439648,5,0.0,baseline_cub_reduce,0.0,0.85,joined,False,stream,1,kAtomic,ckl_reduce,kSinglePass,,1,False,,,,,,,,pending ncu round,,4194304,,,,2.916,1048576,False,300304,,,0.003445648,2.0,CUBLAS_DEFAULT_MATH,,False,2497.0,True,2500,36,40.3,13030,13030,False,2,1155de478289f4a7d40687f87000848267619032,ok,,
reduce,atomic,fp32,4194304,0,0,,0,5.713472,0.21636,5.7128,326,5.713472,5.713504,5,0.0,baseline_cub_reduce,0.0,0.64,joined,True,stream,1,kAtomic,ckl_reduce,kSinglePass,,1,False,,,,,,,,pending ncu round,,16777216,,,,2.936,4194304,False,300304,,,0.01427226,8.0,CUBLAS_DEFAULT_MATH,,False,2497.0,True,2500,37,43.7,13030,13030,True,2,1155de478289f4a7d40687f87000848267619032,ok,,
reduce,atomic,fp32,4194304,0,0,,0,5.719328,0.039376,5.71296,335,5.719104,5.719632,5,0.0,baseline_cub_reduce,0.0,0.29,joined,False,stream,1,kAtomic,ckl_reduce,kSinglePass,,1,False,,,,,,,,pending ncu round,,16777216,,,,2.933,4194304,False,300304,,,0.01714091,8.0,CUBLAS_DEFAULT_MATH,,False,2497.0,True,2500,37,40.6,13030,13030,False,2,1155de478289f4a7d40687f87000848267619032,ok,,
reduce,atomic,fp32,67108864,0,0,,0,93.559986,1.103758,92.320419,22,93.340511,93.567043,5,0.0,baseline_cub_reduce,0.0,0.49,joined,True,stream,1,kAtomic,ckl_reduce,kSinglePass,,1,False,,,,,,,,pending ncu round,,268435456,,,,2.869,67108864,False,300304,,,0.3367097,128.0,CUBLAS_DEFAULT_MATH,,False,2497.0,True,2500,36,41.9,13030,13030,True,2,1155de478289f4a7d40687f87000848267619032,ok,,
reduce,atomic,fp32,134217728,0,0,,0,186.460609,0.693073,185.738876,20,186.395996,186.618958,5,0.0,baseline_cub_reduce,0.0,0.48,joined,True,stream,1,kAtomic,ckl_reduce,kSinglePass,,1,False,,,,,,,,pending ncu round,,536870912,,,,2.879,134217728,False,300304,,,1.279802,256.0,CUBLAS_DEFAULT_MATH,,False,2497.0,True,2500,37,42.1,13030,13030,True,2,1155de478289f4a7d40687f87000848267619032,ok,,
reduce,atomic,fp32,268435456,0,0,,0,366.387115,1.79126,365.843048,20,366.069275,374.3255,5,0.0,baseline_cub_reduce,0.0,0.48,joined,True,stream,1,kAtomic,ckl_reduce,kSinglePass,,1,False,,,,,,,,pending ncu round,,1073741824,,,,2.931,268435456,False,300304,,,1.932539,512.0,CUBLAS_DEFAULT_MATH,,False,2497.0,True,2500,48,41.3,13030,13030,True,2,1155de478289f4a7d40687f87000848267619032,ok,,
reduce,baseline_cub_reduce,fp32,4096,0,0,,0,0.005632,9.6e-05,0.004032,1000,0.005632,0.005632,5,0.0,baseline_cub_reduce,0.0,100.0,self,True,stream,1,kCub,ckl_reduce,kSinglePass,,1,False,,,,,,,,pending ncu round,,16384,,,,2.909,4096,False,300304,,,3.38e-07,9.1553e-05,CUBLAS_DEFAULT_MATH,,False,2497.0,True,2500,37,40.5,13030,13030,True,2,1155de478289f4a7d40687f87000848267619032,ok,,
reduce,baseline_cub_reduce,fp32,4096,0,0,,0,0.001512,9.6e-05,0.001378,1000,0.001512,0.001584,5,0.0,baseline_cub_reduce,0.0,100.0,self,True,graph,20,kCub,ckl_reduce,kSinglePass,,1,False,,,,,,,,pending ncu round,,16384,,,,10.836,4096,False,300304,,,3.38e-07,9.1553e-05,CUBLAS_DEFAULT_MATH,,False,2497.0,True,2500,37,41.5,13030,13030,False,2,1155de478289f4a7d40687f87000848267619032,ok,,
reduce,baseline_cub_reduce,fp32,4096,0,0,,0,0.00768,0.00276,0.003872,1000,0.007584,0.007936,5,0.0,baseline_cub_reduce,0.0,100.0,self,False,stream,1,kCub,ckl_reduce,kSinglePass,,1,False,,,,,,,,pending ncu round,,16384,,,,2.133,4096,False,300304,,,3.38e-07,9.1553e-05,CUBLAS_DEFAULT_MATH,,False,2497.0,True,2500,40,31.0,13030,13030,False,2,1155de478289f4a7d40687f87000848267619032,ok,,
reduce,baseline_cub_reduce,fp32,4096,0,0,,0,0.006114,0.000905,0.004133,1000,0.006026,0.006295,5,0.0,baseline_cub_reduce,0.0,100.0,self,True,stream,20,kCub,ckl_reduce,kSinglePass,,1,False,,,,,,,,pending ncu round,,16384,,,,2.68,4096,False,300304,,,3.38e-07,9.1553e-05,CUBLAS_DEFAULT_MATH,,False,2497.0,True,2500,37,41.7,13030,13030,False,2,1155de478289f4a7d40687f87000848267619032,ok,,
reduce,baseline_cub_reduce,fp32,65536,0,0,,0,0.00768,9.6e-05,0.00672,1000,0.00768,0.00768,5,0.0,baseline_cub_reduce,0.0,100.0,self,True,stream,1,kCub,ckl_reduce,kSinglePass,,1,False,,,,,,,,pending ncu round,,262144,,,,34.133,65536,False,300304,,,3.202e-06,0.000366211,CUBLAS_DEFAULT_MATH,,False,2497.0,True,2500,35,38.5,13030,13030,True,2,1155de478289f4a7d40687f87000848267619032,ok,,
reduce,baseline_cub_reduce,fp32,65536,0,0,,0,0.002534,6e-06,0.002429,1000,0.002534,0.002534,5,0.0,baseline_cub_reduce,0.0,100.0,self,True,graph,20,kCub,ckl_reduce,kSinglePass,,1,False,,,,,,,,pending ncu round,,262144,,,,103.434,65536,False,300304,,,3.202e-06,0.000366211,CUBLAS_DEFAULT_MATH,,False,2497.0,True,2500,35,39.1,13030,13030,False,2,1155de478289f4a7d40687f87000848267619032,ok,,
reduce,baseline_cub_reduce,fp32,65536,0,0,,0,0.011072,0.002024,0.006144,1000,0.01104,0.01296,5,0.0,baseline_cub_reduce,0.0,100.0,self,False,stream,1,kCub,ckl_reduce,kSinglePass,,1,False,,,,,,,,pending ncu round,,262144,,,,23.676,65536,False,300304,,,3.202e-06,0.000366211,CUBLAS_DEFAULT_MATH,,False,2497.0,True,2500,35,30.6,13030,13030,False,2,1155de478289f4a7d40687f87000848267619032,ok,,
reduce,baseline_cub_reduce,fp32,65536,0,0,,0,0.012165,0.001493,0.009016,1000,0.011697,0.012365,5,0.0,baseline_cub_reduce,0.0,100.0,self,True,stream,20,kCub,ckl_reduce,kSinglePass,,1,False,,,,,,,,pending ncu round,,262144,,,,21.549,65536,False,300304,,,3.202e-06,0.000366211,CUBLAS_DEFAULT_MATH,,False,2497.0,True,2500,46,43.3,13030,13030,False,2,1155de478289f4a7d40687f87000848267619032,ok,,
reduce,baseline_cub_reduce,fp32,1048576,0,0,,0,0.013856,0.000136,0.013152,1000,0.013824,0.013856,5,0.0,baseline_cub_reduce,0.0,100.0,self,True,stream,1,kCub,ckl_reduce,kSinglePass,,1,False,,,,,,,,pending ncu round,,4194304,,,,302.707,1048576,False,300304,,,2.7679e-05,0.001464844,CUBLAS_DEFAULT_MATH,,False,2497.0,True,2500,35,38.0,13030,13030,True,2,1155de478289f4a7d40687f87000848267619032,ok,,
reduce,baseline_cub_reduce,fp32,1048576,0,0,,0,0.012208,0.003008,0.007008,1000,0.01168,0.014416,5,0.0,baseline_cub_reduce,0.0,100.0,self,False,stream,1,kCub,ckl_reduce,kSinglePass,,1,False,,,,,,,,pending ncu round,,4194304,,,,343.57,1048576,False,300304,,,2.7679e-05,0.001464844,CUBLAS_DEFAULT_MATH,,False,2497.0,True,2500,35,30.2,13030,13030,False,2,1155de478289f4a7d40687f87000848267619032,ok,,
reduce,baseline_cub_reduce,fp32,4194304,0,0,,0,0.036352,9.6e-05,0.034272,1000,0.036352,0.036352,5,0.0,baseline_cub_reduce,0.0,100.0,self,True,stream,1,kCub,ckl_reduce,kSinglePass,,1,False,,,,,,,,pending ncu round,,16777216,,,,461.521,4194304,False,300304,,,0.000173136,0.002929688,CUBLAS_DEFAULT_MATH,,False,2497.0,True,2500,35,40.4,13030,13030,True,2,1155de478289f4a7d40687f87000848267619032,ok,,
reduce,baseline_cub_reduce,fp32,4194304,0,0,,0,0.016704,0.012504,0.013216,1000,0.016096,0.036864,5,0.0,baseline_cub_reduce,0.0,100.0,self,False,stream,1,kCub,ckl_reduce,kSinglePass,,1,False,,,,,,,,pending ncu round,,16777216,,,,1004.383,4194304,False,300304,,,0.000173136,0.002929688,CUBLAS_DEFAULT_MATH,,False,2497.0,True,2500,34,30.3,13030,13030,False,2,1155de478289f4a7d40687f87000848267619032,ok,,
reduce,baseline_cub_reduce,fp32,67108864,0,0,,0,0.456224,0.002112,0.44512,1000,0.456224,0.456224,5,0.0,baseline_cub_reduce,0.0,100.0,self,True,stream,1,kCub,ckl_reduce,kSinglePass,,1,False,,,,,,,,pending ncu round,,268435456,,,,588.385,67108864,False,300304,,,0.000936764,0.01171875,CUBLAS_DEFAULT_MATH,,False,2497.0,True,2500,39,70.1,13030,13030,True,2,1155de478289f4a7d40687f87000848267619032,ok,,
reduce,baseline_cub_reduce,fp32,134217728,0,0,,0,0.886304,0.005376,0.8744,1000,0.886304,0.886304,5,0.0,baseline_cub_reduce,0.0,100.0,self,True,stream,1,kCub,ckl_reduce,kSinglePass,,1,False,,,,,,,,pending ncu round,,536870912,,,,605.741,134217728,False,300304,,,0.001447504,0.01657282,CUBLAS_DEFAULT_MATH,,False,2497.0,True,2500,39,99.6,13030,13030,True,2,1155de478289f4a7d40687f87000848267619032,ok,,
reduce,baseline_cub_reduce,fp32,268435456,0,0,,0,1.74976,0.01232,1.724384,987,1.748544,1.750624,5,0.0,baseline_cub_reduce,0.0,100.0,self,True,stream,1,kCub,ckl_reduce,kSinglePass,,1,False,,,,,,,,pending ncu round,,1073741824,,,,613.651,268435456,False,300304,,,0.003827912,0.0234375,CUBLAS_DEFAULT_MATH,,False,2497.0,True,2500,40,100.7,13030,13030,True,2,1155de478289f4a7d40687f87000848267619032,ok,,
reduce,deterministic,fp32,4096,0,0,,0,0.009696,0.000128,0.00864,1000,0.009696,0.009728,5,0.0,baseline_cub_reduce,0.0,58.09,joined,True,stream,1,kDeterministic,ckl_reduce,kSinglePass,,1,False,,,,,,,,pending ncu round,,16512,,,,1.703,4096,False,300304,,,7.972e-06,9.1553e-05,CUBLAS_DEFAULT_MATH,,False,2497.0,True,2500,37,39.0,13030,13030,True,2,1155de478289f4a7d40687f87000848267619032,ok,,
reduce,deterministic,fp32,4096,0,0,,0,0.002843,0.000102,0.002734,1000,0.002843,0.002845,5,0.0,baseline_cub_reduce,0.0,53.18,joined,True,graph,20,kDeterministic,ckl_reduce,kSinglePass,,1,False,,,,,,,,pending ncu round,,16512,,,,5.808,4096,False,300304,,,7.972e-06,9.1553e-05,CUBLAS_DEFAULT_MATH,,False,2497.0,True,2500,37,40.4,13030,13030,False,2,1155de478289f4a7d40687f87000848267619032,ok,,
reduce,deterministic,fp32,4096,0,0,,0,0.01136,0.002784,0.006656,1000,0.010784,0.021216,5,0.0,baseline_cub_reduce,0.0,67.61,joined,False,stream,1,kDeterministic,ckl_reduce,kSinglePass,,1,False,,,,,,,,pending ncu round,,16512,,,,1.454,4096,False,300304,,,7.972e-06,9.1553e-05,CUBLAS_DEFAULT_MATH,,False,2497.0,True,2500,36,30.3,13030,13030,False,2,1155de478289f4a7d40687f87000848267619032,ok,,
reduce,deterministic,fp32,4096,0,0,,0,0.013066,0.001926,0.009472,1000,0.012746,0.013259,5,0.0,baseline_cub_reduce,0.0,46.79,joined,True,stream,20,kDeterministic,ckl_reduce,kSinglePass,,1,False,,,,,,,,pending ncu round,,16512,,,,1.264,4096,False,300304,,,7.972e-06,9.1553e-05,CUBLAS_DEFAULT_MATH,,False,2497.0,True,2500,36,43.5,13030,13030,False,2,1155de478289f4a7d40687f87000848267619032,ok,,
reduce,deterministic,fp32,65536,0,0,,0,0.00976,0.00016,0.00784,1000,0.009728,0.00976,5,0.0,baseline_cub_reduce,0.0,78.69,joined,True,stream,1,kDeterministic,ckl_reduce,kSinglePass,,1,False,,,,,,,,pending ncu round,,264192,,,,27.069,65536,False,300304,,,3.202e-06,0.000366211,CUBLAS_DEFAULT_MATH,,False,2497.0,True,2500,36,40.8,13030,13030,True,2,1155de478289f4a7d40687f87000848267619032,ok,,
reduce,deterministic,fp32,65536,0,0,,0,0.003458,9.6e-05,0.003419,1000,0.003458,0.003459,5,0.0,baseline_cub_reduce,0.0,73.28,joined,True,graph,20,kDeterministic,ckl_reduce,kSinglePass,,1,False,,,,,,,,pending ncu round,,264192,,,,76.409,65536,False,300304,,,3.202e-06,0.000366211,CUBLAS_DEFAULT_MATH,,False,2497.0,True,2500,47,42.9,13030,13030,False,2,1155de478289f4a7d40687f87000848267619032,ok,,
reduce,deterministic,fp32,65536,0,0,,0,0.012048,0.003304,0.00752,1000,0.011808,0.013984,5,0.0,baseline_cub_reduce,0.0,91.9,joined,False,stream,1,kDeterministic,ckl_reduce,kSinglePass,,1,False,,,,,,,,pending ncu round,,264192,,,,21.928,65536,False,300304,,,3.202e-06,0.000366211,CUBLAS_DEFAULT_MATH,,False,2497.0,True,2500,37,30.6,13030,13030,False,2,1155de478289f4a7d40687f87000848267619032,ok,,
reduce,deterministic,fp32,65536,0,0,,0,0.013425,0.001738,0.009483,1000,0.013267,0.013791,5,0.0,baseline_cub_reduce,0.0,90.61,joined,True,stream,20,kDeterministic,ckl_reduce,kSinglePass,,1,False,,,,,,,,pending ncu round,,264192,,,,19.679,65536,False,300304,,,3.202e-06,0.000366211,CUBLAS_DEFAULT_MATH,,False,2497.0,True,2500,47,42.0,13030,13030,False,2,1155de478289f4a7d40687f87000848267619032,ok,,
reduce,deterministic,fp32,1048576,0,0,,0,0.016288,0.001984,0.015328,1000,0.015936,0.017472,5,0.0,baseline_cub_reduce,0.0,85.07,joined,True,stream,1,kDeterministic,ckl_reduce,kSinglePass,,1,False,,,,,,,,pending ncu round,,4202496,,,,258.012,1048576,False,300304,,,6.3873e-05,0.001464844,CUBLAS_DEFAULT_MATH,,False,2497.0,True,2500,39,41.1,13030,13030,True,2,1155de478289f4a7d40687f87000848267619032,ok,,
reduce,deterministic,fp32,1048576,0,0,,0,0.015584,0.003896,0.010976,1000,0.015424,0.01584,5,0.0,baseline_cub_reduce,0.0,78.34,joined,False,stream,1,kDeterministic,ckl_reduce,kSinglePass,,1,False,,,,,,,,pending ncu round,,4202496,,,,269.667,1048576,False,300304,,,6.3873e-05,0.001464844,CUBLAS_DEFAULT_MATH,,False,2497.0,True,2500,44,31.5,13030,13030,False,2,1155de478289f4a7d40687f87000848267619032,ok,,
reduce,deterministic,fp32,4194304,0,0,,0,0.038368,0.000128,0.036096,1000,0.038368,0.0384,5,0.0,baseline_cub_reduce,0.0,94.75,joined,True,stream,1,kDeterministic,ckl_reduce,kSinglePass,,1,False,,,,,,,,pending ncu round,,16785408,,,,437.485,4194304,False,300304,,,0.00013204,0.002929688,CUBLAS_DEFAULT_MATH,,False,2497.0,True,2500,35,41.1,13030,13030,True,2,1155de478289f4a7d40687f87000848267619032,ok,,
reduce,deterministic,fp32,4194304,0,0,,0,0.017504,0.012648,0.01296,1000,0.017056,0.01896,5,0.0,baseline_cub_reduce,0.0,95.43,joined,False,stream,1,kDeterministic,ckl_reduce,kSinglePass,,1,False,,,,,,,,pending ncu round,,16785408,,,,958.947,4194304,False,300304,,,0.00013204,0.002929688,CUBLAS_DEFAULT_MATH,,False,2497.0,True,2500,36,29.6,13030,13030,False,2,1155de478289f4a7d40687f87000848267619032,ok,,
reduce,deterministic,fp32,67108864,0,0,,0,0.454,0.002144,0.442272,1000,0.45248,0.454112,5,0.0,baseline_cub_reduce,0.0,100.49,joined,True,stream,1,kDeterministic,ckl_reduce,kSinglePass,,1,False,,,,,,,,pending ncu round,,268443648,,,,591.286,67108864,False,300304,,,0.000283939,0.01171875,CUBLAS_DEFAULT_MATH,,False,2497.0,True,2500,46,68.9,13030,13030,True,2,1155de478289f4a7d40687f87000848267619032,ok,,
reduce,deterministic,fp32,134217728,0,0,,0,0.886304,0.008136,0.87904,1000,0.886304,0.886336,5,0.0,baseline_cub_reduce,0.0,100.0,joined,True,stream,1,kDeterministic,ckl_reduce,kSinglePass,,1,False,,,,,,,,pending ncu round,,536879104,,,,605.751,134217728,False,300304,,,0.001482183,0.01657282,CUBLAS_DEFAULT_MATH,,False,2497.0,True,2500,40,99.8,13030,13030,True,2,1155de478289f4a7d40687f87000848267619032,ok,,
reduce,deterministic,fp32,268435456,0,0,,0,1.748544,0.010272,1.721248,1000,1.748512,1.749984,5,0.0,baseline_cub_reduce,0.0,100.07,joined,True,stream,1,kDeterministic,ckl_reduce,kSinglePass,,1,False,,,,,,,,pending ncu round,,1073750016,,,,614.082,268435456,False,300304,,,7.8338e-05,0.0234375,CUBLAS_DEFAULT_MATH,,False,2497.0,True,2500,42,101.0,13030,13030,True,2,1155de478289f4a7d40687f87000848267619032,ok,,
reduce,kahan,fp32,4096,0,0,,0,0.009696,0.000128,0.008608,1000,0.009696,0.009696,5,0.0,baseline_cub_reduce,0.0,58.09,joined,True,stream,1,kKahan,ckl_reduce,kSinglePass,,1,False,,,,,,,,pending ncu round,,18688,,,,1.927,4096,False,300304,,,3.38e-07,9.1553e-05,CUBLAS_DEFAULT_MATH,,False,2497.0,True,2500,35,41.0,13030,13030,True,2,1155de478289f4a7d40687f87000848267619032,ok,,
reduce,kahan,fp32,4096,0,0,,0,0.003046,6e-06,0.002934,1000,0.003045,0.003046,5,0.0,baseline_cub_reduce,0.0,49.64,joined,True,graph,20,kKahan,ckl_reduce,kSinglePass,,1,False,,,,,,,,pending ncu round,,18688,,,,6.134,4096,False,300304,,,3.38e-07,9.1553e-05,CUBLAS_DEFAULT_MATH,,False,2497.0,True,2500,35,40.1,13030,13030,False,2,1155de478289f4a7d40687f87000848267619032,ok,,
reduce,kahan,fp32,4096,0,0,,0,0.011744,0.003328,0.0072,1000,0.011008,0.013216,5,0.0,baseline_cub_reduce,0.0,65.4,joined,False,stream,1,kKahan,ckl_reduce,kSinglePass,,1,False,,,,,,,,pending ncu round,,18688,,,,1.591,4096,False,300304,,,3.38e-07,9.1553e-05,CUBLAS_DEFAULT_MATH,,False,2497.0,True,2500,35,30.3,13030,13030,False,2,1155de478289f4a7d40687f87000848267619032,ok,,
reduce,kahan,fp32,4096,0,0,,0,0.013182,0.001612,0.009096,1000,0.013054,0.013258,5,0.0,baseline_cub_reduce,0.0,46.38,joined,True,stream,20,kKahan,ckl_reduce,kSinglePass,,1,False,,,,,,,,pending ncu round,,18688,,,,1.418,4096,False,300304,,,3.38e-07,9.1553e-05,CUBLAS_DEFAULT_MATH,,False,2497.0,True,2500,36,41.6,13030,13030,False,2,1155de478289f4a7d40687f87000848267619032,ok,,
reduce,kahan,fp32,65536,0,0,,0,0.00976,0.00192,0.009088,1000,0.00976,0.00976,5,0.0,baseline_cub_reduce,0.0,78.69,joined,True,stream,1,kKahan,ckl_reduce,kSinglePass,,1,False,,,,,,,,pending ncu round,,264448,,,,27.095,65536,False,300304,,,3.202e-06,0.000366211,CUBLAS_DEFAULT_MATH,,False,2497.0,True,2500,35,40.2,13030,13030,True,2,1155de478289f4a7d40687f87000848267619032,ok,,
reduce,kahan,fp32,65536,0,0,,0,0.003352,6e-06,0.003246,1000,0.003352,0.003354,5,0.0,baseline_cub_reduce,0.0,75.6,joined,True,graph,20,kKahan,ckl_reduce,kSinglePass,,1,False,,,,,,,,pending ncu round,,264448,,,,78.893,65536,False,300304,,,3.202e-06,0.000366211,CUBLAS_DEFAULT_MATH,,False,2497.0,True,2500,40,40.1,13030,13030,False,2,1155de478289f4a7d40687f87000848267619032,ok,,
reduce,kahan,fp32,65536,0,0,,0,0.011792,0.002816,0.00704,1000,0.011616,0.012192,5,0.0,baseline_cub_reduce,0.0,93.89,joined,False,stream,1,kKahan,ckl_reduce,kSinglePass,,1,False,,,,,,,,pending ncu round,,264448,,,,22.426,65536,False,300304,,,3.202e-06,0.000366211,CUBLAS_DEFAULT_MATH,,False,2497.0,True,2500,35,30.4,13030,13030,False,2,1155de478289f4a7d40687f87000848267619032,ok,,
reduce,kahan,fp32,65536,0,0,,0,0.012945,0.001663,0.009334,1000,0.012908,0.013231,5,0.0,baseline_cub_reduce,0.0,93.97,joined,True,stream,20,kKahan,ckl_reduce,kSinglePass,,1,False,,,,,,,,pending ncu round,,264448,,,,20.429,65536,False,300304,,,3.202e-06,0.000366211,CUBLAS_DEFAULT_MATH,,False,2497.0,True,2500,37,42.2,13030,13030,False,2,1155de478289f4a7d40687f87000848267619032,ok,,
reduce,kahan,fp32,1048576,0,0,,0,0.017504,0.002016,0.015264,1000,0.017216,0.017536,5,0.0,baseline_cub_reduce,0.0,79.16,joined,True,stream,1,kKahan,ckl_reduce,kSinglePass,,1,False,,,,,,,,pending ncu round,,4196608,,,,239.751,1048576,False,300304,,,2.838e-06,0.001464844,CUBLAS_DEFAULT_MATH,,False,2497.0,True,2500,36,40.7,13030,13030,True,2,1155de478289f4a7d40687f87000848267619032,ok,,
reduce,kahan,fp32,1048576,0,0,,0,0.012384,0.011264,0.00896,1000,0.012192,0.012704,5,0.0,baseline_cub_reduce,0.0,98.58,joined,False,stream,1,kKahan,ckl_reduce,kSinglePass,,1,False,,,,,,,,pending ncu round,,4196608,,,,338.873,1048576,False,300304,,,2.838e-06,0.001464844,CUBLAS_DEFAULT_MATH,,False,2497.0,True,2500,36,30.5,13030,13030,False,2,1155de478289f4a7d40687f87000848267619032,ok,,
reduce,kahan,fp32,4194304,0,0,,0,0.036384,0.001856,0.035904,1000,0.036384,0.036384,5,0.0,baseline_cub_reduce,0.0,99.91,joined,True,stream,1,kKahan,ckl_reduce,kSinglePass,,1,False,,,,,,,,pending ncu round,,16779520,,,,461.179,4194304,False,300304,,,9.97e-06,0.002929688,CUBLAS_DEFAULT_MATH,,False,2497.0,True,2500,35,44.1,13030,13030,True,2,1155de478289f4a7d40687f87000848267619032,ok,,
reduce,kahan,fp32,4194304,0,0,,0,0.01856,0.015584,0.013216,1000,0.017904,0.019648,5,0.0,baseline_cub_reduce,0.0,90.0,joined,False,stream,1,kKahan,ckl_reduce,kSinglePass,,1,False,,,,,,,,pending ncu round,,16779520,,,,904.069,4194304,False,300304,,,9.97e-06,0.002929688,CUBLAS_DEFAULT_MATH,,False,2497.0,True,2500,46,31.8,13030,13030,False,2,1155de478289f4a7d40687f87000848267619032,ok,,
reduce,kahan,fp32,67108864,0,0,,0,0.447872,0.00416,0.442304,1000,0.447552,0.447936,5,0.0,baseline_cub_reduce,0.0,101.86,joined,True,stream,1,kKahan,ckl_reduce,kSinglePass,,1,False,,,,,,,,pending ncu round,,268437760,,,,599.363,67108864,False,300304,,,3.9799e-05,0.01171875,CUBLAS_DEFAULT_MATH,,False,2497.0,True,2500,45,72.4,13030,13030,True,2,1155de478289f4a7d40687f87000848267619032,ok,,
reduce,kahan,fp32,134217728,0,0,,0,0.88192,0.006152,0.870336,1000,0.88168,0.881984,5,0.0,baseline_cub_reduce,0.0,100.5,joined,True,stream,1,kKahan,ckl_reduce,kSinglePass,,1,False,,,,,,,,pending ncu round,,536873216,,,,608.755,134217728,False,300304,,,0.000470942,0.01657282,CUBLAS_DEFAULT_MATH,,False,2497.0,True,2500,39,102.5,13030,13030,True,2,1155de478289f4a7d40687f87000848267619032,ok,,
reduce,kahan,fp32,268435456,0,0,,0,1.750496,0.012448,1.734528,1000,1.750496,1.750592,5,0.0,baseline_cub_reduce,0.0,99.96,joined,True,stream,1,kKahan,ckl_reduce,kSinglePass,,1,False,,,,,,,,pending ncu round,,1073744128,,,,613.394,268435456,False,300304,,,7.8338e-05,0.0234375,CUBLAS_DEFAULT_MATH,,False,2497.0,True,2500,42,106.3,13030,13030,True,2,1155de478289f4a7d40687f87000848267619032,ok,,
reduce,shared_tree,fp32,4096,0,0,,0,0.009696,0.000128,0.00848,1000,0.009696,0.009728,5,0.0,baseline_cub_reduce,0.0,58.09,joined,True,stream,1,kSharedTree,ckl_reduce,kSinglePass,,1,False,,,,,,,,pending ncu round,,16512,,,,1.703,4096,False,300304,,,7.972e-06,9.1553e-05,CUBLAS_DEFAULT_MATH,,False,2497.0,True,2500,45,39.4,13030,13030,True,2,1155de478289f4a7d40687f87000848267619032,ok,,
reduce,shared_tree,fp32,4096,0,0,,0,0.002536,9.8e-05,0.00245,1000,0.002536,0.002538,5,0.0,baseline_cub_reduce,0.0,59.62,joined,True,graph,20,kSharedTree,ckl_reduce,kSinglePass,,1,False,,,,,,,,pending ncu round,,16512,,,,6.511,4096,False,300304,,,7.972e-06,9.1553e-05,CUBLAS_DEFAULT_MATH,,False,2497.0,True,2500,37,40.9,13030,13030,False,2,1155de478289f4a7d40687f87000848267619032,ok,,
reduce,shared_tree,fp32,4096,0,0,,0,0.010624,0.002016,0.007168,1000,0.010496,0.01104,5,0.0,baseline_cub_reduce,0.0,72.29,joined,False,stream,1,kSharedTree,ckl_reduce,kSinglePass,,1,False,,,,,,,,pending ncu round,,16512,,,,1.554,4096,False,300304,,,7.972e-06,9.1553e-05,CUBLAS_DEFAULT_MATH,,False,2497.0,True,2500,35,30.0,13030,13030,False,2,1155de478289f4a7d40687f87000848267619032,ok,,
reduce,shared_tree,fp32,4096,0,0,,0,0.013223,0.001774,0.008992,1000,0.012853,0.013681,5,0.0,baseline_cub_reduce,0.0,46.24,joined,True,stream,20,kSharedTree,ckl_reduce,kSinglePass,,1,False,,,,,,,,pending ncu round,,16512,,,,1.249,4096,False,300304,,,7.972e-06,9.1553e-05,CUBLAS_DEFAULT_MATH,,False,2497.0,True,2500,38,40.9,13030,13030,False,2,1155de478289f4a7d40687f87000848267619032,ok,,
reduce,shared_tree,fp32,65536,0,0,,0,0.00976,0.001888,0.009088,1000,0.00976,0.00976,5,0.0,baseline_cub_reduce,0.0,78.69,joined,True,stream,1,kSharedTree,ckl_reduce,kSinglePass,,1,False,,,,,,,,pending ncu round,,264192,,,,27.069,65536,False,300304,,,1.2057e-05,0.000366211,CUBLAS_DEFAULT_MATH,,False,2497.0,True,2500,34,41.4,13030,13030,True,2,1155de478289f4a7d40687f87000848267619032,ok,,
reduce,shared_tree,fp32,65536,0,0,,0,0.003456,5e-06,0.003411,1000,0.003456,0.003456,5,0.0,baseline_cub_reduce,0.0,73.32,joined,True,graph,20,kSharedTree,ckl_reduce,kSinglePass,,1,False,,,,,,,,pending ncu round,,264192,,,,76.444,65536,False,300304,,,1.2057e-05,0.000366211,CUBLAS_DEFAULT_MATH,,False,2497.0,True,2500,41,41.0,13030,13030,False,2,1155de478289f4a7d40687f87000848267619032,ok,,
reduce,shared_tree,fp32,65536,0,0,,0,0.01216,0.016968,0.007104,1000,0.011488,0.012608,5,0.0,baseline_cub_reduce,0.0,91.05,joined,False,stream,1,kSharedTree,ckl_reduce,kSinglePass,,1,False,,,,,,,,pending ncu round,,264192,,,,21.726,65536,False,300304,,,1.2057e-05,0.000366211,CUBLAS_DEFAULT_MATH,,False,2497.0,True,2500,35,29.4,13030,13030,False,2,1155de478289f4a7d40687f87000848267619032,ok,,
reduce,shared_tree,fp32,65536,0,0,,0,0.013157,0.001578,0.009042,1000,0.012591,0.013208,5,0.0,baseline_cub_reduce,0.0,92.46,joined,True,stream,20,kSharedTree,ckl_reduce,kSinglePass,,1,False,,,,,,,,pending ncu round,,264192,,,,20.08,65536,False,300304,,,1.2057e-05,0.000366211,CUBLAS_DEFAULT_MATH,,False,2497.0,True,2500,36,41.6,13030,13030,False,2,1155de478289f4a7d40687f87000848267619032,ok,,
reduce,shared_tree,fp32,1048576,0,0,,0,0.028,0.002048,0.0256,1000,0.027968,0.028,5,0.0,baseline_cub_reduce,0.0,49.49,joined,True,stream,1,kSharedTree,ckl_reduce,kSinglePass,,1,False,,,,,,,,pending ncu round,,4227072,,,,150.967,1048576,False,300304,,,1.2421e-05,0.001464844,CUBLAS_DEFAULT_MATH,,False,2497.0,True,2500,36,40.0,13030,13030,True,2,1155de478289f4a7d40687f87000848267619032,ok,,
reduce,shared_tree,fp32,1048576,0,0,,0,0.026016,0.000992,0.023456,1000,0.025952,0.027392,5,0.0,baseline_cub_reduce,0.0,46.92,joined,False,stream,1,kSharedTree,ckl_reduce,kSinglePass,,1,False,,,,,,,,pending ncu round,,4227072,,,,162.48,1048576,False,300304,,,1.2421e-05,0.001464844,CUBLAS_DEFAULT_MATH,,False,2497.0,True,2500,47,33.1,13030,13030,False,2,1155de478289f4a7d40687f87000848267619032,ok,,
reduce,shared_tree,fp32,4194304,0,0,,0,0.079328,9.6e-05,0.074784,1000,0.079328,0.07936,5,0.0,baseline_cub_reduce,0.0,45.82,joined,True,stream,1,kSharedTree,ckl_reduce,kSinglePass,,1,False,,,,,,,,pending ncu round,,16908288,,,,213.144,4194304,False,300304,,,0.000478312,0.002929688,CUBLAS_DEFAULT_MATH,,False,2497.0,True,2500,36,43.4,13030,13030,True,2,1155de478289f4a7d40687f87000848267619032,ok,,
reduce,shared_tree,fp32,4194304,0,0,,0,0.074496,0.001792,0.071456,1000,0.074176,0.074656,5,0.0,baseline_cub_reduce,0.0,22.42,joined,False,stream,1,kSharedTree,ckl_reduce,kSinglePass,,1,False,,,,,,,,pending ncu round,,16908288,,,,226.969,4194304,False,300304,,,0.000478312,0.002929688,CUBLAS_DEFAULT_MATH,,False,2497.0,True,2500,36,31.8,13030,13030,False,2,1155de478289f4a7d40687f87000848267619032,ok,,
reduce,shared_tree,fp32,67108864,0,0,,0,1.088512,0.00208,1.08528,1000,1.087264,1.088896,5,0.0,baseline_cub_reduce,0.0,41.91,joined,True,stream,1,kSharedTree,ckl_reduce,kSinglePass,,1,False,,,,,,,,pending ncu round,,270532608,,,,248.534,67108864,False,300304,,,0.003701908,0.01171875,CUBLAS_DEFAULT_MATH,,False,2497.0,True,2500,45,96.6,13030,13030,True,2,1155de478289f4a7d40687f87000848267619032,ok,,
reduce,shared_tree,fp32,134217728,0,0,,0,2.158752,0.00208,2.1544,819,2.157088,2.159136,5,0.0,baseline_cub_reduce,0.0,41.06,joined,True,stream,1,kSharedTree,ckl_reduce,kSinglePass,,1,False,,,,,,,,pending ncu round,,541065216,,,,250.638,134217728,False,300304,,,0.008283442,0.01657282,CUBLAS_DEFAULT_MATH,,False,2497.0,True,2500,42,97.2,13030,13030,True,2,1155de478289f4a7d40687f87000848267619032,ok,,
reduce,shared_tree,fp32,268435456,0,0,,0,4.29976,0.002456,4.2936,434,4.29824,4.3024,5,0.0,baseline_cub_reduce,0.0,40.69,joined,True,stream,1,kSharedTree,ckl_reduce,kSinglePass,,1,False,,,,,,,,pending ncu round,,1082130432,,,,251.672,268435456,False,300304,,,0.01847635,0.0234375,CUBLAS_DEFAULT_MATH,,False,2497.0,True,2500,42,97.2,13030,13030,True,2,1155de478289f4a7d40687f87000848267619032,ok,,
reduce,shuffle,fp32,4096,0,0,,0,0.00768,0.000128,0.007104,1000,0.00768,0.00768,5,0.0,baseline_cub_reduce,0.0,73.33,joined,True,stream,1,kShuffle,ckl_reduce,kSinglePass,,1,False,,,,,,,,pending ncu round,,16384,,,,2.133,4096,False,300304,,,3.479e-06,3.0518e-05,CUBLAS_DEFAULT_MATH,,False,2497.0,True,2500,45,40.6,13030,13030,True,2,1155de478289f4a7d40687f87000848267619032,ok,,
reduce,shuffle,fp32,4096,0,0,,0,0.001922,7.5e-05,0.001885,1000,0.001922,0.001923,5,0.0,baseline_cub_reduce,0.0,78.67,joined,True,graph,20,kShuffle,ckl_reduce,kSinglePass,,1,False,,,,,,,,pending ncu round,,16384,,,,8.526,4096,False,300304,,,3.479e-06,3.0518e-05,CUBLAS_DEFAULT_MATH,,False,2497.0,True,2500,42,40.2,13030,13030,False,2,1155de478289f4a7d40687f87000848267619032,ok,,
reduce,shuffle,fp32,4096,0,0,,0,0.010464,0.001576,0.00512,1000,0.010272,0.010944,5,0.0,baseline_cub_reduce,0.0,73.39,joined,False,stream,1,kShuffle,ckl_reduce,kSinglePass,,1,False,,,,,,,,pending ncu round,,16384,,,,1.566,4096,False,300304,,,3.479e-06,3.0518e-05,CUBLAS_DEFAULT_MATH,,False,2497.0,True,2500,44,30.6,13030,13030,False,2,1155de478289f4a7d40687f87000848267619032,ok,,
reduce,shuffle,fp32,4096,0,0,,0,0.011595,0.001687,0.00789,1000,0.010606,0.011714,5,0.0,baseline_cub_reduce,0.0,52.73,joined,True,stream,20,kShuffle,ckl_reduce,kSinglePass,,1,False,,,,,,,,pending ncu round,,16384,,,,1.413,4096,False,300304,,,3.479e-06,3.0518e-05,CUBLAS_DEFAULT_MATH,,False,2497.0,True,2500,37,42.4,13030,13030,False,2,1155de478289f4a7d40687f87000848267619032,ok,,
reduce,shuffle,fp32,65536,0,0,,0,0.007648,0.000128,0.007104,1000,0.007648,0.00768,5,0.0,baseline_cub_reduce,0.0,100.42,joined,True,stream,1,kShuffle,ckl_reduce,kSinglePass,,1,False,,,,,,,,pending ncu round,,262144,,,,34.276,65536,False,300304,,,3.202e-06,0.000488281,CUBLAS_DEFAULT_MATH,,False,2497.0,True,2500,44,40.2,13030,13030,True,2,1155de478289f4a7d40687f87000848267619032,ok,,
reduce,shuffle,fp32,65536,0,0,,0,0.002325,9.9e-05,0.002208,1000,0.002312,0.002326,5,0.0,baseline_cub_reduce,0.0,108.99,joined,True,graph,20,kShuffle,ckl_reduce,kSinglePass,,1,False,,,,,,,,pending ncu round,,262144,,,,112.76,65536,False,300304,,,1.2057e-05,0.000488281,CUBLAS_DEFAULT_MATH,,False,2497.0,True,2500,39,39.9,13030,13030,False,2,1155de478289f4a7d40687f87000848267619032,ok,,
reduce,shuffle,fp32,65536,0,0,,0,0.010848,0.01196,0.005792,1000,0.010432,0.012192,5,0.0,baseline_cub_reduce,0.0,102.06,joined,False,stream,1,kShuffle,ckl_reduce,kSinglePass,,1,False,,,,,,,,pending ncu round,,262144,,,,24.165,65536,False,300304,,,1.2057e-05,0.000488281,CUBLAS_DEFAULT_MATH,,False,2497.0,True,2500,45,32.1,13030,13030,False,2,1155de478289f4a7d40687f87000848267619032,ok,,
reduce,shuffle,fp32,65536,0,0,,0,0.012284,0.001531,0.009368,1000,0.012111,0.012478,5,0.0,baseline_cub_reduce,0.0,99.03,joined,True,stream,20,kShuffle,ckl_reduce,kSinglePass,,1,False,,,,,,,,pending ncu round,,262144,,,,21.34,65536,False,300304,,,3.202e-06,0.000488281,CUBLAS_DEFAULT_MATH,,False,2497.0,True,2500,48,42.4,13030,13030,False,2,1155de478289f4a7d40687f87000848267619032,ok,,
reduce,shuffle,fp32,1048576,0,0,,0,0.022016,0.000128,0.019904,1000,0.022016,0.022048,5,0.0,baseline_cub_reduce,0.0,62.94,joined,True,stream,1,kShuffle,ckl_reduce,kSinglePass,,1,False,,,,,,,,pending ncu round,,4194304,,,,190.512,1048576,False,300304,,,0.000399567,0.0078125,CUBLAS_DEFAULT_MATH,,False,2497.0,True,2500,40,39.4,13030,13030,True,2,1155de478289f4a7d40687f87000848267619032,ok,,
reduce,shuffle,fp32,1048576,0,0,,0,0.020096,0.015848,0.01504,1000,0.018784,0.02048,5,0.0,baseline_cub_reduce,0.0,60.75,joined,False,stream,1,kShuffle,ckl_reduce,kSinglePass,,1,False,,,,,,,,pending ncu round,,4194304,,,,208.713,1048576,False,300304,,,0.000277497,0.0078125,CUBLAS_DEFAULT_MATH,,False,2497.0,True,2500,41,29.9,13030,13030,False,2,1155de478289f4a7d40687f87000848267619032,ok,,
reduce,shuffle,fp32,4194304,0,0,,0,0.060928,0.00016,0.053184,1000,0.060896,0.060928,5,0.0,baseline_cub_reduce,0.0,59.66,joined,True,stream,1,kShuffle,ckl_reduce,kSinglePass,,1,False,,,,,,,,pending ncu round,,16777216,,,,275.361,4194304,False,300304,,,7.1005e-05,0.03125,CUBLAS_DEFAULT_MATH,,False,2497.0,True,2500,45,44.2,13030,13030,True,2,1155de478289f4a7d40687f87000848267619032,ok,,
reduce,shuffle,fp32,4194304,0,0,,0,0.044688,0.003936,0.040512,1000,0.044608,0.045472,5,0.0,baseline_cub_reduce,0.0,37.38,joined,False,stream,1,kShuffle,ckl_reduce,kSinglePass,,1,False,,,,,,,,pending ncu round,,16777216,,,,375.43,4194304,False,300304,,,0.000620321,0.03125,CUBLAS_DEFAULT_MATH,,False,2497.0,True,2500,36,31.4,13030,13030,False,2,1155de478289f4a7d40687f87000848267619032,ok,,
reduce,shuffle,fp32,67108864,0,0,,0,0.751072,0.002048,0.743264,1000,0.749088,0.756912,5,0.0,baseline_cub_reduce,0.0,60.74,joined,True,stream,1,kShuffle,ckl_reduce,kSinglePass,,1,False,,,,,,,,pending ncu round,,268435456,,,,357.403,67108864,False,300304,,,0.004843014,0.5,CUBLAS_DEFAULT_MATH,,False,2497.0,True,2500,42,103.4,13030,13030,True,2,1155de478289f4a7d40687f87000848267619032,ok,,
reduce,shuffle,fp32,134217728,0,0,,0,1.47968,0.00208,1.468288,1000,1.474048,1.482176,5,0.0,baseline_cub_reduce,0.0,59.9,joined,True,stream,1,kShuffle,ckl_reduce,kSinglePass,,1,False,,,,,,,,pending ncu round,,536870912,,,,362.829,134217728,False,300304,,,0.02000219,1.0,CUBLAS_DEFAULT_MATH,,False,2497.0,True,2500,43,110.8,13030,13030,True,2,1155de478289f4a7d40687f87000848267619032,ok,,
reduce,shuffle,fp32,268435456,0,0,,0,2.918848,0.00368,2.89984,643,2.90608,2.94096,5,0.0,baseline_cub_reduce,0.0,59.95,joined,True,stream,1,kShuffle,ckl_reduce,kSinglePass,,1,False,,,,,,,,pending ncu round,,1073741824,,,,367.865,268435456,False,300304,,,0.2382029,2.0,CUBLAS_DEFAULT_MATH,,False,2497.0,True,2500,44,109.4,13030,13030,True,2,1155de478289f4a7d40687f87000848267619032,ok,,
reduce,single_pass,fp32,4096,0,0,,0,0.00768,0.000128,0.006016,1000,0.00768,0.00768,5,0.0,baseline_cub_reduce,0.0,73.33,joined,True,stream,1,kSinglePass,ckl_reduce,kSinglePass,,1,False,,,,,,,,pending ncu round,,18688,,,,2.433,4096,False,300304,,,3.38e-07,9.1553e-05,CUBLAS_DEFAULT_MATH,,False,2497.0,True,2500,36,40.5,13030,13030,True,2,1155de478289f4a7d40687f87000848267619032,ok,,
reduce,single_pass,fp32,4096,0,0,,0,0.012448,0.002713,0.00855,1000,0.010864,0.01296,5,0.0,baseline_cub_reduce,0.0,12.15,joined,True,graph,20,kSinglePass,ckl_reduce,kSinglePass,,1,False,,,,,,,,pending ncu round,,18688,,,,1.501,4096,False,300304,,,3.38e-07,9.1553e-05,CUBLAS_DEFAULT_MATH,,False,2497.0,True,2500,37,42.9,13030,13030,False,2,1155de478289f4a7d40687f87000848267619032,ok,,
reduce,single_pass,fp32,4096,0,0,,0,0.011584,0.0016,0.005504,1000,0.011488,0.011616,5,0.0,baseline_cub_reduce,0.0,66.3,joined,False,stream,1,kSinglePass,ckl_reduce,kSinglePass,,1,False,,,,,,,,pending ncu round,,18688,,,,1.613,4096,False,300304,,,3.38e-07,9.1553e-05,CUBLAS_DEFAULT_MATH,,False,2497.0,True,2500,36,30.4,13030,13030,False,2,1155de478289f4a7d40687f87000848267619032,ok,,
reduce,single_pass,fp32,4096,0,0,,0,0.012705,0.002433,0.00915,1000,0.012285,0.012767,5,0.0,baseline_cub_reduce,0.0,48.12,joined,True,stream,20,kSinglePass,ckl_reduce,kSinglePass,,1,False,,,,,,,,pending ncu round,,18688,,,,1.471,4096,False,300304,,,3.38e-07,9.1553e-05,CUBLAS_DEFAULT_MATH,,False,2497.0,True,2500,49,43.0,13030,13030,False,2,1155de478289f4a7d40687f87000848267619032,ok,,
reduce,single_pass,fp32,65536,0,0,,0,0.00768,9.6e-05,0.006592,1000,0.00768,0.00768,5,0.0,baseline_cub_reduce,0.0,100.0,joined,True,stream,1,kSinglePass,ckl_reduce,kSinglePass,,1,False,,,,,,,,pending ncu round,,264448,,,,34.433,65536,False,300304,,,3.202e-06,0.000366211,CUBLAS_DEFAULT_MATH,,False,2497.0,True,2500,38,39.6,13030,13030,True,2,1155de478289f4a7d40687f87000848267619032,ok,,
reduce,single_pass,fp32,65536,0,0,,0,0.01271,0.002504,0.008955,1000,0.01257,0.012912,5,0.0,baseline_cub_reduce,0.0,19.94,joined,True,graph,20,kSinglePass,ckl_reduce,kSinglePass,,1,False,,,,,,,,pending ncu round,,264448,,,,20.807,65536,False,300304,,,3.202e-06,0.000366211,CUBLAS_DEFAULT_MATH,,False,2497.0,True,2500,38,40.7,13030,13030,False,2,1155de478289f4a7d40687f87000848267619032,ok,,
reduce,single_pass,fp32,65536,0,0,,0,0.011776,0.002752,0.005696,1000,0.01152,0.012096,5,0.0,baseline_cub_reduce,0.0,94.02,joined,False,stream,1,kSinglePass,ckl_reduce,kSinglePass,,1,False,,,,,,,,pending ncu round,,264448,,,,22.457,65536,False,300304,,,3.202e-06,0.000366211,CUBLAS_DEFAULT_MATH,,False,2497.0,True,2500,37,29.3,13030,13030,False,2,1155de478289f4a7d40687f87000848267619032,ok,,
reduce,single_pass,fp32,65536,0,0,,0,0.012537,0.002612,0.009021,1000,0.01234,0.012862,5,0.0,baseline_cub_reduce,0.0,97.03,joined,True,stream,20,kSinglePass,ckl_reduce,kSinglePass,,1,False,,,,,,,,pending ncu round,,264448,,,,21.094,65536,False,300304,,,3.202e-06,0.000366211,CUBLAS_DEFAULT_MATH,,False,2497.0,True,2500,42,42.7,13030,13030,False,2,1155de478289f4a7d40687f87000848267619032,ok,,
reduce,single_pass,fp32,1048576,0,0,,0,0.013888,0.001952,0.01344,1000,0.013856,0.013888,5,0.0,baseline_cub_reduce,0.0,99.77,joined,True,stream,1,kSinglePass,ckl_reduce,kSinglePass,,1,False,,,,,,,,pending ncu round,,4196608,,,,302.175,1048576,False,300304,,,0.000170685,0.001464844,CUBLAS_DEFAULT_MATH,,False,2497.0,True,2500,35,40.4,13030,13030,True,2,1155de478289f4a7d40687f87000848267619032,ok,,
reduce,single_pass,fp32,1048576,0,0,,0,0.013856,0.013416,0.007296,1000,0.013696,0.025552,5,0.0,baseline_cub_reduce,0.0,88.11,joined,False,stream,1,kSinglePass,ckl_reduce,kSinglePass,,1,False,,,,,,,,pending ncu round,,4196608,,,,302.873,1048576,False,300304,,,0.000170685,0.001464844,CUBLAS_DEFAULT_MATH,,False,2497.0,True,2500,47,31.5,13030,13030,False,2,1155de478289f4a7d40687f87000848267619032,ok,,
reduce,single_pass,fp32,4194304,0,0,,0,0.034368,0.00192,0.033888,1000,0.034368,0.034368,5,0.0,baseline_cub_reduce,0.0,105.77,joined,True,stream,1,kSinglePass,ckl_reduce,kSinglePass,,1,False,,,,,,,,pending ncu round,,16779520,,,,488.231,4194304,False,300304,,,0.000193075,0.002929688,CUBLAS_DEFAULT_MATH,,False,2497.0,True,2500,48,43.8,13030,13030,True,2,1155de478289f4a7d40687f87000848267619032,ok,,
reduce,single_pass,fp32,4194304,0,0,,0,0.018144,0.00192,0.01152,1000,0.01808,0.018736,5,0.0,baseline_cub_reduce,0.0,92.06,joined,False,stream,1,kSinglePass,ckl_reduce,kSinglePass,,1,False,,,,,,,,pending ncu round,,16779520,,,,924.797,4194304,False,300304,,,0.000193075,0.002929688,CUBLAS_DEFAULT_MATH,,False,2497.0,True,2500,44,30.9,13030,13030,False,2,1155de478289f4a7d40687f87000848267619032,ok,,
reduce,single_pass,fp32,67108864,0,0,,0,0.452128,0.000816,0.442304,1000,0.452128,0.452128,5,0.0,baseline_cub_reduce,0.0,100.91,joined,True,stream,1,kSinglePass,ckl_reduce,kSinglePass,,1,False,,,,,,,,pending ncu round,,268437760,,,,593.721,67108864,False,300304,,,0.002401608,0.01171875,CUBLAS_DEFAULT_MATH,,False,2497.0,True,2500,38,73.5,13030,13030,True,2,1155de478289f4a7d40687f87000848267619032,ok,,
reduce,single_pass,fp32,134217728,0,0,,0,0.882192,0.00708,0.876064,1000,0.882176,0.882208,5,0.0,baseline_cub_reduce,0.0,100.47,joined,True,stream,1,kSinglePass,ckl_reduce,kSinglePass,,1,False,,,,,,,,pending ncu round,,536873216,,,,608.567,134217728,False,300304,,,0.002458746,0.01657282,CUBLAS_DEFAULT_MATH,,False,2497.0,True,2500,38,100.6,13030,13030,True,2,1155de478289f4a7d40687f87000848267619032,ok,,
reduce,single_pass,fp32,268435456,0,0,,0,1.746496,0.012352,1.727872,1000,1.746464,1.74672,5,0.0,baseline_cub_reduce,0.0,100.19,joined,True,stream,1,kSinglePass,ckl_reduce,kSinglePass,,1,False,,,,,,,,pending ncu round,,1073744128,,,,614.799,268435456,False,300304,,,0.000898225,0.0234375,CUBLAS_DEFAULT_MATH,,False,2497.0,True,2500,40,102.0,13030,13030,True,2,1155de478289f4a7d40687f87000848267619032,ok,,
reduce,two_pass,fp32,4096,0,0,,0,0.009696,0.000128,0.008288,1000,0.009696,0.009728,5,0.0,baseline_cub_reduce,0.0,58.09,joined,True,stream,1,kTwoPass,ckl_reduce,kSinglePass,,1,False,,,,,,,,pending ncu round,,18688,,,,1.927,4096,False,300304,,,3.38e-07,9.1553e-05,CUBLAS_DEFAULT_MATH,,False,2497.0,True,2500,36,38.6,13030,13030,True,2,1155de478289f4a7d40687f87000848267619032,ok,,
reduce,two_pass,fp32,4096,0,0,,0,0.002637,6e-06,0.002574,1000,0.002637,0.002637,5,0.0,baseline_cub_reduce,0.0,57.34,joined,True,graph,20,kTwoPass,ckl_reduce,kSinglePass,,1,False,,,,,,,,pending ncu round,,18688,,,,7.087,4096,False,300304,,,3.38e-07,9.1553e-05,CUBLAS_DEFAULT_MATH,,False,2497.0,True,2500,36,40.8,13030,13030,False,2,1155de478289f4a7d40687f87000848267619032,ok,,
reduce,two_pass,fp32,4096,0,0,,0,0.010976,0.0016,0.007136,1000,0.010784,0.011648,5,0.0,baseline_cub_reduce,0.0,69.97,joined,False,stream,1,kTwoPass,ckl_reduce,kSinglePass,,1,False,,,,,,,,pending ncu round,,18688,,,,1.703,4096,False,300304,,,3.38e-07,9.1553e-05,CUBLAS_DEFAULT_MATH,,False,2497.0,True,2500,45,30.9,13030,13030,False,2,1155de478289f4a7d40687f87000848267619032,ok,,
reduce,two_pass,fp32,4096,0,0,,0,0.01337,0.001562,0.009094,1000,0.013154,0.01364,5,0.0,baseline_cub_reduce,0.0,45.73,joined,True,stream,20,kTwoPass,ckl_reduce,kSinglePass,,1,False,,,,,,,,pending ncu round,,18688,,,,1.398,4096,False,300304,,,3.38e-07,9.1553e-05,CUBLAS_DEFAULT_MATH,,False,2497.0,True,2500,37,42.8,13030,13030,False,2,1155de478289f4a7d40687f87000848267619032,ok,,
reduce,two_pass,fp32,65536,0,0,,0,0.009728,0.00016,0.007136,1000,0.009696,0.009728,5,0.0,baseline_cub_reduce,0.0,78.95,joined,True,stream,1,kTwoPass,ckl_reduce,kSinglePass,,1,False,,,,,,,,pending ncu round,,264448,,,,27.184,65536,False,300304,,,3.202e-06,0.000366211,CUBLAS_DEFAULT_MATH,,False,2497.0,True,2500,35,41.0,13030,13030,True,2,1155de478289f4a7d40687f87000848267619032,ok,,
reduce,two_pass,fp32,65536,0,0,,0,0.002742,0.000101,0.002717,1000,0.002741,0.002742,5,0.0,baseline_cub_reduce,0.0,92.41,joined,True,graph,20,kTwoPass,ckl_reduce,kSinglePass,,1,False,,,,,,,,pending ncu round,,264448,,,,96.429,65536,False,300304,,,3.202e-06,0.000366211,CUBLAS_DEFAULT_MATH,,False,2497.0,True,2500,46,42.2,13030,13030,False,2,1155de478289f4a7d40687f87000848267619032,ok,,
reduce,two_pass,fp32,65536,0,0,,0,0.011104,0.002504,0.006944,1000,0.010816,0.01176,5,0.0,baseline_cub_reduce,0.0,99.71,joined,False,stream,1,kTwoPass,ckl_reduce,kSinglePass,,1,False,,,,,,,,pending ncu round,,264448,,,,23.816,65536,False,300304,,,3.202e-06,0.000366211,CUBLAS_DEFAULT_MATH,,False,2497.0,True,2500,40,31.1,13030,13030,False,2,1155de478289f4a7d40687f87000848267619032,ok,,
reduce,two_pass,fp32,65536,0,0,,0,0.012982,0.002003,0.008963,1000,0.012431,0.013213,5,0.0,baseline_cub_reduce,0.0,93.71,joined,True,stream,20,kTwoPass,ckl_reduce,kSinglePass,,1,False,,,,,,,,pending ncu round,,264448,,,,20.371,65536,False,300304,,,3.202e-06,0.000366211,CUBLAS_DEFAULT_MATH,,False,2497.0,True,2500,38,41.3,13030,13030,False,2,1155de478289f4a7d40687f87000848267619032,ok,,
reduce,two_pass,fp32,1048576,0,0,,0,0.015936,0.002016,0.0152,1000,0.015904,0.015936,5,0.0,baseline_cub_reduce,0.0,86.95,joined,True,stream,1,kTwoPass,ckl_reduce,kSinglePass,,1,False,,,,,,,,pending ncu round,,4196608,,,,263.341,1048576,False,300304,,,0.000170685,0.001464844,CUBLAS_DEFAULT_MATH,,False,2497.0,True,2500,43,40.2,13030,13030,True,2,1155de478289f4a7d40687f87000848267619032,ok,,
reduce,two_pass,fp32,1048576,0,0,,0,0.011808,0.001952,0.008832,1000,0.011712,0.014,5,0.0,baseline_cub_reduce,0.0,103.39,joined,False,stream,1,kTwoPass,ckl_reduce,kSinglePass,,1,False,,,,,,,,pending ncu round,,4196608,,,,355.404,1048576,False,300304,,,0.000170685,0.001464844,CUBLAS_DEFAULT_MATH,,False,2497.0,True,2500,35,30.4,13030,13030,False,2,1155de478289f4a7d40687f87000848267619032,ok,,
reduce,two_pass,fp32,4194304,0,0,,0,0.036384,0.0018,0.035744,1000,0.036384,0.036384,5,0.0,baseline_cub_reduce,0.0,99.91,joined,True,stream,1,kTwoPass,ckl_reduce,kSinglePass,,1,False,,,,,,,,pending ncu round,,16779520,,,,461.179,4194304,False,300304,,,0.000193075,0.002929688,CUBLAS_DEFAULT_MATH,,False,2497.0,True,2500,50,44.8,13030,13030,True,2,1155de478289f4a7d40687f87000848267619032,ok,,
reduce,two_pass,fp32,4194304,0,0,,0,0.016832,0.008328,0.01296,1000,0.016384,0.017056,5,0.0,baseline_cub_reduce,0.0,99.24,joined,False,stream,1,kTwoPass,ckl_reduce,kSinglePass,,1,False,,,,,,,,pending ncu round,,16779520,,,,996.882,4194304,False,300304,,,0.000193075,0.002929688,CUBLAS_DEFAULT_MATH,,False,2497.0,True,2500,44,31.4,13030,13030,False,2,1155de478289f4a7d40687f87000848267619032,ok,,
reduce,two_pass,fp32,67108864,0,0,,0,0.451904,0.002112,0.445792,1000,0.451872,0.451968,5,0.0,baseline_cub_reduce,0.0,100.96,joined,True,stream,1,kTwoPass,ckl_reduce,kSinglePass,,1,False,,,,,,,,pending ncu round,,268437760,,,,594.015,67108864,False,300304,,,0.002401608,0.01171875,CUBLAS_DEFAULT_MATH,,False,2497.0,True,2500,49,71.6,13030,13030,True,2,1155de478289f4a7d40687f87000848267619032,ok,,
reduce,two_pass,fp32,134217728,0,0,,0,0.888352,0.006112,0.861472,1000,0.886448,0.888368,5,0.0,baseline_cub_reduce,0.0,99.77,joined,True,stream,1,kTwoPass,ckl_reduce,kSinglePass,,1,False,,,,,,,,pending ncu round,,536873216,,,,604.347,134217728,False,300304,,,0.002458746,0.01657282,CUBLAS_DEFAULT_MATH,,False,2497.0,True,2500,40,98.5,13030,13030,True,2,1155de478289f4a7d40687f87000848267619032,ok,,
reduce,two_pass,fp32,268435456,0,0,,0,1.748544,0.012288,1.734528,1000,1.748512,1.748576,5,0.0,baseline_cub_reduce,0.0,100.07,joined,True,stream,1,kTwoPass,ckl_reduce,kSinglePass,,1,False,,,,,,,,pending ncu round,,1073744128,,,,614.079,268435456,False,300304,,,0.000898225,0.0234375,CUBLAS_DEFAULT_MATH,,False,2497.0,True,2500,40,102.1,13030,13030,True,2,1155de478289f4a7d40687f87000848267619032,ok,,
reduce,vec4,fp32,4096,0,0,,0,0.009664,0.000224,0.006592,1000,0.009664,0.009664,5,0.0,baseline_cub_reduce,0.0,58.28,joined,True,stream,1,kVec4,ckl_reduce,kSinglePass,,1,False,,,,,,,,pending ncu round,,18688,,,,1.934,4096,False,300304,,,3.38e-07,9.1553e-05,CUBLAS_DEFAULT_MATH,,False,2497.0,True,2500,36,41.1,13030,13030,True,2,1155de478289f4a7d40687f87000848267619032,ok,,
reduce,vec4,fp32,4096,0,0,,0,0.002637,8e-06,0.002563,1000,0.002637,0.002637,5,0.0,baseline_cub_reduce,0.0,57.34,joined,True,graph,20,kVec4,ckl_reduce,kSinglePass,,1,False,,,,,,,,pending ncu round,,18688,,,,7.087,4096,False,300304,,,3.38e-07,9.1553e-05,CUBLAS_DEFAULT_MATH,,False,2497.0,True,2500,35,39.5,13030,13030,False,2,1155de478289f4a7d40687f87000848267619032,ok,,
reduce,vec4,fp32,4096,0,0,,0,0.010944,0.00176,0.007136,1000,0.010576,0.011792,5,0.0,baseline_cub_reduce,0.0,70.18,joined,False,stream,1,kVec4,ckl_reduce,kSinglePass,,1,False,,,,,,,,pending ncu round,,18688,,,,1.708,4096,False,300304,,,3.38e-07,9.1553e-05,CUBLAS_DEFAULT_MATH,,False,2497.0,True,2500,35,30.2,13030,13030,False,2,1155de478289f4a7d40687f87000848267619032,ok,,
reduce,vec4,fp32,4096,0,0,,0,0.013238,0.001585,0.009566,1000,0.013114,0.013419,5,0.0,baseline_cub_reduce,0.0,46.19,joined,True,stream,20,kVec4,ckl_reduce,kSinglePass,,1,False,,,,,,,,pending ncu round,,18688,,,,1.412,4096,False,300304,,,3.38e-07,9.1553e-05,CUBLAS_DEFAULT_MATH,,False,2497.0,True,2500,37,41.4,13030,13030,False,2,1155de478289f4a7d40687f87000848267619032,ok,,
reduce,vec4,fp32,65536,0,0,,0,0.009728,0.000128,0.007168,1000,0.009728,0.009728,5,0.0,baseline_cub_reduce,0.0,78.95,joined,True,stream,1,kVec4,ckl_reduce,kSinglePass,,1,False,,,,,,,,pending ncu round,,264448,,,,27.184,65536,False,300304,,,3.202e-06,0.000366211,CUBLAS_DEFAULT_MATH,,False,2497.0,True,2500,35,38.7,13030,13030,True,2,1155de478289f4a7d40687f87000848267619032,ok,,
reduce,vec4,fp32,65536,0,0,,0,0.002838,8.3e-05,0.00272,1000,0.002838,0.002838,5,0.0,baseline_cub_reduce,0.0,89.29,joined,True,graph,20,kVec4,ckl_reduce,kSinglePass,,1,False,,,,,,,,pending ncu round,,264448,,,,93.168,65536,False,300304,,,3.202e-06,0.000366211,CUBLAS_DEFAULT_MATH,,False,2497.0,True,2500,36,40.0,13030,13030,False,2,1155de478289f4a7d40687f87000848267619032,ok,,
reduce,vec4,fp32,65536,0,0,,0,0.011456,0.002784,0.006912,1000,0.011216,0.013536,5,0.0,baseline_cub_reduce,0.0,96.65,joined,False,stream,1,kVec4,ckl_reduce,kSinglePass,,1,False,,,,,,,,pending ncu round,,264448,,,,23.084,65536,False,300304,,,3.202e-06,0.000366211,CUBLAS_DEFAULT_MATH,,False,2497.0,True,2500,35,30.0,13030,13030,False,2,1155de478289f4a7d40687f87000848267619032,ok,,
reduce,vec4,fp32,65536,0,0,,0,0.012974,0.001976,0.009214,1000,0.01244,0.013291,5,0.0,baseline_cub_reduce,0.0,93.76,joined,True,stream,20,kVec4,ckl_reduce,kSinglePass,,1,False,,,,,,,,pending ncu round,,264448,,,,20.382,65536,False,300304,,,3.202e-06,0.000366211,CUBLAS_DEFAULT_MATH,,False,2497.0,True,2500,47,43.3,13030,13030,False,2,1155de478289f4a7d40687f87000848267619032,ok,,
reduce,vec4,fp32,1048576,0,0,,0,0.015904,0.00192,0.015072,1000,0.015904,0.017344,5,0.0,baseline_cub_reduce,0.0,87.12,joined,True,stream,1,kVec4,ckl_reduce,kSinglePass,,1,False,,,,,,,,pending ncu round,,4196608,,,,263.871,1048576,False,300304,,,0.000170685,0.001464844,CUBLAS_DEFAULT_MATH,,False,2497.0,True,2500,34,40.2,13030,13030,True,2,1155de478289f4a7d40687f87000848267619032,ok,,
reduce,vec4,fp32,1048576,0,0,,0,0.012288,0.00892,0.008704,1000,0.011616,0.012736,5,0.0,baseline_cub_reduce,0.0,99.35,joined,False,stream,1,kVec4,ckl_reduce,kSinglePass,,1,False,,,,,,,,pending ncu round,,4196608,,,,341.521,1048576,False,300304,,,0.000170685,0.001464844,CUBLAS_DEFAULT_MATH,,False,2497.0,True,2500,35,30.5,13030,13030,False,2,1155de478289f4a7d40687f87000848267619032,ok,,
reduce,vec4,fp32,4194304,0,0,,0,0.036416,0.001984,0.035776,1000,0.036416,0.036496,5,0.0,baseline_cub_reduce,0.0,99.82,joined,True,stream,1,kVec4,ckl_reduce,kSinglePass,,1,False,,,,,,,,pending ncu round,,16779520,,,,460.773,4194304,False,300304,,,0.000193075,0.002929688,CUBLAS_DEFAULT_MATH,,False,2497.0,True,2500,38,40.6,13030,13030,True,2,1155de478289f4a7d40687f87000848267619032,ok,,
reduce,vec4,fp32,4194304,0,0,,0,0.016384,0.011296,0.013024,1000,0.016288,0.017216,5,0.0,baseline_cub_reduce,0.0,101.95,joined,False,stream,1,kVec4,ckl_reduce,kSinglePass,,1,False,,,,,,,,pending ncu round,,16779520,,,,1024.141,4194304,False,300304,,,0.000193075,0.002929688,CUBLAS_DEFAULT_MATH,,False,2497.0,True,2500,37,31.3,13030,13030,False,2,1155de478289f4a7d40687f87000848267619032,ok,,
reduce,vec4,fp32,67108864,0,0,,0,0.450048,0.00208,0.443776,1000,0.450048,0.450064,5,0.0,baseline_cub_reduce,0.0,101.37,joined,True,stream,1,kVec4,ckl_reduce,kSinglePass,,1,False,,,,,,,,pending ncu round,,268437760,,,,596.465,67108864,False,300304,,,0.002401608,0.01171875,CUBLAS_DEFAULT_MATH,,False,2497.0,True,2500,50,72.8,13030,13030,True,2,1155de478289f4a7d40687f87000848267619032,ok,,
reduce,vec4,fp32,134217728,0,0,,0,0.884128,0.007616,0.877952,1000,0.884096,0.88416,5,0.0,baseline_cub_reduce,0.0,100.25,joined,True,stream,1,kVec4,ckl_reduce,kSinglePass,,1,False,,,,,,,,pending ncu round,,536873216,,,,607.235,134217728,False,300304,,,0.002458746,0.01657282,CUBLAS_DEFAULT_MATH,,False,2497.0,True,2500,40,99.6,13030,13030,True,2,1155de478289f4a7d40687f87000848267619032,ok,,
reduce,vec4,fp32,268435456,0,0,,0,1.746512,0.012256,1.736576,1000,1.746464,1.748016,5,0.0,baseline_cub_reduce,0.0,100.19,joined,True,stream,1,kVec4,ckl_reduce,kSinglePass,,1,False,,,,,,,,pending ncu round,,1073744128,,,,614.793,268435456,False,300304,,,0.000898225,0.0234375,CUBLAS_DEFAULT_MATH,,False,2497.0,True,2500,51,103.0,13030,13030,True,2,1155de478289f4a7d40687f87000848267619032,ok,,
scan,baseline_cub_scan,fp32,4096,0,0,,0,0.007712,0.001856,0.007168,1000,0.007712,0.007744,5,0.0,baseline_cub_scan,0.0,100.0,self,True,stream,1,kCub,ckl_scan,kLookback,,1,False,,,,,,,,pending ncu round,,32768,,,,4.249,4096,False,300304,,,2.2902e-05,9.1553e-05,CUBLAS_DEFAULT_MATH,,False,2497.0,True,2500,36,41.3,13030,13030,True,2,1155de478289f4a7d40687f87000848267619032,ok,,
scan,baseline_cub_scan,fp32,4096,0,0,,0,0.00284,0.000101,0.002717,1000,0.002837,0.00284,5,0.0,baseline_cub_scan,0.0,100.0,self,True,graph,20,kCub,ckl_scan,kLookback,,1,False,,,,,,,,pending ncu round,,32768,,,,11.538,4096,False,300304,,,2.2902e-05,9.1553e-05,CUBLAS_DEFAULT_MATH,,False,2497.0,True,2500,46,40.1,13030,13030,False,2,1155de478289f4a7d40687f87000848267619032,ok,,
scan,baseline_cub_scan,fp32,4096,0,0,,0,0.01328,0.004296,0.007168,1000,0.01296,0.035456,5,0.0,baseline_cub_scan,0.0,100.0,self,False,stream,1,kCub,ckl_scan,kLookback,,1,False,,,,,,,,pending ncu round,,32768,,,,2.467,4096,False,300304,,,2.2902e-05,9.1553e-05,CUBLAS_DEFAULT_MATH,,False,2497.0,True,2500,35,30.3,13030,13030,False,2,1155de478289f4a7d40687f87000848267619032,ok,,
scan,baseline_cub_scan,fp32,4096,0,0,,0,0.013021,0.002218,0.009302,1000,0.012067,0.014003,5,0.0,baseline_cub_scan,0.0,100.0,self,True,stream,20,kCub,ckl_scan,kLookback,,1,False,,,,,,,,pending ncu round,,32768,,,,2.517,4096,False,300304,,,2.2902e-05,9.1553e-05,CUBLAS_DEFAULT_MATH,,False,2497.0,True,2500,38,42.8,13030,13030,False,2,1155de478289f4a7d40687f87000848267619032,ok,,
scan,baseline_cub_scan,fp32,65536,0,0,,0,0.009728,6.4e-05,0.009248,1000,0.009696,0.00976,5,0.0,baseline_cub_scan,0.0,100.0,self,True,stream,1,kCub,ckl_scan,kLookback,,1,False,,,,,,,,pending ncu round,,524288,,,,53.895,65536,False,300304,,,6.1036e-05,0.000366211,CUBLAS_DEFAULT_MATH,,False,2497.0,True,2500,42,40.7,13030,13030,True,2,1155de478289f4a7d40687f87000848267619032,ok,,
scan,baseline_cub_scan,fp32,65536,0,0,,0,0.00436,9.9e-05,0.004261,1000,0.00428,0.004371,5,0.0,baseline_cub_scan,0.0,100.0,self,True,graph,20,kCub,ckl_scan,kLookback,,1,False,,,,,,,,pending ncu round,,524288,,,,120.25,65536,False,300304,,,6.1036e-05,0.000366211,CUBLAS_DEFAULT_MATH,,False,2497.0,True,2500,43,42.2,13030,13030,False,2,1155de478289f4a7d40687f87000848267619032,ok,,
scan,baseline_cub_scan,fp32,65536,0,0,,0,0.013664,0.006048,0.009088,1000,0.013248,0.014176,5,0.0,baseline_cub_scan,0.0,100.0,self,False,stream,1,kCub,ckl_scan,kLookback,,1,False,,,,,,,,pending ncu round,,524288,,,,38.37,65536,False,300304,,,6.1036e-05,0.000366211,CUBLAS_DEFAULT_MATH,,False,2497.0,True,2500,36,30.4,13030,13030,False,2,1155de478289f4a7d40687f87000848267619032,ok,,
scan,baseline_cub_scan,fp32,65536,0,0,,0,0.013687,0.002358,0.009077,1000,0.013157,0.015306,5,0.0,baseline_cub_scan,0.0,100.0,self,True,stream,20,kCub,ckl_scan,kLookback,,1,False,,,,,,,,pending ncu round,,524288,,,,38.305,65536,False,300304,,,6.1036e-05,0.000366211,CUBLAS_DEFAULT_MATH,,False,2497.0,True,2500,35,42.9,13030,13030,False,2,1155de478289f4a7d40687f87000848267619032,ok,,
scan,baseline_cub_scan,fp32,1048576,0,0,,0,0.017952,0.000416,0.01744,1000,0.017952,0.017952,5,0.0,baseline_cub_scan,0.0,100.0,self,True,stream,1,kCub,ckl_scan,kLookback,,1,False,,,,,,,,pending ncu round,,8388608,,,,467.28,1048576,False,300304,,,0.000213623,0.001464844,CUBLAS_DEFAULT_MATH,,False,2497.0,True,2500,35,41.0,13030,13030,True,2,1155de478289f4a7d40687f87000848267619032,ok,,
scan,baseline_cub_scan,fp32,1048576,0,0,,0,0.017616,0.012672,0.011328,1000,0.017184,0.017952,5,0.0,baseline_cub_scan,0.0,100.0,self,False,stream,1,kCub,ckl_scan,kLookback,,1,False,,,,,,,,pending ncu round,,8388608,,,,476.193,1048576,False,300304,,,0.000244141,0.001464844,CUBLAS_DEFAULT_MATH,,False,2497.0,True,2500,46,32.3,13030,13030,False,2,1155de478289f4a7d40687f87000848267619032,ok,,
scan,baseline_cub_scan,fp32,4194304,0,0,,0,0.056864,0.001568,0.04032,1000,0.056864,0.05888,5,0.0,baseline_cub_scan,0.0,100.0,self,True,stream,1,kCub,ckl_scan,kLookback,,1,False,,,,,,,,pending ncu round,,33554432,,,,590.082,4194304,False,300304,,,0.000427246,0.002929688,CUBLAS_DEFAULT_MATH,,False,2497.0,True,2500,35,46.6,13030,13030,True,2,1155de478289f4a7d40687f87000848267619032,ok,,
scan,baseline_cub_scan,fp32,4194304,0,0,,0,0.031392,0.0024,0.027104,1000,0.031152,0.049344,5,0.0,baseline_cub_scan,0.0,100.0,self,False,stream,1,kCub,ckl_scan,kLookback,,1,False,,,,,,,,pending ncu round,,33554432,,,,1068.885,4194304,False,300304,,,0.000488281,0.002929688,CUBLAS_DEFAULT_MATH,,False,2497.0,True,2500,34,30.7,13030,13030,False,2,1155de478289f4a7d40687f87000848267619032,ok,,
scan,baseline_cub_scan,fp32,67108864,0,0,,0,0.930832,0.007072,0.869728,1000,0.929248,0.930912,5,0.0,baseline_cub_scan,0.0,100.0,self,True,stream,1,kCub,ckl_scan,kLookback,,1,False,,,,,,,,pending ncu round,,536870912,,,,576.765,67108864,False,300304,,,0.002197266,0.01171875,CUBLAS_DEFAULT_MATH,,False,2497.0,True,2500,40,104.2,13030,13030,True,2,1155de478289f4a7d40687f87000848267619032,ok,,
scan,baseline_cub_scan,fp32,134217728,0,0,,0,1.858512,0.02268,1.795488,942,1.856944,1.859072,5,0.0,baseline_cub_scan,0.0,100.0,self,True,stream,1,kCub,ckl_scan,kLookback,,1,False,,,,,,,,pending ncu round,,1073741824,,,,577.743,134217728,False,300304,,,0.01367188,0.01657282,CUBLAS_DEFAULT_MATH,,False,2497.0,True,2500,42,106.7,13030,13030,True,2,1155de478289f4a7d40687f87000848267619032,ok,,
scan,baseline_cub_scan,fp32,268435456,0,0,,0,3.727904,0.004128,3.69424,494,3.727872,3.727904,5,0.0,baseline_cub_scan,0.0,100.0,self,True,stream,1,kCub,ckl_scan,kLookback,,1,False,,,,,,,,pending ncu round,,2147483648,,,,576.057,268435456,False,300304,,,0.0546875,0.1834336,CUBLAS_DEFAULT_MATH,,False,2497.0,True,2500,52,106.3,13030,13030,True,2,1155de478289f4a7d40687f87000848267619032,ok,,"re-run after the Part 15b scan tolerance fix; stamped with the sweep commit because the fix changed only ckl::scan_tolerance, the verifier that decides whether a kernel may be timed, and nothing in the kernels, the plan or the timing path. Spot check: scan lookback fp32 2^26 re-measured 0.99061 ms against the campaign row 0.98870 ms, 0.19 percent apart."
scan,blelloch,fp32,4096,0,0,,0,0.011712,0.000128,0.010656,1000,0.011712,0.011744,5,0.0,baseline_cub_scan,0.0,65.85,joined,True,stream,1,kBlelloch,ckl_scan,kLookback,,1,False,,,,,,,,pending ncu round,,65536,,,,5.596,4096,False,300304,,,7.634e-06,9.1553e-05,CUBLAS_DEFAULT_MATH,,False,2497.0,True,2500,46,42.6,13030,13030,True,2,1155de478289f4a7d40687f87000848267619032,ok,,
scan,blelloch,fp32,4096,0,0,,0,0.004277,9.6e-05,0.004154,1000,0.004277,0.004278,5,0.0,baseline_cub_scan,0.0,66.4,joined,True,graph,20,kBlelloch,ckl_scan,kLookback,,1,False,,,,,,,,pending ncu round,,65536,,,,15.324,4096,False,300304,,,7.634e-06,9.1553e-05,CUBLAS_DEFAULT_MATH,,False,2497.0,True,2500,48,40.1,13030,13030,False,2,1155de478289f4a7d40687f87000848267619032,ok,,
scan,blelloch,fp32,4096,0,0,,0,0.015616,0.0016,0.010752,1000,0.015296,0.031408,5,0.0,baseline_cub_scan,0.0,85.04,joined,False,stream,1,kBlelloch,ckl_scan,kLookback,,1,False,,,,,,,,pending ncu round,,65536,,,,4.197,4096,False,300304,,,7.634e-06,9.1553e-05,CUBLAS_DEFAULT_MATH,,False,2497.0,True,2500,47,31.2,13030,13030,False,2,1155de478289f4a7d40687f87000848267619032,ok,,
scan,blelloch,fp32,4096,0,0,,0,0.019874,0.002318,0.014802,1000,0.019715,0.02072,5,0.0,baseline_cub_scan,0.0,65.52,joined,True,stream,20,kBlelloch,ckl_scan,kLookback,,1,False,,,,,,,,pending ncu round,,65536,,,,3.298,4096,False,300304,,,7.634e-06,9.1553e-05,CUBLAS_DEFAULT_MATH,,False,2497.0,True,2500,37,43.9,13030,13030,False,2,1155de478289f4a7d40687f87000848267619032,ok,,
scan,blelloch,fp32,65536,0,0,,0,0.013792,0.000288,0.011616,1000,0.01376,0.01392,5,0.0,baseline_cub_scan,0.0,70.53,joined,True,stream,1,kBlelloch,ckl_scan,kLookback,,1,False,,,,,,,,pending ncu round,,1048576,,,,76.028,65536,False,300304,,,3.0518e-05,0.000366211,CUBLAS_DEFAULT_MATH,,False,2497.0,True,2500,38,36.9,13030,13030,True,2,1155de478289f4a7d40687f87000848267619032,ok,,
scan,blelloch,fp32,65536,0,0,,0,0.005197,5e-06,0.005115,1000,0.005197,0.005198,5,0.0,baseline_cub_scan,0.0,83.89,joined,True,graph,20,kBlelloch,ckl_scan,kLookback,,1,False,,,,,,,,pending ncu round,,1048576,,,,201.773,65536,False,300304,,,3.0518e-05,0.000366211,CUBLAS_DEFAULT_MATH,,False,2497.0,True,2500,37,41.7,13030,13030,False,2,1155de478289f4a7d40687f87000848267619032,ok,,
scan,blelloch,fp32,65536,0,0,,0,0.017296,0.017512,0.011072,1000,0.016672,0.025024,5,0.0,baseline_cub_scan,0.0,79.0,joined,False,stream,1,kBlelloch,ckl_scan,kLookback,,1,False,,,,,,,,pending ncu round,,1048576,,,,60.625,65536,False,300304,,,3.0518e-05,0.000366211,CUBLAS_DEFAULT_MATH,,False,2497.0,True,2500,35,30.2,13030,13030,False,2,1155de478289f4a7d40687f87000848267619032,ok,,
scan,blelloch,fp32,65536,0,0,,0,0.020404,0.002707,0.014946,1000,0.020161,0.020581,5,0.0,baseline_cub_scan,0.0,67.08,joined,True,stream,20,kBlelloch,ckl_scan,kLookback,,1,False,,,,,,,,pending ncu round,,1048576,,,,51.391,65536,False,300304,,,3.0518e-05,0.000366211,CUBLAS_DEFAULT_MATH,,False,2497.0,True,2500,37,45.5,13030,13030,False,2,1155de478289f4a7d40687f87000848267619032,ok,,
scan,blelloch,fp32,1048576,0,0,,0,0.048448,0.000128,0.047648,1000,0.048416,0.048448,5,0.0,baseline_cub_scan,0.0,37.05,joined,True,stream,1,kBlelloch,ckl_scan,kLookback,,1,False,,,,,,,,pending ncu round,,16777216,,,,346.293,1048576,False,300304,,,9.346e-05,0.001464844,CUBLAS_DEFAULT_MATH,,False,2497.0,True,2500,47,42.0,13030,13030,True,2,1155de478289f4a7d40687f87000848267619032,ok,,
scan,blelloch,fp32,1048576,0,0,,0,0.046592,0.003712,0.043136,1000,0.046128,0.046912,5,0.0,baseline_cub_scan,0.0,37.81,joined,False,stream,1,kBlelloch,ckl_scan,kLookback,,1,False,,,,,,,,pending ncu round,,16777216,,,,360.088,1048576,False,300304,,,9.346e-05,0.001464844,CUBLAS_DEFAULT_MATH,,False,2497.0,True,2500,35,31.0,13030,13030,False,2,1155de478289f4a7d40687f87000848267619032,ok,,
scan,blelloch,fp32,4194304,0,0,,0,0.13856,0.000192,0.136992,1000,0.13856,0.13856,5,0.0,baseline_cub_scan,0.0,41.04,joined,True,stream,1,kBlelloch,ckl_scan,kLookback,,1,False,,,,,,,,pending ncu round,,67108864,,,,484.331,4194304,False,300304,,,0.000366211,0.002929688,CUBLAS_DEFAULT_MATH,,False,2497.0,True,2500,39,49.3,13030,13030,True,2,1155de478289f4a7d40687f87000848267619032,ok,,
scan,blelloch,fp32,4194304,0,0,,0,0.127232,0.002144,0.123296,1000,0.126352,0.127456,5,0.0,baseline_cub_scan,0.0,24.67,joined,False,stream,1,kBlelloch,ckl_scan,kLookback,,1,False,,,,,,,,pending ncu round,,67108864,,,,527.453,4194304,False,300304,,,0.000366211,0.002929688,CUBLAS_DEFAULT_MATH,,False,2497.0,True,2500,35,34.9,13030,13030,False,2,1155de478289f4a7d40687f87000848267619032,ok,,
scan,blelloch,fp32,67108864,0,0,,0,2.480384,0.007872,2.469888,730,2.48,2.482096,5,0.0,baseline_cub_scan,0.0,37.53,joined,True,stream,1,kBlelloch,ckl_scan,kLookback,,1,False,,,,,,,,pending ncu round,,1073741824,,,,432.893,67108864,False,300304,,,0.000976562,0.01171875,CUBLAS_DEFAULT_MATH,,False,2497.0,True,2500,54,114.1,13030,13030,True,2,1155de478289f4a7d40687f87000848267619032,ok,,
scan,blelloch,fp32,134217728,0,0,,0,4.948976,0.02884,4.924352,374,4.9472,4.949232,5,0.0,baseline_cub_scan,0.0,37.55,joined,True,stream,1,kBlelloch,ckl_scan,kLookback,,1,False,,,,,,,,pending ncu round,,2147483648,,,,433.925,134217728,False,300304,,,0.001953125,0.01657282,CUBLAS_DEFAULT_MATH,,False,2497.0,True,2500,51,115.9,13030,13030,True,2,1155de478289f4a7d40687f87000848267619032,ok,,
scan,blelloch,fp32,268435456,0,0,,0,9.835648,0.27704,9.80224,195,9.83328,9.837568,5,0.0,baseline_cub_scan,0.0,37.9,joined,True,stream,1,kBlelloch,ckl_scan,kLookback,,1,False,,,,,,,,pending ncu round,,4294967296,,,,436.674,268435456,False,300304,,,0.00390625,0.0234375,CUBLAS_DEFAULT_MATH,,False,2497.0,True,2500,44,115.2,13030,13030,True,2,1155de478289f4a7d40687f87000848267619032,ok,,
scan,deterministic,fp32,4096,0,0,,0,0.01376,0.000128,0.012992,1000,0.01376,0.013792,5,0.0,baseline_cub_scan,0.0,56.05,joined,True,stream,1,kDeterministic,ckl_scan,kLookback,,1,False,,,,,,,,pending ncu round,,49152,,,,3.572,4096,False,300304,,,1.5268e-05,9.1553e-05,CUBLAS_DEFAULT_MATH,,False,2497.0,True,2500,38,40.6,13030,13030,True,2,1155de478289f4a7d40687f87000848267619032,ok,,
scan,deterministic,fp32,4096,0,0,,0,0.005096,6e-06,0.005058,1000,0.005096,0.005096,5,0.0,baseline_cub_scan,0.0,55.73,joined,True,graph,20,kDeterministic,ckl_scan,kLookback,,1,False,,,,,,,,pending ncu round,,49152,,,,9.645,4096,False,300304,,,1.5268e-05,9.1553e-05,CUBLAS_DEFAULT_MATH,,False,2497.0,True,2500,38,40.4,13030,13030,False,2,1155de478289f4a7d40687f87000848267619032,ok,,
scan,deterministic,fp32,4096,0,0,,0,0.017088,0.019328,0.012,1000,0.016608,0.022352,5,0.0,baseline_cub_scan,0.0,77.72,joined,False,stream,1,kDeterministic,ckl_scan,kLookback,,1,False,,,,,,,,pending ncu round,,49152,,,,2.876,4096,False,300304,,,1.5268e-05,9.1553e-05,CUBLAS_DEFAULT_MATH,,False,2497.0,True,2500,41,30.8,13030,13030,False,2,1155de478289f4a7d40687f87000848267619032,ok,,
scan,deterministic,fp32,4096,0,0,,0,0.02073,0.002611,0.014562,1000,0.020433,0.021598,5,0.0,baseline_cub_scan,0.0,62.81,joined,True,stream,20,kDeterministic,ckl_scan,kLookback,,1,False,,,,,,,,pending ncu round,,49152,,,,2.371,4096,False,300304,,,1.5268e-05,9.1553e-05,CUBLAS_DEFAULT_MATH,,False,2497.0,True,2500,37,43.7,13030,13030,False,2,1155de478289f4a7d40687f87000848267619032,ok,,
scan,deterministic,fp32,65536,0,0,,0,0.013856,0.002016,0.01312,1000,0.013856,0.01392,5,0.0,baseline_cub_scan,0.0,70.21,joined,True,stream,1,kDeterministic,ckl_scan,kLookback,,1,False,,,,,,,,pending ncu round,,786432,,,,56.758,65536,False,300304,,,6.1036e-05,0.000366211,CUBLAS_DEFAULT_MATH,,False,2497.0,True,2500,44,42.6,13030,13030,True,2,1155de478289f4a7d40687f87000848267619032,ok,,
scan,deterministic,fp32,65536,0,0,,0,0.005197,8e-06,0.005085,1000,0.005195,0.005197,5,0.0,baseline_cub_scan,0.0,83.89,joined,True,graph,20,kDeterministic,ckl_scan,kLookback,,1,False,,,,,,,,pending ncu round,,786432,,,,151.33,65536,False,300304,,,6.1036e-05,0.000366211,CUBLAS_DEFAULT_MATH,,False,2497.0,True,2500,38,43.0,13030,13030,False,2,1155de478289f4a7d40687f87000848267619032,ok,,
scan,deterministic,fp32,65536,0,0,,0,0.017216,0.01728,0.012064,1000,0.016928,0.017696,5,0.0,baseline_cub_scan,0.0,79.37,joined,False,stream,1,kDeterministic,ckl_scan,kLookback,,1,False,,,,,,,,pending ncu round,,786432,,,,45.68,65536,False,300304,,,6.1036e-05,0.000366211,CUBLAS_DEFAULT_MATH,,False,2497.0,True,2500,46,31.0,13030,13030,False,2,1155de478289f4a7d40687f87000848267619032,ok,,
scan,deterministic,fp32,65536,0,0,,0,0.020944,0.0022,0.015758,1000,0.020936,0.021229,5,0.0,baseline_cub_scan,0.0,65.35,joined,True,stream,20,kDeterministic,ckl_scan,kLookback,,1,False,,,,,,,,pending ncu round,,786432,,,,37.549,65536,False,300304,,,6.1036e-05,0.000366211,CUBLAS_DEFAULT_MATH,,False,2497.0,True,2500,47,43.8,13030,13030,False,2,1155de478289f4a7d40687f87000848267619032,ok,,
scan,deterministic,fp32,1048576,0,0,,0,0.025984,0.00032,0.02352,1000,0.025984,0.026016,5,0.0,baseline_cub_scan,0.0,69.09,joined,True,stream,1,kDeterministic,ckl_scan,kLookback,,1,False,,,,,,,,pending ncu round,,12582912,,,,484.256,1048576,False,300304,,,0.000152588,0.001464844,CUBLAS_DEFAULT_MATH,,False,2497.0,True,2500,42,43.8,13030,13030,True,2,1155de478289f4a7d40687f87000848267619032,ok,,
scan,deterministic,fp32,1048576,0,0,,0,0.02288,0.014384,0.017344,1000,0.02272,0.023264,5,0.0,baseline_cub_scan,0.0,76.99,joined,False,stream,1,kDeterministic,ckl_scan,kLookback,,1,False,,,,,,,,pending ncu round,,12582912,,,,549.952,1048576,False,300304,,,0.000152588,0.001464844,CUBLAS_DEFAULT_MATH,,False,2497.0,True,2500,44,30.1,13030,13030,False,2,1155de478289f4a7d40687f87000848267619032,ok,,
scan,deterministic,fp32,4194304,0,0,,0,0.060928,0.004096,0.054592,1000,0.060928,0.06096,5,0.0,baseline_cub_scan,0.0,93.33,joined,True,stream,1,kDeterministic,ckl_scan,kLookback,,1,False,,,,,,,,pending ncu round,,50331648,,,,826.084,4194304,False,300304,,,0.000427246,0.002929688,CUBLAS_DEFAULT_MATH,,False,2497.0,True,2500,40,42.6,13030,13030,True,2,1155de478289f4a7d40687f87000848267619032,ok,,
scan,deterministic,fp32,4194304,0,0,,0,0.040064,0.011712,0.034528,1000,0.039872,0.041216,5,0.0,baseline_cub_scan,0.0,78.35,joined,False,stream,1,kDeterministic,ckl_scan,kLookback,,1,False,,,,,,,,pending ncu round,,50331648,,,,1256.281,4194304,False,300304,,,0.000427246,0.002929688,CUBLAS_DEFAULT_MATH,,False,2497.0,True,2500,35,31.5,13030,13030,False,2,1155de478289f4a7d40687f87000848267619032,ok,,
scan,deterministic,fp32,67108864,0,0,,0,1.355072,0.014384,1.331104,1000,1.355008,1.355072,5,0.0,baseline_cub_scan,0.0,68.69,joined,True,stream,1,kDeterministic,ckl_scan,kLookback,,1,False,,,,,,,,pending ncu round,,805306368,,,,594.29,67108864,False,300304,,,0.001708984,0.01171875,CUBLAS_DEFAULT_MATH,,False,2497.0,True,2500,42,109.1,13030,13030,True,2,1155de478289f4a7d40687f87000848267619032,ok,,
scan,deterministic,fp32,134217728,0,0,,0,2.7148,0.022464,2.689344,654,2.714016,2.71592,5,0.0,baseline_cub_scan,0.0,68.46,joined,True,stream,1,kDeterministic,ckl_scan,kLookback,,1,False,,,,,,,,pending ncu round,,1610612736,,,,593.271,134217728,False,300304,,,0.00390625,0.01657282,CUBLAS_DEFAULT_MATH,,False,2497.0,True,2500,42,113.8,13030,13030,True,2,1155de478289f4a7d40687f87000848267619032,ok,,
scan,deterministic,fp32,268435456,0,0,,0,5.41232,0.024768,5.38768,345,5.412256,5.414176,5,0.0,baseline_cub_scan,0.0,68.88,joined,True,stream,1,kDeterministic,ckl_scan,kLookback,,1,False,,,,,,,,pending ncu round,,3221225472,,,,595.165,268435456,False,300304,,,0.009765625,0.0234375,CUBLAS_DEFAULT_MATH,,False,2497.0,True,2500,41,113.9,13030,13030,True,2,1155de478289f4a7d40687f87000848267619032,ok,,
scan,hillis_steele,fp32,4096,0,0,,0,0.01168,0.001984,0.008352,1000,0.011616,0.011712,5,0.0,baseline_cub_scan,0.0,66.03,joined,True,stream,1,kHillisSteele,ckl_scan,kLookback,,1,False,,,,,,,,pending ncu round,,65536,,,,5.611,4096,False,300304,,,7.634e-06,9.1553e-05,CUBLAS_DEFAULT_MATH,,False,2497.0,True,2500,36,38.5,13030,13030,True,2,1155de478289f4a7d40687f87000848267619032,ok,,
scan,hillis_steele,fp32,4096,0,0,,0,0.003355,0.000102,0.003253,1000,0.003355,0.003357,5,0.0,baseline_cub_scan,0.0,84.65,joined,True,graph,20,kHillisSteele,ckl_scan,kLookback,,1,False,,,,,,,,pending ncu round,,65536,,,,19.533,4096,False,300304,,,7.634e-06,9.1553e-05,CUBLAS_DEFAULT_MATH,,False,2497.0,True,2500,37,39.9,13030,13030,False,2,1155de478289f4a7d40687f87000848267619032,ok,,
scan,hillis_steele,fp32,4096,0,0,,0,0.015872,0.017784,0.008448,1000,0.01568,0.01656,5,0.0,baseline_cub_scan,0.0,83.67,joined,False,stream,1,kHillisSteele,ckl_scan,kLookback,,1,False,,,,,,,,pending ncu round,,65536,,,,4.129,4096,False,300304,,,7.634e-06,9.1553e-05,CUBLAS_DEFAULT_MATH,,False,2497.0,True,2500,47,31.3,13030,13030,False,2,1155de478289f4a7d40687f87000848267619032,ok,,
scan,hillis_steele,fp32,4096,0,0,,0,0.019611,0.00216,0.015102,1000,0.019488,0.020015,5,0.0,baseline_cub_scan,0.0,66.4,joined,True,stream,20,kHillisSteele,ckl_scan,kLookback,,1,False,,,,,,,,pending ncu round,,65536,,,,3.342,4096,False,300304,,,7.634e-06,9.1553e-05,CUBLAS_DEFAULT_MATH,,False,2497.0,True,2500,38,42.3,13030,13030,False,2,1155de478289f4a7d40687f87000848267619032,ok,,
scan,hillis_steele,fp32,65536,0,0,,0,0.011776,0.001672,0.009504,1000,0.011776,0.011808,5,0.0,baseline_cub_scan,0.0,82.61,joined,True,stream,1,kHillisSteele,ckl_scan,kLookback,,1,False,,,,,,,,pending ncu round,,1048576,,,,89.043,65536,False,300304,,,3.0518e-05,0.000366211,CUBLAS_DEFAULT_MATH,,False,2497.0,True,2500,36,40.1,13030,13030,True,2,1155de478289f4a7d40687f87000848267619032,ok,,
scan,hillis_steele,fp32,65536,0,0,,0,0.004482,6e-06,0.004442,1000,0.00448,0.004482,5,0.0,baseline_cub_scan,0.0,97.28,joined,True,graph,20,kHillisSteele,ckl_scan,kLookback,,1,False,,,,,,,,pending ncu round,,1048576,,,,233.974,65536,False,300304,,,3.0518e-05,0.000366211,CUBLAS_DEFAULT_MATH,,False,2497.0,True,2500,39,41.0,13030,13030,False,2,1155de478289f4a7d40687f87000848267619032,ok,,
scan,hillis_steele,fp32,65536,0,0,,0,0.016768,0.019432,0.010944,1000,0.016512,0.017104,5,0.0,baseline_cub_scan,0.0,81.49,joined,False,stream,1,kHillisSteele,ckl_scan,kLookback,,1,False,,,,,,,,pending ncu round,,1048576,,,,62.534,65536,False,300304,,,3.0518e-05,0.000366211,CUBLAS_DEFAULT_MATH,,False,2497.0,True,2500,37,30.9,13030,13030,False,2,1155de478289f4a7d40687f87000848267619032,ok,,
scan,hillis_steele,fp32,65536,0,0,,0,0.019952,0.002148,0.015173,1000,0.019864,0.020304,5,0.0,baseline_cub_scan,0.0,68.6,joined,True,stream,20,kHillisSteele,ckl_scan,kLookback,,1,False,,,,,,,,pending ncu round,,1048576,,,,52.555,65536,False,300304,,,3.0518e-05,0.000366211,CUBLAS_DEFAULT_MATH,,False,2497.0,True,2500,37,45.6,13030,13030,False,2,1155de478289f4a7d40687f87000848267619032,ok,,
scan,hillis_steele,fp32,1048576,0,0,,0,0.044288,0.000512,0.040128,1000,0.044288,0.04432,5,0.0,baseline_cub_scan,0.0,40.53,joined,True,stream,1,kHillisSteele,ckl_scan,kLookback,,1,False,,,,,,,,pending ncu round,,16777216,,,,378.821,1048576,False,300304,,,0.000125408,0.001464844,CUBLAS_DEFAULT_MATH,,False,2497.0,True,2500,43,43.9,13030,13030,True,2,1155de478289f4a7d40687f87000848267619032,ok,,
scan,hillis_steele,fp32,1048576,0,0,,0,0.043392,0.002208,0.038784,1000,0.043136,0.043888,5,0.0,baseline_cub_scan,0.0,40.6,joined,False,stream,1,kHillisSteele,ckl_scan,kLookback,,1,False,,,,,,,,pending ncu round,,16777216,,,,386.643,1048576,False,300304,,,0.000125408,0.001464844,CUBLAS_DEFAULT_MATH,,False,2497.0,True,2500,36,30.4,13030,13030,False,2,1155de478289f4a7d40687f87000848267619032,ok,,
scan,hillis_steele,fp32,4194304,0,0,,0,0.11808,0.00016,0.11664,1000,0.118064,0.11808,5,0.0,baseline_cub_scan,0.0,48.16,joined,True,stream,1,kHillisSteele,ckl_scan,kLookback,,1,False,,,,,,,,pending ncu round,,67108864,,,,568.334,4194304,False,300304,,,0.000366211,0.002929688,CUBLAS_DEFAULT_MATH,,False,2497.0,True,2500,40,48.1,13030,13030,True,2,1155de478289f4a7d40687f87000848267619032,ok,,
scan,hillis_steele,fp32,4194304,0,0,,0,0.11248,0.002016,0.107104,1000,0.112064,0.112608,5,0.0,baseline_cub_scan,0.0,27.91,joined,False,stream,1,kHillisSteele,ckl_scan,kLookback,,1,False,,,,,,,,pending ncu round,,67108864,,,,596.629,4194304,False,300304,,,0.000366211,0.002929688,CUBLAS_DEFAULT_MATH,,False,2497.0,True,2500,36,34.2,13030,13030,False,2,1155de478289f4a7d40687f87000848267619032,ok,,
scan,hillis_steele,fp32,67108864,0,0,,0,2.13616,0.018272,2.12592,837,2.136096,2.136256,5,0.0,baseline_cub_scan,0.0,43.58,joined,True,stream,1,kHillisSteele,ckl_scan,kLookback,,1,False,,,,,,,,pending ncu round,,1073741824,,,,502.65,67108864,False,300304,,,0.001220703,0.01171875,CUBLAS_DEFAULT_MATH,,False,2497.0,True,2500,44,122.4,13030,13030,True,2,1155de478289f4a7d40687f87000848267619032,ok,,
scan,hillis_steele,fp32,134217728,0,0,,0,4.2488,0.032896,4.22592,433,4.24872,4.250784,5,0.0,baseline_cub_scan,0.0,43.74,joined,True,stream,1,kHillisSteele,ckl_scan,kLookback,,1,False,,,,,,,,pending ncu round,,2147483648,,,,505.433,134217728,False,300304,,,0.001953125,0.01657282,CUBLAS_DEFAULT_MATH,,False,2497.0,True,2500,43,123.5,13030,13030,True,2,1155de478289f4a7d40687f87000848267619032,ok,,
scan,hillis_steele,fp32,268435456,0,0,,0,8.422592,0.23588,8.393824,224,8.420704,8.424928,5,0.0,baseline_cub_scan,0.0,44.26,joined,True,stream,1,kHillisSteele,ckl_scan,kLookback,,1,False,,,,,,,,pending ncu round,,4294967296,,,,509.934,268435456,False,300304,,,0.00390625,0.0234375,CUBLAS_DEFAULT_MATH,,False,2497.0,True,2500,44,124.6,13030,13030,True,2,1155de478289f4a7d40687f87000848267619032,ok,,
scan,lookback,fp32,4096,0,0,,0,0.008704,9.6e-05,0.008096,1000,0.008672,0.008704,5,0.0,baseline_cub_scan,0.0,88.6,joined,True,stream,1,kLookback,ckl_scan,kLookback,,1,False,,,,,,,,pending ncu round,,32864,,,,3.776,4096,False,300304,,,1.5268e-05,9.1553e-05,CUBLAS_DEFAULT_MATH,,False,2497.0,True,2500,35,40.7,13030,13030,True,2,1155de478289f4a7d40687f87000848267619032,ok,,
scan,lookback,fp32,4096,0,0,,0,0.017709,0.002411,0.012998,1000,0.01746,0.018044,5,0.0,baseline_cub_scan,0.0,16.04,joined,True,graph,20,kLookback,ckl_scan,kLookback,,1,False,,,,,,,,pending ncu round,,32864,,,,1.856,4096,False,300304,,,1.5268e-05,9.1553e-05,CUBLAS_DEFAULT_MATH,,False,2497.0,True,2500,44,42.1,13030,13030,False,2,1155de478289f4a7d40687f87000848267619032,ok,,
scan,lookback,fp32,4096,0,0,,0,0.014896,0.021416,0.006784,1000,0.014624,0.015104,5,0.0,baseline_cub_scan,0.0,89.15,joined,False,stream,1,kLookback,ckl_scan,kLookback,,1,False,,,,,,,,pending ncu round,,32864,,,,2.206,4096,False,300304,,,1.5268e-05,9.1553e-05,CUBLAS_DEFAULT_MATH,,False,2497.0,True,2500,35,30.3,13030,13030,False,2,1155de478289f4a7d40687f87000848267619032,ok,,
scan,lookback,fp32,4096,0,0,,0,0.016861,0.002416,0.012181,1000,0.01649,0.017478,5,0.0,baseline_cub_scan,0.0,77.23,joined,True,stream,20,kLookback,ckl_scan,kLookback,,1,False,,,,,,,,pending ncu round,,32864,,,,1.949,4096,False,300304,,,1.5268e-05,9.1553e-05,CUBLAS_DEFAULT_MATH,,False,2497.0,True,2500,39,42.5,13030,13030,False,2,1155de478289f4a7d40687f87000848267619032,ok,,
scan,lookback,fp32,65536,0,0,,0,0.008704,0.000128,0.008256,1000,0.008704,0.008736,5,0.0,baseline_cub_scan,0.0,111.76,joined,True,stream,1,kLookback,ckl_scan,kLookback,,1,False,,,,,,,,pending ncu round,,525824,,,,60.412,65536,False,300304,,,6.1036e-05,0.000366211,CUBLAS_DEFAULT_MATH,,False,2497.0,True,2500,47,41.8,13030,13030,True,2,1155de478289f4a7d40687f87000848267619032,ok,,
scan,lookback,fp32,65536,0,0,,0,0.017746,0.002658,0.012043,1000,0.016842,0.018076,5,0.0,baseline_cub_scan,0.0,24.57,joined,True,graph,20,kLookback,ckl_scan,kLookback,,1,False,,,,,,,,pending ncu round,,525824,,,,29.63,65536,False,300304,,,6.1036e-05,0.000366211,CUBLAS_DEFAULT_MATH,,False,2497.0,True,2500,36,43.0,13030,13030,False,2,1155de478289f4a7d40687f87000848267619032,ok,,
scan,lookback,fp32,65536,0,0,,0,0.015168,0.0216,0.00704,1000,0.014992,0.01568,5,0.0,baseline_cub_scan,0.0,90.08,joined,False,stream,1,kLookback,ckl_scan,kLookback,,1,False,,,,,,,,pending ncu round,,525824,,,,34.667,65536,False,300304,,,6.1036e-05,0.000366211,CUBLAS_DEFAULT_MATH,,False,2497.0,True,2500,36,30.8,13030,13030,False,2,1155de478289f4a7d40687f87000848267619032,ok,,
scan,lookback,fp32,65536,0,0,,0,0.016876,0.002603,0.011739,1000,0.016403,0.018498,5,0.0,baseline_cub_scan,0.0,81.1,joined,True,stream,20,kLookback,ckl_scan,kLookback,,1,False,,,,,,,,pending ncu round,,525824,,,,31.158,65536,False,300304,,,6.1036e-05,0.000366211,CUBLAS_DEFAULT_MATH,,False,2497.0,True,2500,37,42.9,13030,13030,False,2,1155de478289f4a7d40687f87000848267619032,ok,,
scan,lookback,fp32,1048576,0,0,,0,0.022016,0.000384,0.019808,1000,0.022016,0.022048,5,0.0,baseline_cub_scan,0.0,81.54,joined,True,stream,1,kLookback,ckl_scan,kLookback,,1,False,,,,,,,,pending ncu round,,8413184,,,,382.14,1048576,False,300304,,,0.000183106,0.001464844,CUBLAS_DEFAULT_MATH,,False,2497.0,True,2500,46,42.6,13030,13030,True,2,1155de478289f4a7d40687f87000848267619032,ok,,
scan,lookback,fp32,1048576,0,0,,0,0.023872,0.016352,0.017472,1000,0.023072,0.024304,5,0.0,baseline_cub_scan,0.0,73.79,joined,False,stream,1,kLookback,ckl_scan,kLookback,,1,False,,,,,,,,pending ncu round,,8413184,,,,352.429,1048576,False,300304,,,0.000183106,0.001464844,CUBLAS_DEFAULT_MATH,,False,2497.0,True,2500,46,33.1,13030,13030,False,2,1155de478289f4a7d40687f87000848267619032,ok,,
scan,lookback,fp32,4194304,0,0,,0,0.071104,0.00208,0.053088,1000,0.06928,0.071168,5,0.0,baseline_cub_scan,0.0,79.97,joined,True,stream,1,kLookback,ckl_scan,kLookback,,1,False,,,,,,,,pending ncu round,,33652736,,,,473.289,4194304,False,300304,,,0.000610352,0.002929688,CUBLAS_DEFAULT_MATH,,False,2497.0,True,2500,37,43.6,13030,13030,True,2,1155de478289f4a7d40687f87000848267619032,ok,,
scan,lookback,fp32,4194304,0,0,,0,0.044928,0.012416,0.03856,1000,0.044384,0.045056,5,0.0,baseline_cub_scan,0.0,69.87,joined,False,stream,1,kLookback,ckl_scan,kLookback,,1,False,,,,,,,,pending ncu round,,33652736,,,,749.037,4194304,False,300304,,,0.000427246,0.002929688,CUBLAS_DEFAULT_MATH,,False,2497.0,True,2500,36,31.6,13030,13030,False,2,1155de478289f4a7d40687f87000848267619032,ok,,
scan,lookback,fp32,67108864,0,0,,0,0.988704,0.006176,0.95312,1000,0.988704,0.988704,5,0.0,baseline_cub_scan,0.0,94.15,joined,True,stream,1,kLookback,ckl_scan,kLookback,,1,False,,,,,,,,pending ncu round,,538443776,,,,544.596,67108864,False,300304,,,0.002685547,0.01171875,CUBLAS_DEFAULT_MATH,,False,2497.0,True,2500,48,107.6,13030,13030,True,2,1155de478289f4a7d40687f87000848267619032,ok,,
scan,lookback,fp32,134217728,0,0,,0,1.966224,0.01176,1.94368,886,1.962624,1.96656,5,0.0,baseline_cub_scan,0.0,94.52,joined,True,stream,1,kLookback,ckl_scan,kLookback,,1,False,,,,,,,,pending ncu round,,1076887552,,,,547.693,134217728,False,300304,,,0.02050781,0.09657448,CUBLAS_DEFAULT_MATH,,False,2497.0,True,2500,52,111.0,13030,13030,True,2,1155de478289f4a7d40687f87000848267619032,ok,,"re-run after the Part 15b scan tolerance fix; stamped with the sweep commit because the fix changed only ckl::scan_tolerance, the verifier that decides whether a kernel may be timed, and nothing in the kernels, the plan or the timing path. Spot check: scan lookback fp32 2^26 re-measured 0.99061 ms against the campaign row 0.98870 ms, 0.19 percent apart."
scan,lookback,fp32,268435456,0,0,,0,3.904,0.009712,3.873344,479,3.902016,3.905952,5,0.0,baseline_cub_scan,0.0,95.49,joined,True,stream,1,kLookback,ckl_scan,kLookback,,1,False,,,,,,,,pending ncu round,,2153775104,,,,551.684,268435456,False,300304,,,0.046875,0.1834336,CUBLAS_DEFAULT_MATH,,False,2497.0,True,2500,52,113.2,13030,13030,True,2,1155de478289f4a7d40687f87000848267619032,ok,,"re-run after the Part 15b scan tolerance fix; stamped with the sweep commit because the fix changed only ckl::scan_tolerance, the verifier that decides whether a kernel may be timed, and nothing in the kernels, the plan or the timing path. Spot check: scan lookback fp32 2^26 re-measured 0.99061 ms against the campaign row 0.98870 ms, 0.19 percent apart."
scan,reduce_then_scan,fp32,4096,0,0,,0,0.01376,0.000128,0.012768,1000,0.01376,0.013792,5,0.0,baseline_cub_scan,0.0,56.05,joined,True,stream,1,kReduceThenScan,ckl_scan,kLookback,,1,False,,,,,,,,pending ncu round,,49152,,,,3.572,4096,False,300304,,,1.5268e-05,9.1553e-05,CUBLAS_DEFAULT_MATH,,False,2497.0,True,2500,40,38.8,13030,13030,True,2,1155de478289f4a7d40687f87000848267619032,ok,,
scan,reduce_then_scan,fp32,4096,0,0,,0,0.005096,6e-06,0.005042,1000,0.005094,0.005096,5,0.0,baseline_cub_scan,0.0,55.73,joined,True,graph,20,kReduceThenScan,ckl_scan,kLookback,,1,False,,,,,,,,pending ncu round,,49152,,,,9.645,4096,False,300304,,,1.5268e-05,9.1553e-05,CUBLAS_DEFAULT_MATH,,False,2497.0,True,2500,38,41.2,13030,13030,False,2,1155de478289f4a7d40687f87000848267619032,ok,,
scan,reduce_then_scan,fp32,4096,0,0,,0,0.025504,0.018208,0.011648,1000,0.016784,0.02968,5,0.0,baseline_cub_scan,0.0,52.07,joined,False,stream,1,kReduceThenScan,ckl_scan,kLookback,,1,False,,,,,,,,pending ncu round,,49152,,,,1.927,4096,False,300304,,,1.5268e-05,9.1553e-05,CUBLAS_DEFAULT_MATH,,False,2497.0,True,2500,40,30.3,13030,13030,False,2,1155de478289f4a7d40687f87000848267619032,ok,,
scan,reduce_then_scan,fp32,4096,0,0,,0,0.020934,0.002181,0.015208,1000,0.020622,0.021227,5,0.0,baseline_cub_scan,0.0,62.2,joined,True,stream,20,kReduceThenScan,ckl_scan,kLookback,,1,False,,,,,,,,pending ncu round,,49152,,,,2.348,4096,False,300304,,,1.5268e-05,9.1553e-05,CUBLAS_DEFAULT_MATH,,False,2497.0,True,2500,48,45.7,13030,13030,False,2,1155de478289f4a7d40687f87000848267619032,ok,,
scan,reduce_then_scan,fp32,65536,0,0,,0,0.015328,0.002016,0.01296,1000,0.015248,0.015424,5,0.0,baseline_cub_scan,0.0,63.47,joined,True,stream,1,kReduceThenScan,ckl_scan,kLookback,,1,False,,,,,,,,pending ncu round,,786432,,,,51.307,65536,False,300304,,,6.1036e-05,0.000366211,CUBLAS_DEFAULT_MATH,,False,2497.0,True,2500,35,42.1,13030,13030,True,2,1155de478289f4a7d40687f87000848267619032,ok,,
scan,reduce_then_scan,fp32,65536,0,0,,0,0.005197,1e-05,0.005082,1000,0.005197,0.005197,5,0.0,baseline_cub_scan,0.0,83.89,joined,True,graph,20,kReduceThenScan,ckl_scan,kLookback,,1,False,,,,,,,,pending ncu round,,786432,,,,151.33,65536,False,300304,,,6.1036e-05,0.000366211,CUBLAS_DEFAULT_MATH,,False,2497.0,True,2500,35,41.4,13030,13030,False,2,1155de478289f4a7d40687f87000848267619032,ok,,
scan,reduce_then_scan,fp32,65536,0,0,,0,0.016736,0.002816,0.011392,1000,0.016256,0.017984,5,0.0,baseline_cub_scan,0.0,81.64,joined,False,stream,1,kReduceThenScan,ckl_scan,kLookback,,1,False,,,,,,,,pending ncu round,,786432,,,,46.99,65536,False,300304,,,6.1036e-05,0.000366211,CUBLAS_DEFAULT_MATH,,False,2497.0,True,2500,36,30.5,13030,13030,False,2,1155de478289f4a7d40687f87000848267619032,ok,,
scan,reduce_then_scan,fp32,65536,0,0,,0,0.02091,0.002418,0.015539,1000,0.020644,0.021165,5,0.0,baseline_cub_scan,0.0,65.46,joined,True,stream,20,kReduceThenScan,ckl_scan,kLookback,,1,False,,,,,,,,pending ncu round,,786432,,,,37.61,65536,False,300304,,,6.1036e-05,0.000366211,CUBLAS_DEFAULT_MATH,,False,2497.0,True,2500,37,44.2,13030,13030,False,2,1155de478289f4a7d40687f87000848267619032,ok,,
scan,reduce_then_scan,fp32,1048576,0,0,,0,0.026016,0.000384,0.02352,1000,0.025984,0.026016,5,0.0,baseline_cub_scan,0.0,69.0,joined,True,stream,1,kReduceThenScan,ckl_scan,kLookback,,1,False,,,,,,,,pending ncu round,,12582912,,,,483.661,1048576,False,300304,,,0.000152588,0.001464844,CUBLAS_DEFAULT_MATH,,False,2497.0,True,2500,35,41.2,13030,13030,True,2,1155de478289f4a7d40687f87000848267619032,ok,,
scan,reduce_then_scan,fp32,1048576,0,0,,0,0.022944,0.00576,0.017504,1000,0.022336,0.032624,5,0.0,baseline_cub_scan,0.0,76.78,joined,False,stream,1,kReduceThenScan,ckl_scan,kLookback,,1,False,,,,,,,,pending ncu round,,12582912,,,,548.418,1048576,False,300304,,,0.000152588,0.001464844,CUBLAS_DEFAULT_MATH,,False,2497.0,True,2500,45,31.2,13030,13030,False,2,1155de478289f4a7d40687f87000848267619032,ok,,
scan,reduce_then_scan,fp32,4194304,0,0,,0,0.060896,0.00208,0.0552,1000,0.058848,0.060992,5,0.0,baseline_cub_scan,0.0,93.38,joined,True,stream,1,kReduceThenScan,ckl_scan,kLookback,,1,False,,,,,,,,pending ncu round,,50331648,,,,826.518,4194304,False,300304,,,0.000427246,0.002929688,CUBLAS_DEFAULT_MATH,,False,2497.0,True,2500,37,44.9,13030,13030,True,2,1155de478289f4a7d40687f87000848267619032,ok,,
scan,reduce_then_scan,fp32,4194304,0,0,,0,0.040544,0.01316,0.0344,1000,0.04032,0.05376,5,0.0,baseline_cub_scan,0.0,77.43,joined,False,stream,1,kReduceThenScan,ckl_scan,kLookback,,1,False,,,,,,,,pending ncu round,,50331648,,,,1241.408,4194304,False,300304,,,0.000427246,0.002929688,CUBLAS_DEFAULT_MATH,,False,2497.0,True,2500,35,32.7,13030,13030,False,2,1155de478289f4a7d40687f87000848267619032,ok,,
scan,reduce_then_scan,fp32,67108864,0,0,,0,1.355264,0.016264,1.335136,1000,1.3552,1.355712,5,0.0,baseline_cub_scan,0.0,68.68,joined,True,stream,1,kReduceThenScan,ckl_scan,kLookback,,1,False,,,,,,,,pending ncu round,,805306368,,,,594.206,67108864,False,300304,,,0.001708984,0.01171875,CUBLAS_DEFAULT_MATH,,False,2497.0,True,2500,42,112.5,13030,13030,True,2,1155de478289f4a7d40687f87000848267619032,ok,,
scan,reduce_then_scan,fp32,134217728,0,0,,0,2.714032,0.022408,2.689344,656,2.714,2.715968,5,0.0,baseline_cub_scan,0.0,68.48,joined,True,stream,1,kReduceThenScan,ckl_scan,kLookback,,1,False,,,,,,,,pending ncu round,,1610612736,,,,593.439,134217728,False,300304,,,0.00390625,0.01657282,CUBLAS_DEFAULT_MATH,,False,2497.0,True,2500,41,112.6,13030,13030,True,2,1155de478289f4a7d40687f87000848267619032,ok,,
scan,reduce_then_scan,fp32,268435456,0,0,,0,5.412304,0.02044,5.385056,346,5.41216,5.414304,5,0.0,baseline_cub_scan,0.0,68.88,joined,True,stream,1,kReduceThenScan,ckl_scan,kLookback,,1,False,,,,,,,,pending ncu round,,3221225472,,,,595.167,268435456,False,300304,,,0.009765625,0.0234375,CUBLAS_DEFAULT_MATH,,False,2497.0,True,2500,41,114.0,13030,13030,True,2,1155de478289f4a7d40687f87000848267619032,ok,,
scan,three_kernel,fp32,4096,0,0,,0,0.013792,0.000128,0.013024,1000,0.01376,0.013792,5,0.0,baseline_cub_scan,0.0,55.92,joined,True,stream,1,kThreeKernel,ckl_scan,kLookback,,1,False,,,,,,,,pending ncu round,,65536,,,,4.752,4096,False,300304,,,1.1451e-05,9.1553e-05,CUBLAS_DEFAULT_MATH,,False,2497.0,True,2500,36,39.9,13030,13030,True,2,1155de478289f4a7d40687f87000848267619032,ok,,
scan,three_kernel,fp32,4096,0,0,,0,0.004787,6e-06,0.004677,1000,0.004787,0.004787,5,0.0,baseline_cub_scan,0.0,59.33,joined,True,graph,20,kThreeKernel,ckl_scan,kLookback,,1,False,,,,,,,,pending ncu round,,65536,,,,13.69,4096,False,300304,,,1.1451e-05,9.1553e-05,CUBLAS_DEFAULT_MATH,,False,2497.0,True,2500,42,40.0,13030,13030,False,2,1155de478289f4a7d40687f87000848267619032,ok,,
scan,three_kernel,fp32,4096,0,0,,0,0.017488,0.016616,0.01232,1000,0.01712,0.017632,5,0.0,baseline_cub_scan,0.0,75.94,joined,False,stream,1,kThreeKernel,ckl_scan,kLookback,,1,False,,,,,,,,pending ncu round,,65536,,,,3.747,4096,False,300304,,,1.1451e-05,9.1553e-05,CUBLAS_DEFAULT_MATH,,False,2497.0,True,2500,37,29.5,13030,13030,False,2,1155de478289f4a7d40687f87000848267619032,ok,,
scan,three_kernel,fp32,4096,0,0,,0,0.020652,0.00232,0.014706,1000,0.020633,0.020746,5,0.0,baseline_cub_scan,0.0,63.05,joined,True,stream,20,kThreeKernel,ckl_scan,kLookback,,1,False,,,,,,,,pending ncu round,,65536,,,,3.173,4096,False,300304,,,1.1451e-05,9.1553e-05,CUBLAS_DEFAULT_MATH,,False,2497.0,True,2500,37,43.4,13030,13030,False,2,1155de478289f4a7d40687f87000848267619032,ok,,
scan,three_kernel,fp32,65536,0,0,,0,0.015776,0.000832,0.013184,1000,0.015744,0.015776,5,0.0,baseline_cub_scan,0.0,61.66,joined,True,stream,1,kThreeKernel,ckl_scan,kLookback,,1,False,,,,,,,,pending ncu round,,1048576,,,,66.467,65536,False,300304,,,3.0518e-05,0.000366211,CUBLAS_DEFAULT_MATH,,False,2497.0,True,2500,36,39.1,13030,13030,True,2,1155de478289f4a7d40687f87000848267619032,ok,,
scan,three_kernel,fp32,65536,0,0,,0,0.004891,6e-06,0.004768,1000,0.00489,0.004891,5,0.0,baseline_cub_scan,0.0,89.14,joined,True,graph,20,kThreeKernel,ckl_scan,kLookback,,1,False,,,,,,,,pending ncu round,,1048576,,,,214.38,65536,False,300304,,,3.0518e-05,0.000366211,CUBLAS_DEFAULT_MATH,,False,2497.0,True,2500,35,41.6,13030,13030,False,2,1155de478289f4a7d40687f87000848267619032,ok,,
scan,three_kernel,fp32,65536,0,0,,0,0.017248,0.015608,0.012288,1000,0.017104,0.017488,5,0.0,baseline_cub_scan,0.0,79.22,joined,False,stream,1,kThreeKernel,ckl_scan,kLookback,,1,False,,,,,,,,pending ncu round,,1048576,,,,60.794,65536,False,300304,,,3.0518e-05,0.000366211,CUBLAS_DEFAULT_MATH,,False,2497.0,True,2500,37,29.4,13030,13030,False,2,1155de478289f4a7d40687f87000848267619032,ok,,
scan,three_kernel,fp32,65536,0,0,,0,0.021159,0.002363,0.015795,1000,0.020697,0.022742,5,0.0,baseline_cub_scan,0.0,64.69,joined,True,stream,20,kThreeKernel,ckl_scan,kLookback,,1,False,,,,,,,,pending ncu round,,1048576,,,,49.557,65536,False,300304,,,3.0518e-05,0.000366211,CUBLAS_DEFAULT_MATH,,False,2497.0,True,2500,35,44.8,13030,13030,False,2,1155de478289f4a7d40687f87000848267619032,ok,,
scan,three_kernel,fp32,1048576,0,0,,0,0.024,0.000128,0.02176,1000,0.024,0.024,5,0.0,baseline_cub_scan,0.0,74.8,joined,True,stream,1,kThreeKernel,ckl_scan,kLookback,,1,False,,,,,,,,pending ncu round,,16777216,,,,699.051,1048576,False,300304,,,0.00012207,0.001464844,CUBLAS_DEFAULT_MATH,,False,2497.0,True,2500,36,40.3,13030,13030,True,2,1155de478289f4a7d40687f87000848267619032,ok,,
scan,three_kernel,fp32,1048576,0,0,,0,0.022688,0.01268,0.017824,1000,0.0224,0.022816,5,0.0,baseline_cub_scan,0.0,77.64,joined,False,stream,1,kThreeKernel,ckl_scan,kLookback,,1,False,,,,,,,,pending ncu round,,16777216,,,,739.475,1048576,False,300304,,,0.00012207,0.001464844,CUBLAS_DEFAULT_MATH,,False,2497.0,True,2500,36,30.9,13030,13030,False,2,1155de478289f4a7d40687f87000848267619032,ok,,
scan,three_kernel,fp32,4194304,0,0,,0,0.077248,0.00208,0.0592,1000,0.077248,0.07728,5,0.0,baseline_cub_scan,0.0,73.61,joined,True,stream,1,kThreeKernel,ckl_scan,kLookback,,1,False,,,,,,,,pending ncu round,,67108864,,,,868.746,4194304,False,300304,,,0.000305176,0.002929688,CUBLAS_DEFAULT_MATH,,False,2497.0,True,2500,36,45.7,13030,13030,True,2,1155de478289f4a7d40687f87000848267619032,ok,,
scan,three_kernel,fp32,4194304,0,0,,0,0.041312,0.00228,0.037408,1000,0.041056,0.041472,5,0.0,baseline_cub_scan,0.0,75.99,joined,False,stream,1,kThreeKernel,ckl_scan,kLookback,,1,False,,,,,,,,pending ncu round,,67108864,,,,1624.44,4194304,False,300304,,,0.000305176,0.002929688,CUBLAS_DEFAULT_MATH,,False,2497.0,True,2500,43,32.2,13030,13030,False,2,1155de478289f4a7d40687f87000848267619032,ok,,
scan,three_kernel,fp32,67108864,0,0,,0,1.856896,0.022528,1.834912,946,1.856768,1.858944,5,0.0,baseline_cub_scan,0.0,50.13,joined,True,stream,1,kThreeKernel,ckl_scan,kLookback,,1,False,,,,,,,,pending ncu round,,1073741824,,,,578.246,67108864,False,300304,,,0.001220703,0.01171875,CUBLAS_DEFAULT_MATH,,False,2497.0,True,2500,42,103.0,13030,13030,True,2,1155de478289f4a7d40687f87000848267619032,ok,,
scan,three_kernel,fp32,134217728,0,0,,0,3.72288,0.010128,3.67408,500,3.721568,3.725728,5,0.0,baseline_cub_scan,0.0,49.92,joined,True,stream,1,kThreeKernel,ckl_scan,kLookback,,1,False,,,,,,,,pending ncu round,,2147483648,,,,576.834,134217728,False,300304,,,0.001953125,0.01657282,CUBLAS_DEFAULT_MATH,,False,2497.0,True,2500,43,103.6,13030,13030,True,2,1155de478289f4a7d40687f87000848267619032,ok,,
scan,three_kernel,fp32,268435456,0,0,,0,7.444864,0.223752,7.399392,254,7.444352,7.44656,5,0.0,baseline_cub_scan,0.0,50.07,joined,True,stream,1,kThreeKernel,ckl_scan,kLookback,,1,False,,,,,,,,pending ncu round,,4294967296,,,,576.903,268435456,False,300304,,,0.00390625,0.0234375,CUBLAS_DEFAULT_MATH,,False,2497.0,True,2500,41,107.0,13030,13030,True,2,1155de478289f4a7d40687f87000848267619032,ok,,
spmv,baseline_cusparse_alg2,fp32,62451,62451,0,cant,4007383,0.07312,0.002056,0.068928,1000,0.07312,0.074976,5,109.611,baseline_cusparse_default,96.036,114.14,joined,True,stream,1,kCusparseAlg2,ckl_spmv,kCsrWarp,,1,False,1.0272,4116320,32,256,4,32808480,48588208,pending ncu round,False,,,,,,,,,,,1.56e-07,8.423e-06,CUBLAS_DEFAULT_MATH,,False,2497.0,True,2500,37,44.5,13030,13030,True,2,1155de478289f4a7d40687f87000848267619032,ok,,
spmv,baseline_cusparse_alg2,fp32,62451,62451,0,cant,4007383,0.07368,0.020136,0.066496,1000,0.072304,0.091584,5,108.778,baseline_cusparse_default,154.989,70.18,joined,False,stream,1,kCusparseAlg2,ckl_spmv,kCsrWarp,,1,False,1.0272,4116320,32,256,4,32808480,48588208,pending ncu round,False,,,,,,,,,,,1.56e-07,8.423e-06,CUBLAS_DEFAULT_MATH,,False,2497.0,True,2500,35,36.0,13030,13030,False,2,1155de478289f4a7d40687f87000848267619032,ok,,
spmv,baseline_cusparse_alg2,fp32,525825,525825,0,mc2depi,2100225,0.056704,0.001984,0.053888,1000,0.056704,0.056736,5,74.077,baseline_cusparse_default,60.77,121.9,joined,True,stream,1,kCusparseAlg2,ckl_spmv,kCsrVector,,1,False,1.0015,2103296,4,256,2,23111704,29409304,pending ncu round,False,,,,,,,,,,,2.31e-07,1.907e-06,CUBLAS_DEFAULT_MATH,,False,2497.0,True,2500,41,45.8,13030,13030,True,2,1155de478289f4a7d40687f87000848267619032,ok,,
spmv,baseline_cusparse_alg2,fp32,525825,525825,0,mc2depi,2100225,0.049056,0.003008,0.036256,1000,0.04752,0.050368,5,85.626,baseline_cusparse_default,88.156,97.13,joined,False,stream,1,kCusparseAlg2,ckl_spmv,kCsrVector,,1,False,1.0015,2103296,4,256,2,23111704,29409304,pending ncu round,False,,,,,,,,,,,2.31e-07,1.907e-06,CUBLAS_DEFAULT_MATH,,False,2497.0,True,2500,36,33.4,13030,13030,False,2,1155de478289f4a7d40687f87000848267619032,ok,,
spmv,baseline_cusparse_alg2,fp32,525825,525825,0,parabolic_fem,3674625,0.079232,0.001928,0.075136,1000,0.079232,0.079264,5,92.756,baseline_cusparse_default,80.669,114.98,joined,True,stream,1,kCusparseAlg2,ckl_spmv,kCsrVector,,1,False,1.0002,3675424,8,256,2,35706904,48302104,pending ncu round,False,,,,,,,,,,,2.83e-07,2.523e-06,CUBLAS_DEFAULT_MATH,,False,2497.0,True,2500,38,46.4,13030,13030,True,2,1155de478289f4a7d40687f87000848267619032,ok,,
spmv,baseline_cusparse_alg2,fp32,525825,525825,0,parabolic_fem,3674625,0.069664,0.002528,0.063936,1000,0.069296,0.070368,5,105.496,baseline_cusparse_default,107.824,97.84,joined,False,stream,1,kCusparseAlg2,ckl_spmv,kCsrVector,,1,False,1.0002,3675424,8,256,2,35706904,48302104,pending ncu round,False,,,,,,,,,,,2.83e-07,2.523e-06,CUBLAS_DEFAULT_MATH,,False,2497.0,True,2500,36,34.3,13030,13030,False,2,1155de478289f4a7d40687f87000848267619032,ok,,
spmv,baseline_cusparse_alg2,fp32,36417,36417,0,pdb1HYS,4344765,0.076736,0.00192,0.074912,1000,0.075456,0.076928,5,113.239,baseline_cusparse_default,99.323,114.01,joined,True,stream,1,kCusparseAlg2,ckl_spmv,kCsrWarp,,1,False,1.0648,4626336,32,256,4,35195128,52428520,pending ncu round,False,,,,,,,,,,,1.98e-07,1.3621e-05,CUBLAS_DEFAULT_MATH,,False,2497.0,True,2500,35,47.8,13030,13030,True,2,1155de478289f4a7d40687f87000848267619032,ok,,
spmv,baseline_cusparse_alg2,fp32,36417,36417,0,pdb1HYS,4344765,0.094368,0.020288,0.071008,1000,0.075808,0.094848,5,92.081,baseline_cusparse_default,119.572,77.01,joined,False,stream,1,kCusparseAlg2,ckl_spmv,kCsrWarp,,1,False,1.0648,4626336,32,256,4,35195128,52428520,pending ncu round,False,,,,,,,,,,,1.98e-07,1.3621e-05,CUBLAS_DEFAULT_MATH,,False,2497.0,True,2500,36,35.2,13030,13030,False,2,1155de478289f4a7d40687f87000848267619032,ok,,
spmv,baseline_cusparse_alg2,fp32,170998,170998,0,scircuit,958936,0.034144,0.002016,0.03008,1000,0.034144,0.034176,5,56.17,baseline_cusparse_default,41.391,135.71,joined,True,stream,1,kCusparseAlg2,ckl_spmv,kMerge,,1,False,1.0578,1014336,8,8192,2,9723468,12875220,pending ncu round,True,,,,,,,,,,,2.53e-07,1.7918e-05,CUBLAS_DEFAULT_MATH,,False,2497.0,True,2500,35,40.7,13030,13030,True,2,1155de478289f4a7d40687f87000848267619032,ok,,
spmv,baseline_cusparse_alg2,fp32,170998,170998,0,scircuit,958936,0.028384,0.002944,0.020864,1000,0.02792,0.02928,5,67.569,baseline_cusparse_default,63.556,106.31,joined,False,stream,1,kCusparseAlg2,ckl_spmv,kMerge,,1,False,1.0578,1014336,8,8192,2,9723468,12875220,pending ncu round,True,,,,,,,,,,,2.53e-07,1.7918e-05,CUBLAS_DEFAULT_MATH,,False,2497.0,True,2500,41,32.2,13030,13030,False,2,1155de478289f4a7d40687f87000848267619032,ok,,
spmv,baseline_cusparse_alg2,fp32,4847571,4847571,0,soc-LiveJournal1,68993773,1.582624,0.004096,1.552032,1000,1.58256,1.58304,5,87.189,baseline_cusparse_default,89.6,97.31,joined,True,stream,1,kCusparseAlg2,ckl_spmv,kMerge,,1,False,1.09,75204704,16,8192,0,610121040,866705848,pending ncu round,True,,,,,,,,,,,2.37e-07,0.000135854,CUBLAS_DEFAULT_MATH,,False,2497.0,True,2500,44,136.8,13030,13030,True,2,1155de478289f4a7d40687f87000848267619032,ok,,
spmv,baseline_cusparse_alg2,fp32,4847571,4847571,0,soc-LiveJournal1,68993773,1.44384,0.011432,1.4352,1000,1.443616,1.44704,5,95.57,baseline_cusparse_default,94.815,100.8,joined,False,stream,1,kCusparseAlg2,ckl_spmv,kMerge,,1,False,1.09,75204704,16,8192,0,610121040,866705848,pending ncu round,True,,,,,,,,,,,2.37e-07,0.000135854,CUBLAS_DEFAULT_MATH,,False,2497.0,True,2500,44,146.8,13030,13030,False,2,1155de478289f4a7d40687f87000848267619032,ok,,
spmv,baseline_cusparse_alg2,fp32,131072,131072,0,synthetic:131072:seed1,3861228,0.128448,0.001952,0.11872,1000,0.128448,0.12848,5,60.121,baseline_cusparse_default,63.092,95.29,joined,True,stream,1,kCusparseAlg2,ckl_spmv,kMerge,,1,False,1.0609,4096448,32,8192,2,32462692,47383316,pending ncu round,True,,,,,,,,,,,2.25e-07,3.0143e-05,CUBLAS_DEFAULT_MATH,,False,2497.0,True,2500,35,48.8,13030,13030,True,2,1155de478289f4a7d40687f87000848267619032,ok,,
spmv,baseline_cusparse_alg2,fp32,131072,131072,0,synthetic:131072:seed1,3861228,0.123072,0.01876,0.110112,1000,0.11872,0.137824,5,62.747,baseline_cusparse_default,68.539,91.55,joined,False,stream,1,kCusparseAlg2,ckl_spmv,kMerge,,1,False,1.0609,4096448,32,8192,2,32462692,47383316,pending ncu round,True,,,,,,,,,,,2.25e-07,3.0143e-05,CUBLAS_DEFAULT_MATH,,False,2497.0,True,2500,35,39.3,13030,13030,False,2,1155de478289f4a7d40687f87000848267619032,ok,,
spmv,baseline_cusparse_alg2,fp32,131072,131072,0,synthetic:131072:seed2,3814798,0.128416,0.00016,0.118688,1000,0.128384,0.128416,5,59.413,baseline_cusparse_default,62.382,95.24,joined,True,stream,1,kCusparseAlg2,ckl_spmv,kMerge,,1,False,1.0657,4065280,32,8192,2,32091252,46826156,pending ncu round,True,,,,,,,,,,,1.93e-07,3.0143e-05,CUBLAS_DEFAULT_MATH,,False,2497.0,True,2500,36,52.6,13030,13030,True,2,1155de478289f4a7d40687f87000848267619032,ok,,
spmv,baseline_cusparse_alg2,fp32,131072,131072,0,synthetic:131072:seed2,3814798,0.119552,0.018272,0.11264,1000,0.118208,0.136352,5,63.818,baseline_cusparse_default,67.715,94.24,joined,False,stream,1,kCusparseAlg2,ckl_spmv,kMerge,,1,False,1.0657,4065280,32,8192,2,32091252,46826156,pending ncu round,True,,,,,,,,,,,1.93e-07,3.0143e-05,CUBLAS_DEFAULT_MATH,,False,2497.0,True,2500,35,39.8,13030,13030,False,2,1155de478289f4a7d40687f87000848267619032,ok,,
spmv,baseline_cusparse_alg2,fp32,131072,131072,0,synthetic:131072:seed3,3810264,0.128352,0.001568,0.116608,1000,0.1264,0.128368,5,59.372,baseline_cusparse_default,62.308,95.29,joined,True,stream,1,kCusparseAlg2,ckl_spmv,kMerge,,1,False,1.0632,4051136,32,8192,2,32054980,46771748,pending ncu round,True,,,,,,,,,,,1.99e-07,3.0143e-05,CUBLAS_DEFAULT_MATH,,False,2497.0,True,2500,36,52.3,13030,13030,True,2,1155de478289f4a7d40687f87000848267619032,ok,,
spmv,baseline_cusparse_alg2,fp32,131072,131072,0,synthetic:131072:seed3,3810264,0.117968,0.002624,0.112672,1000,0.117568,0.118048,5,64.598,baseline_cusparse_default,67.895,95.14,joined,False,stream,1,kCusparseAlg2,ckl_spmv,kMerge,,1,False,1.0632,4051136,32,8192,2,32054980,46771748,pending ncu round,True,,,,,,,,,,,1.99e-07,3.0143e-05,CUBLAS_DEFAULT_MATH,,False,2497.0,True,2500,35,38.5,13030,13030,False,2,1155de478289f4a7d40687f87000848267619032,ok,,
spmv,baseline_cusparse_alg2,fp32,131072,131072,0,synthetic:131072:seed4,3804246,0.128416,0.000288,0.116576,1000,0.128416,0.128448,5,59.249,baseline_cusparse_default,62.193,95.27,joined,True,stream,1,kCusparseAlg2,ckl_spmv,kMerge,,1,False,1.0687,4065696,32,8192,2,32006836,46699532,pending ncu round,True,,,,,,,,,,,2.03e-07,3.0143e-05,CUBLAS_DEFAULT_MATH,,False,2497.0,True,2500,35,52.2,13030,13030,True,2,1155de478289f4a7d40687f87000848267619032,ok,,
spmv,baseline_cusparse_alg2,fp32,131072,131072,0,synthetic:131072:seed4,3804246,0.11728,0.003648,0.097728,1000,0.116448,0.11856,5,64.875,baseline_cusparse_default,68.001,95.4,joined,False,stream,1,kCusparseAlg2,ckl_spmv,kMerge,,1,False,1.0687,4065696,32,8192,2,32006836,46699532,pending ncu round,True,,,,,,,,,,,2.03e-07,3.0143e-05,CUBLAS_DEFAULT_MATH,,False,2497.0,True,2500,35,38.2,13030,13030,False,2,1155de478289f4a7d40687f87000848267619032,ok,,
spmv,baseline_cusparse_alg2,fp32,131072,131072,0,synthetic:131072:seed5,3819999,0.128416,0.00016,0.116064,1000,0.128384,0.128416,5,59.494,baseline_cusparse_default,62.451,95.27,joined,True,stream,1,kCusparseAlg2,ckl_spmv,kMerge,,1,False,1.0602,4049920,32,8192,2,32132860,46888568,pending ncu round,True,,,,,,,,,,,2.21e-07,3.0143e-05,CUBLAS_DEFAULT_MATH,,False,2497.0,True,2500,47,51.2,13030,13030,True,2,1155de478289f4a7d40687f87000848267619032,ok,,
spmv,baseline_cusparse_alg2,fp32,131072,131072,0,synthetic:131072:seed5,3819999,0.118528,0.003424,0.113216,1000,0.1184,0.131008,5,64.457,baseline_cusparse_default,68.098,94.65,joined,False,stream,1,kCusparseAlg2,ckl_spmv,kMerge,,1,False,1.0602,4049920,32,8192,2,32132860,46888568,pending ncu round,True,,,,,,,,,,,2.21e-07,3.0143e-05,CUBLAS_DEFAULT_MATH,,False,2497.0,True,2500,35,39.1,13030,13030,False,2,1155de478289f4a7d40687f87000848267619032,ok,,
spmv,baseline_cusparse_alg2,fp32,1000005,1000005,0,webbase-1M,3105536,0.081312,0.00016,0.072928,1000,0.081312,0.081344,5,76.386,baseline_cusparse_default,64.893,117.71,joined,True,stream,1,kCusparseAlg2,ckl_spmv,kMerge,,1,False,1.2374,3842784,4,8192,2,36844352,45266476,pending ncu round,True,,,,,,,,,,,2.4e-07,6.5381e-05,CUBLAS_DEFAULT_MATH,,False,2497.0,True,2500,36,45.2,13030,13030,True,2,1155de478289f4a7d40687f87000848267619032,ok,,
spmv,baseline_cusparse_alg2,fp32,1000005,1000005,0,webbase-1M,3105536,0.064096,0.003168,0.059168,1000,0.063552,0.064672,5,96.903,baseline_cusparse_default,98.376,98.5,joined,False,stream,1,kCusparseAlg2,ckl_spmv,kMerge,,1,False,1.2374,3842784,4,8192,2,36844352,45266476,pending ncu round,True,,,,,,,,,,,2.4e-07,6.5381e-05,CUBLAS_DEFAULT_MATH,,False,2497.0,True,2500,35,34.0,13030,13030,False,2,1155de478289f4a7d40687f87000848267619032,ok,,
spmv,baseline_cusparse_default,fp32,62451,62451,0,cant,4007383,0.083456,0.000224,0.074432,1000,0.083456,0.083456,5,96.036,baseline_cusparse_default,96.036,100.0,self,True,stream,1,kCusparseDefault,ckl_spmv,kCsrWarp,,1,False,1.0272,4116320,32,256,4,32808480,48588208,pending ncu round,False,,,,,,,,,,,0.0,8.423e-06,CUBLAS_DEFAULT_MATH,,False,2497.0,True,2500,34,44.6,13030,13030,True,2,1155de478289f4a7d40687f87000848267619032,ok,,
spmv,baseline_cusparse_default,fp32,62451,62451,0,cant,4007383,0.051712,0.01108,0.042688,1000,0.049504,0.071024,5,154.989,baseline_cusparse_default,154.989,100.0,self,False,stream,1,kCusparseDefault,ckl_spmv,kCsrWarp,,1,False,1.0272,4116320,32,256,4,32808480,48588208,pending ncu round,False,,,,,,,,,,,0.0,8.423e-06,CUBLAS_DEFAULT_MATH,,False,2497.0,True,2500,35,34.1,13030,13030,False,2,1155de478289f4a7d40687f87000848267619032,ok,,
spmv,baseline_cusparse_default,fp32,525825,525825,0,mc2depi,2100225,0.06912,0.001376,0.057312,1000,0.06912,0.071008,5,60.77,baseline_cusparse_default,60.77,100.0,self,True,stream,1,kCusparseDefault,ckl_spmv,kCsrVector,,1,False,1.0015,2103296,4,256,2,23111704,29409304,pending ncu round,False,,,,,,,,,,,0.0,1.907e-06,CUBLAS_DEFAULT_MATH,,False,2497.0,True,2500,37,44.6,13030,13030,True,2,1155de478289f4a7d40687f87000848267619032,ok,,
spmv,baseline_cusparse_default,fp32,525825,525825,0,mc2depi,2100225,0.047648,0.011296,0.033472,1000,0.047024,0.06896,5,88.156,baseline_cusparse_default,88.156,100.0,self,False,stream,1,kCusparseDefault,ckl_spmv,kCsrVector,,1,False,1.0015,2103296,4,256,2,23111704,29409304,pending ncu round,False,,,,,,,,,,,0.0,1.907e-06,CUBLAS_DEFAULT_MATH,,False,2497.0,True,2500,35,32.6,13030,13030,False,2,1155de478289f4a7d40687f87000848267619032,ok,,
spmv,baseline_cusparse_default,fp32,525825,525825,0,parabolic_fem,3674625,0.091104,0.00032,0.072,1000,0.089632,0.091648,5,80.669,baseline_cusparse_default,80.669,100.0,self,True,stream,1,kCusparseDefault,ckl_spmv,kCsrVector,,1,False,1.0002,3675424,8,256,2,35706904,48302104,pending ncu round,False,,,,,,,,,,,0.0,2.523e-06,CUBLAS_DEFAULT_MATH,,False,2497.0,True,2500,38,47.8,13030,13030,True,2,1155de478289f4a7d40687f87000848267619032,ok,,
spmv,baseline_cusparse_default,fp32,525825,525825,0,parabolic_fem,3674625,0.06816,0.011328,0.062112,1000,0.067296,0.090736,5,107.824,baseline_cusparse_default,107.824,100.0,self,False,stream,1,kCusparseDefault,ckl_spmv,kCsrVector,,1,False,1.0002,3675424,8,256,2,35706904,48302104,pending ncu round,False,,,,,,,,,,,0.0,2.523e-06,CUBLAS_DEFAULT_MATH,,False,2497.0,True,2500,35,33.7,13030,13030,False,2,1155de478289f4a7d40687f87000848267619032,ok,,
spmv,baseline_cusparse_default,fp32,36417,36417,0,pdb1HYS,4344765,0.087488,0.000576,0.073568,1000,0.087424,0.08752,5,99.323,baseline_cusparse_default,99.323,100.0,self,True,stream,1,kCusparseDefault,ckl_spmv,kCsrWarp,,1,False,1.0648,4626336,32,256,4,35195128,52428520,pending ncu round,False,,,,,,,,,,,4.4e-08,1.3621e-05,CUBLAS_DEFAULT_MATH,,False,2497.0,True,2500,36,44.7,13030,13030,True,2,1155de478289f4a7d40687f87000848267619032,ok,,
spmv,baseline_cusparse_default,fp32,36417,36417,0,pdb1HYS,4344765,0.072672,0.005512,0.067488,1000,0.072576,0.073152,5,119.572,baseline_cusparse_default,119.572,100.0,self,False,stream,1,kCusparseDefault,ckl_spmv,kCsrWarp,,1,False,1.0648,4626336,32,256,4,35195128,52428520,pending ncu round,False,,,,,,,,,,,4.4e-08,1.3621e-05,CUBLAS_DEFAULT_MATH,,False,2497.0,True,2500,37,33.9,13030,13030,False,2,1155de478289f4a7d40687f87000848267619032,ok,,
spmv,baseline_cusparse_default,fp32,170998,170998,0,scircuit,958936,0.046336,0.00208,0.036672,1000,0.04448,0.0464,5,41.391,baseline_cusparse_default,41.391,100.0,self,True,stream,1,kCusparseDefault,ckl_spmv,kMerge,,1,False,1.0578,1014336,8,8192,2,9723468,12875220,pending ncu round,True,,,,,,,,,,,0.0,1.7918e-05,CUBLAS_DEFAULT_MATH,,False,2497.0,True,2500,36,42.8,13030,13030,True,2,1155de478289f4a7d40687f87000848267619032,ok,,
spmv,baseline_cusparse_default,fp32,170998,170998,0,scircuit,958936,0.030176,0.004736,0.021888,1000,0.028112,0.051584,5,63.556,baseline_cusparse_default,63.556,100.0,self,False,stream,1,kCusparseDefault,ckl_spmv,kMerge,,1,False,1.0578,1014336,8,8192,2,9723468,12875220,pending ncu round,True,,,,,,,,,,,0.0,1.7918e-05,CUBLAS_DEFAULT_MATH,,False,2497.0,True,2500,34,30.8,13030,13030,False,2,1155de478289f4a7d40687f87000848267619032,ok,,
spmv,baseline_cusparse_default,fp32,4847571,4847571,0,soc-LiveJournal1,68993773,1.540032,0.004512,1.525696,1000,1.54,1.541088,5,89.6,baseline_cusparse_default,89.6,100.0,self,True,stream,1,kCusparseDefault,ckl_spmv,kMerge,,1,False,1.09,75204704,16,8192,0,610121040,866705848,pending ncu round,True,,,,,,,,,,,2.7e-08,0.000135854,CUBLAS_DEFAULT_MATH,,False,2497.0,True,2500,44,137.7,13030,13030,True,2,1155de478289f4a7d40687f87000848267619032,ok,,
spmv,baseline_cusparse_default,fp32,4847571,4847571,0,soc-LiveJournal1,68993773,1.455328,0.018896,1.441984,1000,1.454592,1.45656,5,94.815,baseline_cusparse_default,94.815,100.0,self,False,stream,1,kCusparseDefault,ckl_spmv,kMerge,,1,False,1.09,75204704,16,8192,0,610121040,866705848,pending ncu round,True,,,,,,,,,,,2.7e-08,0.000135854,CUBLAS_DEFAULT_MATH,,False,2497.0,True,2500,45,146.0,13030,13030,False,2,1155de478289f4a7d40687f87000848267619032,ok,,
spmv,baseline_cusparse_default,fp32,131072,131072,0,synthetic:131072:seed1,3861228,0.1224,0.00208,0.116704,1000,0.122336,0.1224,5,63.092,baseline_cusparse_default,63.092,100.0,self,True,stream,1,kCusparseDefault,ckl_spmv,kMerge,,1,False,1.0609,4096448,32,8192,2,32462692,47383316,pending ncu round,True,,,,,,,,,,,1.9e-08,3.0143e-05,CUBLAS_DEFAULT_MATH,,False,2497.0,True,2500,35,48.7,13030,13030,True,2,1155de478289f4a7d40687f87000848267619032,ok,,
spmv,baseline_cusparse_default,fp32,131072,131072,0,synthetic:131072:seed1,3861228,0.112672,0.002992,0.106944,1000,0.112528,0.115872,5,68.539,baseline_cusparse_default,68.539,100.0,self,False,stream,1,kCusparseDefault,ckl_spmv,kMerge,,1,False,1.0609,4096448,32,8192,2,32462692,47383316,pending ncu round,True,,,,,,,,,,,1.8e-08,3.0143e-05,CUBLAS_DEFAULT_MATH,,False,2497.0,True,2500,35,40.7,13030,13030,False,2,1155de478289f4a7d40687f87000848267619032,ok,,
spmv,baseline_cusparse_default,fp32,131072,131072,0,synthetic:131072:seed2,3814798,0.122304,0.00208,0.11136,1000,0.122272,0.122368,5,62.382,baseline_cusparse_default,62.382,100.0,self,True,stream,1,kCusparseDefault,ckl_spmv,kMerge,,1,False,1.0657,4065280,32,8192,2,32091252,46826156,pending ncu round,True,,,,,,,,,,,1.9e-08,3.0143e-05,CUBLAS_DEFAULT_MATH,,False,2497.0,True,2500,35,50.1,13030,13030,True,2,1155de478289f4a7d40687f87000848267619032,ok,,
spmv,baseline_cusparse_default,fp32,131072,131072,0,synthetic:131072:seed2,3814798,0.112672,0.013888,0.104768,1000,0.111904,0.11304,5,67.715,baseline_cusparse_default,67.715,100.0,self,False,stream,1,kCusparseDefault,ckl_spmv,kMerge,,1,False,1.0657,4065280,32,8192,2,32091252,46826156,pending ncu round,True,,,,,,,,,,,2.3e-08,3.0143e-05,CUBLAS_DEFAULT_MATH,,False,2497.0,True,2500,41,39.0,13030,13030,False,2,1155de478289f4a7d40687f87000848267619032,ok,,
spmv,baseline_cusparse_default,fp32,131072,131072,0,synthetic:131072:seed3,3810264,0.122304,0.00064,0.11648,1000,0.12176,0.122336,5,62.308,baseline_cusparse_default,62.308,100.0,self,True,stream,1,kCusparseDefault,ckl_spmv,kMerge,,1,False,1.0632,4051136,32,8192,2,32054980,46771748,pending ncu round,True,,,,,,,,,,,1.8e-08,3.0143e-05,CUBLAS_DEFAULT_MATH,,False,2497.0,True,2500,40,53.0,13030,13030,True,2,1155de478289f4a7d40687f87000848267619032,ok,,
spmv,baseline_cusparse_default,fp32,131072,131072,0,synthetic:131072:seed3,3810264,0.11224,0.01352,0.104608,1000,0.11168,0.11496,5,67.895,baseline_cusparse_default,67.895,100.0,self,False,stream,1,kCusparseDefault,ckl_spmv,kMerge,,1,False,1.0632,4051136,32,8192,2,32054980,46771748,pending ncu round,True,,,,,,,,,,,1.8e-08,3.0143e-05,CUBLAS_DEFAULT_MATH,,False,2497.0,True,2500,45,38.7,13030,13030,False,2,1155de478289f4a7d40687f87000848267619032,ok,,
spmv,baseline_cusparse_default,fp32,131072,131072,0,synthetic:131072:seed4,3804246,0.122336,0.00032,0.112576,1000,0.122304,0.122368,5,62.193,baseline_cusparse_default,62.193,100.0,self,True,stream,1,kCusparseDefault,ckl_spmv,kMerge,,1,False,1.0687,4065696,32,8192,2,32006836,46699532,pending ncu round,True,,,,,,,,,,,2.1e-08,3.0143e-05,CUBLAS_DEFAULT_MATH,,False,2497.0,True,2500,39,51.4,13030,13030,True,2,1155de478289f4a7d40687f87000848267619032,ok,,
spmv,baseline_cusparse_default,fp32,131072,131072,0,synthetic:131072:seed4,3804246,0.111888,0.013768,0.100768,1000,0.106688,0.113616,5,68.001,baseline_cusparse_default,68.001,100.0,self,False,stream,1,kCusparseDefault,ckl_spmv,kMerge,,1,False,1.0687,4065696,32,8192,2,32006836,46699532,pending ncu round,True,,,,,,,,,,,2.1e-08,3.0143e-05,CUBLAS_DEFAULT_MATH,,False,2497.0,True,2500,35,39.8,13030,13030,False,2,1155de478289f4a7d40687f87000848267619032,ok,,
spmv,baseline_cusparse_default,fp32,131072,131072,0,synthetic:131072:seed5,3819999,0.122336,0.001952,0.116608,1000,0.122272,0.122368,5,62.451,baseline_cusparse_default,62.451,100.0,self,True,stream,1,kCusparseDefault,ckl_spmv,kMerge,,1,False,1.0602,4049920,32,8192,2,32132860,46888568,pending ncu round,True,,,,,,,,,,,2.1e-08,3.0143e-05,CUBLAS_DEFAULT_MATH,,False,2497.0,True,2500,46,51.7,13030,13030,True,2,1155de478289f4a7d40687f87000848267619032,ok,,
spmv,baseline_cusparse_default,fp32,131072,131072,0,synthetic:131072:seed5,3819999,0.112192,0.012616,0.104704,1000,0.111104,0.113856,5,68.098,baseline_cusparse_default,68.098,100.0,self,False,stream,1,kCusparseDefault,ckl_spmv,kMerge,,1,False,1.0602,4049920,32,8192,2,32132860,46888568,pending ncu round,True,,,,,,,,,,,2.7e-08,3.0143e-05,CUBLAS_DEFAULT_MATH,,False,2497.0,True,2500,34,37.6,13030,13030,False,2,1155de478289f4a7d40687f87000848267619032,ok,,
spmv,baseline_cusparse_default,fp32,1000005,1000005,0,webbase-1M,3105536,0.095712,0.000288,0.081888,1000,0.09568,0.095744,5,64.893,baseline_cusparse_default,64.893,100.0,self,True,stream,1,kCusparseDefault,ckl_spmv,kMerge,,1,False,1.2374,3842784,4,8192,2,36844352,45266476,pending ncu round,True,,,,,,,,,,,2.3e-08,6.5381e-05,CUBLAS_DEFAULT_MATH,,False,2497.0,True,2500,34,46.9,13030,13030,True,2,1155de478289f4a7d40687f87000848267619032,ok,,
spmv,baseline_cusparse_default,fp32,1000005,1000005,0,webbase-1M,3105536,0.063136,0.012064,0.05776,1000,0.062672,0.077072,5,98.376,baseline_cusparse_default,98.376,100.0,self,False,stream,1,kCusparseDefault,ckl_spmv,kMerge,,1,False,1.2374,3842784,4,8192,2,36844352,45266476,pending ncu round,True,,,,,,,,,,,2e-08,6.5381e-05,CUBLAS_DEFAULT_MATH,,False,2497.0,True,2500,35,35.1,13030,13030,False,2,1155de478289f4a7d40687f87000848267619032,ok,,
spmv,bsr,fp32,62451,62451,0,cant,4007383,0.069152,0.00016,0.058176,1000,0.069152,0.069152,5,115.901,baseline_cusparse_default,96.036,120.68,joined,True,stream,1,kBsr,ckl_spmv,kCsrWarp,,1,False,1.0272,4116320,32,256,4,32808480,48588208,pending ncu round,False,,,,,,,,,,,1.46e-07,8.423e-06,CUBLAS_DEFAULT_MATH,,False,2497.0,True,2500,39,44.2,13030,13030,True,2,1155de478289f4a7d40687f87000848267619032,ok,,
spmv,bsr,fp32,62451,62451,0,cant,4007383,0.049024,0.001344,0.046112,1000,0.048928,0.049312,5,163.487,baseline_cusparse_default,154.989,105.48,joined,False,stream,1,kBsr,ckl_spmv,kCsrWarp,,1,False,1.0272,4116320,32,256,4,32808480,48588208,pending ncu round,False,,,,,,,,,,,1.46e-07,8.423e-06,CUBLAS_DEFAULT_MATH,,False,2497.0,True,2500,35,31.7,13030,13030,False,2,1155de478289f4a7d40687f87000848267619032,ok,,
spmv,bsr,fp32,525825,525825,0,mc2depi,2100225,0.181792,0.001984,0.178112,1000,0.181792,0.181824,5,23.106,baseline_cusparse_default,60.77,38.02,joined,True,stream,1,kBsr,ckl_spmv,kCsrVector,,1,False,1.0015,2103296,4,256,2,23111704,29409304,pending ncu round,False,,,,,,,,,,,2.3e-07,1.907e-06,CUBLAS_DEFAULT_MATH,,False,2497.0,True,2500,48,52.2,13030,13030,True,2,1155de478289f4a7d40687f87000848267619032,ok,,
spmv,bsr,fp32,525825,525825,0,mc2depi,2100225,0.115104,0.001288,0.111712,1000,0.114768,0.115184,5,36.493,baseline_cusparse_default,88.156,41.4,joined,False,stream,1,kBsr,ckl_spmv,kCsrVector,,1,False,1.0015,2103296,4,256,2,23111704,29409304,pending ncu round,False,,,,,,,,,,,2.3e-07,1.907e-06,CUBLAS_DEFAULT_MATH,,False,2497.0,True,2500,35,37.5,13030,13030,False,2,1155de478289f4a7d40687f87000848267619032,ok,,
spmv,bsr,fp32,525825,525825,0,parabolic_fem,3674625,0.206624,0.002048,0.184192,1000,0.2064,0.208256,5,35.568,baseline_cusparse_default,80.669,44.09,joined,True,stream,1,kBsr,ckl_spmv,kCsrVector,,1,False,1.0002,3675424,8,256,2,35706904,48302104,pending ncu round,False,,,,,,,,,,,2.62e-07,2.523e-06,CUBLAS_DEFAULT_MATH,,False,2497.0,True,2500,44,52.8,13030,13030,True,2,1155de478289f4a7d40687f87000848267619032,ok,,
spmv,bsr,fp32,525825,525825,0,parabolic_fem,3674625,0.176544,0.00232,0.173312,1000,0.17648,0.176992,5,41.628,baseline_cusparse_default,107.824,38.61,joined,False,stream,1,kBsr,ckl_spmv,kCsrVector,,1,False,1.0002,3675424,8,256,2,35706904,48302104,pending ncu round,False,,,,,,,,,,,2.62e-07,2.523e-06,CUBLAS_DEFAULT_MATH,,False,2497.0,True,2500,45,45.4,13030,13030,False,2,1155de478289f4a7d40687f87000848267619032,ok,,
spmv,bsr,fp32,36417,36417,0,pdb1HYS,4344765,0.058944,0.001984,0.052352,1000,0.058912,0.058944,5,147.42,baseline_cusparse_default,99.323,148.42,joined,True,stream,1,kBsr,ckl_spmv,kCsrWarp,,1,False,1.0648,4626336,32,256,4,35195128,52428520,pending ncu round,False,,,,,,,,,,,2.05e-07,1.3621e-05,CUBLAS_DEFAULT_MATH,,False,2497.0,True,2500,50,47.0,13030,13030,True,2,1155de478289f4a7d40687f87000848267619032,ok,,
spmv,bsr,fp32,36417,36417,0,pdb1HYS,4344765,0.042816,0.001408,0.039808,1000,0.04272,0.043584,5,202.951,baseline_cusparse_default,119.572,169.73,joined,False,stream,1,kBsr,ckl_spmv,kCsrWarp,,1,False,1.0648,4626336,32,256,4,35195128,52428520,pending ncu round,False,,,,,,,,,,,2.05e-07,1.3621e-05,CUBLAS_DEFAULT_MATH,,False,2497.0,True,2500,35,32.1,13030,13030,False,2,1155de478289f4a7d40687f87000848267619032,ok,,
spmv,bsr,fp32,170998,170998,0,scircuit,958936,0.06912,9.6e-05,0.05872,1000,0.06912,0.069152,5,27.747,baseline_cusparse_default,41.391,67.04,joined,True,stream,1,kBsr,ckl_spmv,kMerge,,1,False,1.0578,1014336,8,8192,2,9723468,12875220,pending ncu round,True,,,,,,,,,,,3.37e-07,1.7918e-05,CUBLAS_DEFAULT_MATH,,False,2497.0,True,2500,47,43.5,13030,13030,True,2,1155de478289f4a7d40687f87000848267619032,ok,,
spmv,bsr,fp32,170998,170998,0,scircuit,958936,0.04256,0.001216,0.039744,1000,0.042368,0.042624,5,45.063,baseline_cusparse_default,63.556,70.9,joined,False,stream,1,kBsr,ckl_spmv,kMerge,,1,False,1.0578,1014336,8,8192,2,9723468,12875220,pending ncu round,True,,,,,,,,,,,3.37e-07,1.7918e-05,CUBLAS_DEFAULT_MATH,,False,2497.0,True,2500,46,32.1,13030,13030,False,2,1155de478289f4a7d40687f87000848267619032,ok,,
spmv,bsr,fp32,4847571,4847571,0,soc-LiveJournal1,,,,,,,,,,,,,,True,stream,1,,,,,,,,,,,,,,,,,,,,,,,,,,,,,,,,True,2500,,,,,True,2,1155de478289f4a7d40687f87000848267619032,skipped_not_supported,"ckl::spmv returned kNotSupported for algo kBsr; SpmvPlan has no BSR copy of this matrix: the best block dimension is 2 at a fill of 0.288618, which would store 239048588 values for 68993773 nonzeros, past the 134217728 entry ceiling",
spmv,bsr,fp32,4847571,4847571,0,soc-LiveJournal1,,,,,,,,,,,,,,False,stream,1,,,,,,,,,,,,,,,,,,,,,,,,,,,,,,,,True,2500,,,,,False,2,1155de478289f4a7d40687f87000848267619032,skipped_not_supported,"ckl::spmv returned kNotSupported for algo kBsr; SpmvPlan has no BSR copy of this matrix: the best block dimension is 2 at a fill of 0.288618, which would store 239048588 values for 68993773 nonzeros, past the 134217728 entry ceiling",
spmv,bsr,fp32,131072,131072,0,synthetic:131072:seed1,3861228,0.167456,0.001984,0.147616,1000,0.167456,0.167456,5,46.116,baseline_cusparse_default,63.092,73.09,joined,True,stream,1,kBsr,ckl_spmv,kMerge,,1,False,1.0609,4096448,32,8192,2,32462692,47383316,pending ncu round,True,,,,,,,,,,,1.79e-07,3.0143e-05,CUBLAS_DEFAULT_MATH,,False,2497.0,True,2500,47,57.5,13030,13030,True,2,1155de478289f4a7d40687f87000848267619032,ok,,
spmv,bsr,fp32,131072,131072,0,synthetic:131072:seed1,3861228,0.140512,0.003248,0.136704,1000,0.140384,0.140608,5,54.959,baseline_cusparse_default,68.539,80.19,joined,False,stream,1,kBsr,ckl_spmv,kMerge,,1,False,1.0609,4096448,32,8192,2,32462692,47383316,pending ncu round,True,,,,,,,,,,,1.79e-07,3.0143e-05,CUBLAS_DEFAULT_MATH,,False,2497.0,True,2500,37,44.9,13030,13030,False,2,1155de478289f4a7d40687f87000848267619032,ok,,
spmv,bsr,fp32,131072,131072,0,synthetic:131072:seed2,3814798,0.167488,0.002048,0.14736,1000,0.167488,0.169376,5,45.553,baseline_cusparse_default,62.382,73.02,joined,True,stream,1,kBsr,ckl_spmv,kMerge,,1,False,1.0657,4065280,32,8192,2,32091252,46826156,pending ncu round,True,,,,,,,,,,,2.21e-07,3.0143e-05,CUBLAS_DEFAULT_MATH,,False,2497.0,True,2500,36,54.9,13030,13030,True,2,1155de478289f4a7d40687f87000848267619032,ok,,
spmv,bsr,fp32,131072,131072,0,synthetic:131072:seed2,3814798,0.140352,0.0016,0.137248,1000,0.140192,0.14064,5,54.36,baseline_cusparse_default,67.715,80.28,joined,False,stream,1,kBsr,ckl_spmv,kMerge,,1,False,1.0657,4065280,32,8192,2,32091252,46826156,pending ncu round,True,,,,,,,,,,,2.21e-07,3.0143e-05,CUBLAS_DEFAULT_MATH,,False,2497.0,True,2500,36,46.0,13030,13030,False,2,1155de478289f4a7d40687f87000848267619032,ok,,
spmv,bsr,fp32,131072,131072,0,synthetic:131072:seed3,3810264,0.16736,0.00208,0.147296,1000,0.167328,0.167392,5,45.534,baseline_cusparse_default,62.308,73.08,joined,True,stream,1,kBsr,ckl_spmv,kMerge,,1,False,1.0632,4051136,32,8192,2,32054980,46771748,pending ncu round,True,,,,,,,,,,,2.1e-07,3.0143e-05,CUBLAS_DEFAULT_MATH,,False,2497.0,True,2500,36,55.2,13030,13030,True,2,1155de478289f4a7d40687f87000848267619032,ok,,
spmv,bsr,fp32,131072,131072,0,synthetic:131072:seed3,3810264,0.13856,0.002208,0.134848,1000,0.138496,0.138992,5,54.998,baseline_cusparse_default,67.895,81.0,joined,False,stream,1,kBsr,ckl_spmv,kMerge,,1,False,1.0632,4051136,32,8192,2,32054980,46771748,pending ncu round,True,,,,,,,,,,,2.1e-07,3.0143e-05,CUBLAS_DEFAULT_MATH,,False,2497.0,True,2500,35,42.3,13030,13030,False,2,1155de478289f4a7d40687f87000848267619032,ok,,
spmv,bsr,fp32,131072,131072,0,synthetic:131072:seed4,3804246,0.16336,0.000128,0.155072,1000,0.16336,0.16336,5,46.575,baseline_cusparse_default,62.193,74.89,joined,True,stream,1,kBsr,ckl_spmv,kMerge,,1,False,1.0687,4065696,32,8192,2,32006836,46699532,pending ncu round,True,,,,,,,,,,,1.86e-07,3.0143e-05,CUBLAS_DEFAULT_MATH,,False,2497.0,True,2500,50,56.1,13030,13030,True,2,1155de478289f4a7d40687f87000848267619032,ok,,
spmv,bsr,fp32,131072,131072,0,synthetic:131072:seed4,3804246,0.136704,0.002176,0.13296,1000,0.136288,0.136768,5,55.657,baseline_cusparse_default,68.001,81.85,joined,False,stream,1,kBsr,ckl_spmv,kMerge,,1,False,1.0687,4065696,32,8192,2,32006836,46699532,pending ncu round,True,,,,,,,,,,,1.86e-07,3.0143e-05,CUBLAS_DEFAULT_MATH,,False,2497.0,True,2500,43,41.6,13030,13030,False,2,1155de478289f4a7d40687f87000848267619032,ok,,
spmv,bsr,fp32,131072,131072,0,synthetic:131072:seed5,3819999,0.165376,0.00192,0.14736,1000,0.165344,0.165408,5,46.198,baseline_cusparse_default,62.451,73.97,joined,True,stream,1,kBsr,ckl_spmv,kMerge,,1,False,1.0602,4049920,32,8192,2,32132860,46888568,pending ncu round,True,,,,,,,,,,,1.88e-07,3.0143e-05,CUBLAS_DEFAULT_MATH,,False,2497.0,True,2500,37,55.8,13030,13030,True,2,1155de478289f4a7d40687f87000848267619032,ok,,
spmv,bsr,fp32,131072,131072,0,synthetic:131072:seed5,3819999,0.136944,0.002016,0.133472,1000,0.136864,0.137344,5,55.789,baseline_cusparse_default,68.098,81.92,joined,False,stream,1,kBsr,ckl_spmv,kMerge,,1,False,1.0602,4049920,32,8192,2,32132860,46888568,pending ncu round,True,,,,,,,,,,,1.88e-07,3.0143e-05,CUBLAS_DEFAULT_MATH,,False,2497.0,True,2500,39,41.8,13030,13030,False,2,1155de478289f4a7d40687f87000848267619032,ok,,
spmv,bsr,fp32,1000005,1000005,0,webbase-1M,3105536,0.343584,0.000128,0.33568,1000,0.341568,0.343584,5,18.077,baseline_cusparse_default,64.893,27.86,joined,True,stream,1,kBsr,ckl_spmv,kMerge,,1,False,1.2374,3842784,4,8192,2,36844352,45266476,pending ncu round,True,,,,,,,,,,,2.33e-07,6.5381e-05,CUBLAS_DEFAULT_MATH,,False,2497.0,True,2500,44,58.5,13030,13030,True,2,1155de478289f4a7d40687f87000848267619032,ok,,
spmv,bsr,fp32,1000005,1000005,0,webbase-1M,3105536,0.212128,0.0016,0.209248,1000,0.211584,0.212672,5,29.28,baseline_cusparse_default,98.376,29.76,joined,False,stream,1,kBsr,ckl_spmv,kMerge,,1,False,1.2374,3842784,4,8192,2,36844352,45266476,pending ncu round,True,,,,,,,,,,,2.33e-07,6.5381e-05,CUBLAS_DEFAULT_MATH,,False,2497.0,True,2500,39,43.4,13030,13030,False,2,1155de478289f4a7d40687f87000848267619032,ok,,
spmv,merge,fp32,62451,62451,0,cant,4007383,0.099776,0.002016,0.092,1000,0.099744,0.099776,5,80.328,baseline_cusparse_default,96.036,83.64,joined,True,stream,1,kMerge,ckl_spmv,kCsrWarp,,1,False,1.0272,4116320,32,256,4,32808480,48588208,pending ncu round,False,,,,,,,,,,,1.99e-07,8.423e-06,CUBLAS_DEFAULT_MATH,,False,2497.0,True,2500,39,44.0,13030,13030,True,2,1155de478289f4a7d40687f87000848267619032,ok,,
spmv,merge,fp32,62451,62451,0,cant,4007383,0.068624,0.001832,0.063904,1000,0.068512,0.068768,5,116.792,baseline_cusparse_default,154.989,75.36,joined,False,stream,1,kMerge,ckl_spmv,kCsrWarp,,1,False,1.0272,4116320,32,256,4,32808480,48588208,pending ncu round,False,,,,,,,,,,,1.99e-07,8.423e-06,CUBLAS_DEFAULT_MATH,,False,2497.0,True,2500,36,33.6,13030,13030,False,2,1155de478289f4a7d40687f87000848267619032,ok,,
spmv,merge,fp32,525825,525825,0,mc2depi,2100225,0.0712,0.002048,0.065344,1000,0.0712,0.071232,5,58.995,baseline_cusparse_default,60.77,97.08,joined,True,stream,1,kMerge,ckl_spmv,kCsrVector,,1,False,1.0015,2103296,4,256,2,23111704,29409304,pending ncu round,False,,,,,,,,,,,2.31e-07,1.907e-06,CUBLAS_DEFAULT_MATH,,False,2497.0,True,2500,39,44.9,13030,13030,True,2,1155de478289f4a7d40687f87000848267619032,ok,,
spmv,merge,fp32,525825,525825,0,mc2depi,2100225,0.052544,0.00196,0.049536,1000,0.052256,0.052576,5,79.942,baseline_cusparse_default,88.156,90.68,joined,False,stream,1,kMerge,ckl_spmv,kCsrVector,,1,False,1.0015,2103296,4,256,2,23111704,29409304,pending ncu round,False,,,,,,,,,,,2.31e-07,1.907e-06,CUBLAS_DEFAULT_MATH,,False,2497.0,True,2500,35,32.0,13030,13030,False,2,1155de478289f4a7d40687f87000848267619032,ok,,
spmv,merge,fp32,525825,525825,0,parabolic_fem,3674625,0.119936,0.002144,0.113888,1000,0.11824,0.120192,5,61.276,baseline_cusparse_default,80.669,75.96,joined,True,stream,1,kMerge,ckl_spmv,kCsrVector,,1,False,1.0002,3675424,8,256,2,35706904,48302104,pending ncu round,False,,,,,,,,,,,2.45e-07,2.523e-06,CUBLAS_DEFAULT_MATH,,False,2497.0,True,2500,43,49.1,13030,13030,True,2,1155de478289f4a7d40687f87000848267619032,ok,,
spmv,merge,fp32,525825,525825,0,parabolic_fem,3674625,0.097344,0.00228,0.09232,1000,0.09696,0.097376,5,75.498,baseline_cusparse_default,107.824,70.02,joined,False,stream,1,kMerge,ckl_spmv,kCsrVector,,1,False,1.0002,3675424,8,256,2,35706904,48302104,pending ncu round,False,,,,,,,,,,,2.45e-07,2.523e-06,CUBLAS_DEFAULT_MATH,,False,2497.0,True,2500,35,36.7,13030,13030,False,2,1155de478289f4a7d40687f87000848267619032,ok,,
spmv,merge,fp32,36417,36417,0,pdb1HYS,4344765,0.112288,0.002144,0.096192,1000,0.112224,0.11368,5,77.386,baseline_cusparse_default,99.323,77.91,joined,True,stream,1,kMerge,ckl_spmv,kCsrWarp,,1,False,1.0648,4626336,32,256,4,35195128,52428520,pending ncu round,False,,,,,,,,,,,2.56e-07,1.3621e-05,CUBLAS_DEFAULT_MATH,,False,2497.0,True,2500,44,47.7,13030,13030,True,2,1155de478289f4a7d40687f87000848267619032,ok,,
spmv,merge,fp32,36417,36417,0,pdb1HYS,4344765,0.080608,0.002208,0.075232,1000,0.080208,0.081056,5,107.8,baseline_cusparse_default,119.572,90.15,joined,False,stream,1,kMerge,ckl_spmv,kCsrWarp,,1,False,1.0648,4626336,32,256,4,35195128,52428520,pending ncu round,False,,,,,,,,,,,2.56e-07,1.3621e-05,CUBLAS_DEFAULT_MATH,,False,2497.0,True,2500,35,33.9,13030,13030,False,2,1155de478289f4a7d40687f87000848267619032,ok,,
spmv,merge,fp32,170998,170998,0,scircuit,958936,0.042464,0.000128,0.038208,1000,0.042464,0.042464,5,45.165,baseline_cusparse_default,41.391,109.12,joined,True,stream,1,kMerge,ckl_spmv,kMerge,,1,False,1.0578,1014336,8,8192,2,9723468,12875220,pending ncu round,True,,,,,,,,,,,3.49e-07,1.7918e-05,CUBLAS_DEFAULT_MATH,,False,2497.0,True,2500,38,42.3,13030,13030,True,2,1155de478289f4a7d40687f87000848267619032,ok,,
spmv,merge,fp32,170998,170998,0,scircuit,958936,0.032352,0.002112,0.029344,1000,0.032192,0.03296,5,59.281,baseline_cusparse_default,63.556,93.27,joined,False,stream,1,kMerge,ckl_spmv,kMerge,,1,False,1.0578,1014336,8,8192,2,9723468,12875220,pending ncu round,True,,,,,,,,,,,3.49e-07,1.7918e-05,CUBLAS_DEFAULT_MATH,,False,2497.0,True,2500,37,30.7,13030,13030,False,2,1155de478289f4a7d40687f87000848267619032,ok,,
spmv,merge,fp32,4847571,4847571,0,soc-LiveJournal1,68993773,2.320832,0.009032,2.291872,778,2.3208,2.320896,5,59.456,baseline_cusparse_default,89.6,66.36,joined,True,stream,1,kMerge,ckl_spmv,kMerge,,1,False,1.09,75204704,16,8192,0,610121040,866705848,pending ncu round,True,,,,,,,,,,,2.27e-07,0.000135854,CUBLAS_DEFAULT_MATH,,False,2497.0,True,2500,48,151.5,13030,13030,True,2,1155de478289f4a7d40687f87000848267619032,ok,,
spmv,merge,fp32,4847571,4847571,0,soc-LiveJournal1,68993773,2.349328,0.013472,2.309056,830,2.336336,2.353808,5,58.735,baseline_cusparse_default,94.815,61.95,joined,False,stream,1,kMerge,ckl_spmv,kMerge,,1,False,1.09,75204704,16,8192,0,610121040,866705848,pending ncu round,True,,,,,,,,,,,2.27e-07,0.000135854,CUBLAS_DEFAULT_MATH,,False,2497.0,True,2500,57,159.8,13030,13030,False,2,1155de478289f4a7d40687f87000848267619032,ok,,
spmv,merge,fp32,131072,131072,0,synthetic:131072:seed1,3861228,0.153024,0.002016,0.148672,1000,0.153024,0.153024,5,50.466,baseline_cusparse_default,63.092,79.99,joined,True,stream,1,kMerge,ckl_spmv,kMerge,,1,False,1.0609,4096448,32,8192,2,32462692,47383316,pending ncu round,True,,,,,,,,,,,2.19e-07,3.0143e-05,CUBLAS_DEFAULT_MATH,,False,2497.0,True,2500,49,53.0,13030,13030,True,2,1155de478289f4a7d40687f87000848267619032,ok,,
spmv,merge,fp32,131072,131072,0,synthetic:131072:seed1,3861228,0.139808,0.002544,0.135776,1000,0.13944,0.140032,5,55.236,baseline_cusparse_default,68.539,80.59,joined,False,stream,1,kMerge,ckl_spmv,kMerge,,1,False,1.0609,4096448,32,8192,2,32462692,47383316,pending ncu round,True,,,,,,,,,,,2.19e-07,3.0143e-05,CUBLAS_DEFAULT_MATH,,False,2497.0,True,2500,35,40.7,13030,13030,False,2,1155de478289f4a7d40687f87000848267619032,ok,,
spmv,merge,fp32,131072,131072,0,synthetic:131072:seed2,3814798,0.15088,0.002048,0.14256,1000,0.15088,0.150912,5,50.567,baseline_cusparse_default,62.382,81.06,joined,True,stream,1,kMerge,ckl_spmv,kMerge,,1,False,1.0657,4065280,32,8192,2,32091252,46826156,pending ncu round,True,,,,,,,,,,,1.99e-07,3.0143e-05,CUBLAS_DEFAULT_MATH,,False,2497.0,True,2500,36,58.0,13030,13030,True,2,1155de478289f4a7d40687f87000848267619032,ok,,
spmv,merge,fp32,131072,131072,0,synthetic:131072:seed2,3814798,0.138432,0.002144,0.133824,1000,0.13824,0.138528,5,55.114,baseline_cusparse_default,67.715,81.39,joined,False,stream,1,kMerge,ckl_spmv,kMerge,,1,False,1.0657,4065280,32,8192,2,32091252,46826156,pending ncu round,True,,,,,,,,,,,1.99e-07,3.0143e-05,CUBLAS_DEFAULT_MATH,,False,2497.0,True,2500,35,42.7,13030,13030,False,2,1155de478289f4a7d40687f87000848267619032,ok,,
spmv,merge,fp32,131072,131072,0,synthetic:131072:seed3,3810264,0.150944,0.00208,0.142592,1000,0.150944,0.150976,5,50.486,baseline_cusparse_default,62.308,81.03,joined,True,stream,1,kMerge,ckl_spmv,kMerge,,1,False,1.0632,4051136,32,8192,2,32054980,46771748,pending ncu round,True,,,,,,,,,,,2.26e-07,3.0143e-05,CUBLAS_DEFAULT_MATH,,False,2497.0,True,2500,35,54.7,13030,13030,True,2,1155de478289f4a7d40687f87000848267619032,ok,,
spmv,merge,fp32,131072,131072,0,synthetic:131072:seed3,3810264,0.13888,0.002208,0.13392,1000,0.138592,0.139232,5,54.871,baseline_cusparse_default,67.895,80.82,joined,False,stream,1,kMerge,ckl_spmv,kMerge,,1,False,1.0632,4051136,32,8192,2,32054980,46771748,pending ncu round,True,,,,,,,,,,,2.26e-07,3.0143e-05,CUBLAS_DEFAULT_MATH,,False,2497.0,True,2500,35,42.5,13030,13030,False,2,1155de478289f4a7d40687f87000848267619032,ok,,
spmv,merge,fp32,131072,131072,0,synthetic:131072:seed4,3804246,0.151008,0.00032,0.14288,1000,0.150976,0.151008,5,50.385,baseline_cusparse_default,62.193,81.01,joined,True,stream,1,kMerge,ckl_spmv,kMerge,,1,False,1.0687,4065696,32,8192,2,32006836,46699532,pending ncu round,True,,,,,,,,,,,2.13e-07,3.0143e-05,CUBLAS_DEFAULT_MATH,,False,2497.0,True,2500,36,54.2,13030,13030,True,2,1155de478289f4a7d40687f87000848267619032,ok,,
spmv,merge,fp32,131072,131072,0,synthetic:131072:seed4,3804246,0.138272,0.002272,0.133952,1000,0.138176,0.138592,5,55.026,baseline_cusparse_default,68.001,80.92,joined,False,stream,1,kMerge,ckl_spmv,kMerge,,1,False,1.0687,4065696,32,8192,2,32006836,46699532,pending ncu round,True,,,,,,,,,,,2.13e-07,3.0143e-05,CUBLAS_DEFAULT_MATH,,False,2497.0,True,2500,45,41.1,13030,13030,False,2,1155de478289f4a7d40687f87000848267619032,ok,,
spmv,merge,fp32,131072,131072,0,synthetic:131072:seed5,3819999,0.15104,0.002016,0.142656,1000,0.15104,0.151072,5,50.583,baseline_cusparse_default,62.451,81.0,joined,True,stream,1,kMerge,ckl_spmv,kMerge,,1,False,1.0602,4049920,32,8192,2,32132860,46888568,pending ncu round,True,,,,,,,,,,,2.15e-07,3.0143e-05,CUBLAS_DEFAULT_MATH,,False,2497.0,True,2500,40,54.0,13030,13030,True,2,1155de478289f4a7d40687f87000848267619032,ok,,
spmv,merge,fp32,131072,131072,0,synthetic:131072:seed5,3819999,0.1392,0.00208,0.133792,1000,0.138848,0.139296,5,54.885,baseline_cusparse_default,68.098,80.6,joined,False,stream,1,kMerge,ckl_spmv,kMerge,,1,False,1.0602,4049920,32,8192,2,32132860,46888568,pending ncu round,True,,,,,,,,,,,2.15e-07,3.0143e-05,CUBLAS_DEFAULT_MATH,,False,2497.0,True,2500,38,38.8,13030,13030,False,2,1155de478289f4a7d40687f87000848267619032,ok,,
spmv,merge,fp32,1000005,1000005,0,webbase-1M,3105536,0.116256,0.002176,0.10064,1000,0.116256,0.11824,5,53.426,baseline_cusparse_default,64.893,82.33,joined,True,stream,1,kMerge,ckl_spmv,kMerge,,1,False,1.2374,3842784,4,8192,2,36844352,45266476,pending ncu round,True,,,,,,,,,,,2.43e-07,6.5381e-05,CUBLAS_DEFAULT_MATH,,False,2497.0,True,2500,39,50.8,13030,13030,True,2,1155de478289f4a7d40687f87000848267619032,ok,,
spmv,merge,fp32,1000005,1000005,0,webbase-1M,3105536,0.089552,0.001832,0.0864,1000,0.089088,0.08976,5,69.357,baseline_cusparse_default,98.376,70.5,joined,False,stream,1,kMerge,ckl_spmv,kMerge,,1,False,1.2374,3842784,4,8192,2,36844352,45266476,pending ncu round,True,,,,,,,,,,,2.43e-07,6.5381e-05,CUBLAS_DEFAULT_MATH,,False,2497.0,True,2500,36,36.9,13030,13030,False,2,1155de478289f4a7d40687f87000848267619032,ok,,
spmv,naive,fp32,62451,62451,0,cant,4007383,0.108032,0.004256,0.081152,1000,0.108,0.108032,5,74.189,baseline_cusparse_default,96.036,77.25,joined,True,stream,1,kCsrNaive,ckl_spmv,kCsrWarp,,1,False,1.0272,4116320,32,256,4,32808480,48588208,pending ncu round,False,,,,,,,,,,,2.97e-07,8.423e-06,CUBLAS_DEFAULT_MATH,,False,2497.0,True,2500,39,47.0,13030,13030,True,2,1155de478289f4a7d40687f87000848267619032,ok,,
spmv,naive,fp32,62451,62451,0,cant,4007383,0.065472,0.001568,0.062016,1000,0.065216,0.065776,5,122.415,baseline_cusparse_default,154.989,78.98,joined,False,stream,1,kCsrNaive,ckl_spmv,kCsrWarp,,1,False,1.0272,4116320,32,256,4,32808480,48588208,pending ncu round,False,,,,,,,,,,,2.97e-07,8.423e-06,CUBLAS_DEFAULT_MATH,,False,2497.0,True,2500,41,33.1,13030,13030,False,2,1155de478289f4a7d40687f87000848267619032,ok,,
spmv,naive,fp32,525825,525825,0,mc2depi,2100225,0.044608,0.002016,0.040864,1000,0.044608,0.044608,5,94.164,baseline_cusparse_default,60.77,154.95,joined,True,stream,1,kCsrNaive,ckl_spmv,kCsrVector,,1,False,1.0015,2103296,4,256,2,23111704,29409304,pending ncu round,False,,,,,,,,,,,2.31e-07,1.907e-06,CUBLAS_DEFAULT_MATH,,False,2497.0,True,2500,38,44.0,13030,13030,True,2,1155de478289f4a7d40687f87000848267619032,ok,,
spmv,naive,fp32,525825,525825,0,mc2depi,2100225,0.016992,0.002984,0.01296,1000,0.016832,0.01744,5,247.202,baseline_cusparse_default,88.156,280.41,joined,False,stream,1,kCsrNaive,ckl_spmv,kCsrVector,,1,False,1.0015,2103296,4,256,2,23111704,29409304,pending ncu round,False,,,,,,,,,,,2.31e-07,1.907e-06,CUBLAS_DEFAULT_MATH,,False,2497.0,True,2500,46,31.4,13030,13030,False,2,1155de478289f4a7d40687f87000848267619032,ok,,
spmv,naive,fp32,525825,525825,0,parabolic_fem,3674625,0.077184,0.002048,0.066176,1000,0.077152,0.077184,5,95.217,baseline_cusparse_default,80.669,118.03,joined,True,stream,1,kCsrNaive,ckl_spmv,kCsrVector,,1,False,1.0002,3675424,8,256,2,35706904,48302104,pending ncu round,False,,,,,,,,,,,2.56e-07,2.523e-06,CUBLAS_DEFAULT_MATH,,False,2497.0,True,2500,35,46.9,13030,13030,True,2,1155de478289f4a7d40687f87000848267619032,ok,,
spmv,naive,fp32,525825,525825,0,parabolic_fem,3674625,0.038656,0.001216,0.03552,1000,0.038464,0.039104,5,190.119,baseline_cusparse_default,107.824,176.32,joined,False,stream,1,kCsrNaive,ckl_spmv,kCsrVector,,1,False,1.0002,3675424,8,256,2,35706904,48302104,pending ncu round,False,,,,,,,,,,,2.56e-07,2.523e-06,CUBLAS_DEFAULT_MATH,,False,2497.0,True,2500,46,34.4,13030,13030,False,2,1155de478289f4a7d40687f87000848267619032,ok,,
spmv,naive,fp32,36417,36417,0,pdb1HYS,4344765,0.128544,0.001752,0.103712,1000,0.128544,0.128544,5,67.6,baseline_cusparse_default,99.323,68.06,joined,True,stream,1,kCsrNaive,ckl_spmv,kCsrWarp,,1,False,1.0648,4626336,32,256,4,35195128,52428520,pending ncu round,False,,,,,,,,,,,5.21e-07,1.3621e-05,CUBLAS_DEFAULT_MATH,,False,2497.0,True,2500,37,49.4,13030,13030,True,2,1155de478289f4a7d40687f87000848267619032,ok,,
spmv,naive,fp32,36417,36417,0,pdb1HYS,4344765,0.066496,0.00176,0.062976,1000,0.066176,0.06704,5,130.677,baseline_cusparse_default,119.572,109.29,joined,False,stream,1,kCsrNaive,ckl_spmv,kCsrWarp,,1,False,1.0648,4626336,32,256,4,35195128,52428520,pending ncu round,False,,,,,,,,,,,5.21e-07,1.3621e-05,CUBLAS_DEFAULT_MATH,,False,2497.0,True,2500,35,31.3,13030,13030,False,2,1155de478289f4a7d40687f87000848267619032,ok,,
spmv,naive,fp32,170998,170998,0,scircuit,958936,0.044512,0.002048,0.0368,1000,0.044512,0.044544,5,43.087,baseline_cusparse_default,41.391,104.1,joined,True,stream,1,kCsrNaive,ckl_spmv,kMerge,,1,False,1.0578,1014336,8,8192,2,9723468,12875220,pending ncu round,True,,,,,,,,,,,4.48e-07,1.7918e-05,CUBLAS_DEFAULT_MATH,,False,2497.0,True,2500,38,44.6,13030,13030,True,2,1155de478289f4a7d40687f87000848267619032,ok,,
spmv,naive,fp32,170998,170998,0,scircuit,958936,0.021632,0.002656,0.017984,1000,0.021504,0.022272,5,88.659,baseline_cusparse_default,63.556,139.5,joined,False,stream,1,kCsrNaive,ckl_spmv,kMerge,,1,False,1.0578,1014336,8,8192,2,9723468,12875220,pending ncu round,True,,,,,,,,,,,4.48e-07,1.7918e-05,CUBLAS_DEFAULT_MATH,,False,2497.0,True,2500,43,32.2,13030,13030,False,2,1155de478289f4a7d40687f87000848267619032,ok,,
spmv,naive,fp32,4847571,4847571,0,soc-LiveJournal1,68993773,1.983008,0.010192,1.943104,895,1.983008,1.98304,5,69.585,baseline_cusparse_default,89.6,77.66,joined,True,stream,1,kCsrNaive,ckl_spmv,kMerge,,1,False,1.09,75204704,16,8192,0,610121040,866705848,pending ncu round,True,,,,,,,,,,,2.58e-07,0.000135854,CUBLAS_DEFAULT_MATH,,False,2497.0,True,2500,47,141.7,13030,13030,True,2,1155de478289f4a7d40687f87000848267619032,ok,,
spmv,naive,fp32,4847571,4847571,0,soc-LiveJournal1,68993773,1.935936,0.015312,1.905536,951,1.935456,1.937552,5,71.277,baseline_cusparse_default,94.815,75.17,joined,False,stream,1,kCsrNaive,ckl_spmv,kMerge,,1,False,1.09,75204704,16,8192,0,610121040,866705848,pending ncu round,True,,,,,,,,,,,2.58e-07,0.000135854,CUBLAS_DEFAULT_MATH,,False,2497.0,True,2500,46,146.6,13030,13030,False,2,1155de478289f4a7d40687f87000848267619032,ok,,
spmv,naive,fp32,131072,131072,0,synthetic:131072:seed1,3861228,0.173632,0.004128,0.162464,1000,0.1736,0.175552,5,44.476,baseline_cusparse_default,63.092,70.49,joined,True,stream,1,kCsrNaive,ckl_spmv,kMerge,,1,False,1.0609,4096448,32,8192,2,32462692,47383316,pending ncu round,True,,,,,,,,,,,2.25e-07,3.0143e-05,CUBLAS_DEFAULT_MATH,,False,2497.0,True,2500,48,54.9,13030,13030,True,2,1155de478289f4a7d40687f87000848267619032,ok,,
spmv,naive,fp32,131072,131072,0,synthetic:131072:seed1,3861228,0.145536,0.00468,0.136512,1000,0.145168,0.146416,5,53.062,baseline_cusparse_default,68.539,77.42,joined,False,stream,1,kCsrNaive,ckl_spmv,kMerge,,1,False,1.0609,4096448,32,8192,2,32462692,47383316,pending ncu round,True,,,,,,,,,,,2.25e-07,3.0143e-05,CUBLAS_DEFAULT_MATH,,False,2497.0,True,2500,43,37.9,13030,13030,False,2,1155de478289f4a7d40687f87000848267619032,ok,,
spmv,naive,fp32,131072,131072,0,synthetic:131072:seed2,3814798,0.171552,0.00416,0.15968,1000,0.169536,0.171584,5,44.474,baseline_cusparse_default,62.382,71.29,joined,True,stream,1,kCsrNaive,ckl_spmv,kMerge,,1,False,1.0657,4065280,32,8192,2,32091252,46826156,pending ncu round,True,,,,,,,,,,,2.7e-07,3.0143e-05,CUBLAS_DEFAULT_MATH,,False,2497.0,True,2500,39,56.1,13030,13030,True,2,1155de478289f4a7d40687f87000848267619032,ok,,
spmv,naive,fp32,131072,131072,0,synthetic:131072:seed2,3814798,0.143296,0.004656,0.13456,1000,0.143008,0.143584,5,53.244,baseline_cusparse_default,67.715,78.63,joined,False,stream,1,kCsrNaive,ckl_spmv,kMerge,,1,False,1.0657,4065280,32,8192,2,32091252,46826156,pending ncu round,True,,,,,,,,,,,2.7e-07,3.0143e-05,CUBLAS_DEFAULT_MATH,,False,2497.0,True,2500,42,36.9,13030,13030,False,2,1155de478289f4a7d40687f87000848267619032,ok,,
spmv,naive,fp32,131072,131072,0,synthetic:131072:seed3,3810264,0.171552,0.004128,0.157632,1000,0.171552,0.171584,5,44.421,baseline_cusparse_default,62.308,71.29,joined,True,stream,1,kCsrNaive,ckl_spmv,kMerge,,1,False,1.0632,4051136,32,8192,2,32054980,46771748,pending ncu round,True,,,,,,,,,,,2.47e-07,3.0143e-05,CUBLAS_DEFAULT_MATH,,False,2497.0,True,2500,36,51.5,13030,13030,True,2,1155de478289f4a7d40687f87000848267619032,ok,,
spmv,naive,fp32,131072,131072,0,synthetic:131072:seed3,3810264,0.144608,0.005032,0.13552,1000,0.144352,0.1448,5,52.698,baseline_cusparse_default,67.895,77.62,joined,False,stream,1,kCsrNaive,ckl_spmv,kMerge,,1,False,1.0632,4051136,32,8192,2,32054980,46771748,pending ncu round,True,,,,,,,,,,,2.47e-07,3.0143e-05,CUBLAS_DEFAULT_MATH,,False,2497.0,True,2500,35,38.4,13030,13030,False,2,1155de478289f4a7d40687f87000848267619032,ok,,
spmv,naive,fp32,131072,131072,0,synthetic:131072:seed4,3804246,0.169536,0.004192,0.159072,1000,0.169536,0.169568,5,44.878,baseline_cusparse_default,62.193,72.16,joined,True,stream,1,kCsrNaive,ckl_spmv,kMerge,,1,False,1.0687,4065696,32,8192,2,32006836,46699532,pending ncu round,True,,,,,,,,,,,2.65e-07,3.0143e-05,CUBLAS_DEFAULT_MATH,,False,2497.0,True,2500,40,54.5,13030,13030,True,2,1155de478289f4a7d40687f87000848267619032,ok,,
spmv,naive,fp32,131072,131072,0,synthetic:131072:seed4,3804246,0.14272,0.004672,0.13424,1000,0.142624,0.142752,5,53.311,baseline_cusparse_default,68.001,78.4,joined,False,stream,1,kCsrNaive,ckl_spmv,kMerge,,1,False,1.0687,4065696,32,8192,2,32006836,46699532,pending ncu round,True,,,,,,,,,,,2.65e-07,3.0143e-05,CUBLAS_DEFAULT_MATH,,False,2497.0,True,2500,38,39.8,13030,13030,False,2,1155de478289f4a7d40687f87000848267619032,ok,,
spmv,naive,fp32,131072,131072,0,synthetic:131072:seed5,3819999,0.171424,0.004064,0.161728,1000,0.171424,0.171488,5,44.568,baseline_cusparse_default,62.451,71.36,joined,True,stream,1,kCsrNaive,ckl_spmv,kMerge,,1,False,1.0602,4049920,32,8192,2,32132860,46888568,pending ncu round,True,,,,,,,,,,,2.27e-07,3.0143e-05,CUBLAS_DEFAULT_MATH,,False,2497.0,True,2500,36,57.5,13030,13030,True,2,1155de478289f4a7d40687f87000848267619032,ok,,
spmv,naive,fp32,131072,131072,0,synthetic:131072:seed5,3819999,0.145024,0.005064,0.135648,1000,0.144464,0.145344,5,52.681,baseline_cusparse_default,68.098,77.36,joined,False,stream,1,kCsrNaive,ckl_spmv,kMerge,,1,False,1.0602,4049920,32,8192,2,32132860,46888568,pending ncu round,True,,,,,,,,,,,2.27e-07,3.0143e-05,CUBLAS_DEFAULT_MATH,,False,2497.0,True,2500,35,39.2,13030,13030,False,2,1155de478289f4a7d40687f87000848267619032,ok,,
spmv,naive,fp32,1000005,1000005,0,webbase-1M,3105536,0.31904,0.002144,0.307104,1000,0.319008,0.32096,5,19.468,baseline_cusparse_default,64.893,30.0,joined,True,stream,1,kCsrNaive,ckl_spmv,kMerge,,1,False,1.2374,3842784,4,8192,2,36844352,45266476,pending ncu round,True,,,,,,,,,,,3.91e-07,6.5381e-05,CUBLAS_DEFAULT_MATH,,False,2497.0,True,2500,38,48.3,13030,13030,True,2,1155de478289f4a7d40687f87000848267619032,ok,,
spmv,naive,fp32,1000005,1000005,0,webbase-1M,3105536,0.143904,0.001288,0.14064,1000,0.14384,0.144192,5,43.161,baseline_cusparse_default,98.376,43.87,joined,False,stream,1,kCsrNaive,ckl_spmv,kMerge,,1,False,1.2374,3842784,4,8192,2,36844352,45266476,pending ncu round,True,,,,,,,,,,,3.91e-07,6.5381e-05,CUBLAS_DEFAULT_MATH,,False,2497.0,True,2500,37,32.6,13030,13030,False,2,1155de478289f4a7d40687f87000848267619032,ok,,
spmv,sell,fp32,62451,62451,0,cant,4007383,0.069088,0.002048,0.065088,1000,0.069056,0.069088,5,116.008,baseline_cusparse_default,96.036,120.8,joined,True,stream,1,kSellCSigma,ckl_spmv,kCsrWarp,,1,False,1.0272,4116320,32,256,4,32808480,48588208,pending ncu round,False,,,,,,,,,,,2.97e-07,8.423e-06,CUBLAS_DEFAULT_MATH,,False,2497.0,True,2500,37,44.0,13030,13030,True,2,1155de478289f4a7d40687f87000848267619032,ok,,
spmv,sell,fp32,62451,62451,0,cant,4007383,0.020816,0.001312,0.0176,1000,0.020448,0.021152,5,385.029,baseline_cusparse_default,154.989,248.42,joined,False,stream,1,kSellCSigma,ckl_spmv,kCsrWarp,,1,False,1.0272,4116320,32,256,4,32808480,48588208,pending ncu round,False,,,,,,,,,,,2.97e-07,8.423e-06,CUBLAS_DEFAULT_MATH,,False,2497.0,True,2500,35,30.8,13030,13030,False,2,1155de478289f4a7d40687f87000848267619032,ok,,
spmv,sell,fp32,525825,525825,0,mc2depi,2100225,0.052704,0.000256,0.044992,1000,0.05072,0.052736,5,79.699,baseline_cusparse_default,60.77,131.15,joined,True,stream,1,kSellCSigma,ckl_spmv,kCsrVector,,1,False,1.0015,2103296,4,256,2,23111704,29409304,pending ncu round,False,,,,,,,,,,,2.31e-07,1.907e-06,CUBLAS_DEFAULT_MATH,,False,2497.0,True,2500,45,46.4,13030,13030,True,2,1155de478289f4a7d40687f87000848267619032,ok,,
spmv,sell,fp32,525825,525825,0,mc2depi,2100225,0.017344,0.00176,0.01376,1000,0.017312,0.01744,5,242.185,baseline_cusparse_default,88.156,274.72,joined,False,stream,1,kSellCSigma,ckl_spmv,kCsrVector,,1,False,1.0015,2103296,4,256,2,23111704,29409304,pending ncu round,False,,,,,,,,,,,2.31e-07,1.907e-06,CUBLAS_DEFAULT_MATH,,False,2497.0,True,2500,42,30.6,13030,13030,False,2,1155de478289f4a7d40687f87000848267619032,ok,,
spmv,sell,fp32,525825,525825,0,parabolic_fem,3674625,0.076976,0.002048,0.064864,1000,0.07536,0.07704,5,95.475,baseline_cusparse_default,80.669,118.35,joined,True,stream,1,kSellCSigma,ckl_spmv,kCsrVector,,1,False,1.0002,3675424,8,256,2,35706904,48302104,pending ncu round,False,,,,,,,,,,,2.56e-07,2.523e-06,CUBLAS_DEFAULT_MATH,,False,2497.0,True,2500,36,44.0,13030,13030,True,2,1155de478289f4a7d40687f87000848267619032,ok,,
spmv,sell,fp32,525825,525825,0,parabolic_fem,3674625,0.026432,0.001248,0.022976,1000,0.026176,0.026608,5,278.044,baseline_cusparse_default,107.824,257.87,joined,False,stream,1,kSellCSigma,ckl_spmv,kCsrVector,,1,False,1.0002,3675424,8,256,2,35706904,48302104,pending ncu round,False,,,,,,,,,,,2.56e-07,2.523e-06,CUBLAS_DEFAULT_MATH,,False,2497.0,True,2500,37,31.4,13030,13030,False,2,1155de478289f4a7d40687f87000848267619032,ok,,
spmv,sell,fp32,36417,36417,0,pdb1HYS,4344765,0.077344,0.000104,0.071392,1000,0.077344,0.077344,5,112.349,baseline_cusparse_default,99.323,113.11,joined,True,stream,1,kSellCSigma,ckl_spmv,kCsrWarp,,1,False,1.0648,4626336,32,256,4,35195128,52428520,pending ncu round,False,,,,,,,,,,,5.21e-07,1.3621e-05,CUBLAS_DEFAULT_MATH,,False,2497.0,True,2500,46,44.2,13030,13030,True,2,1155de478289f4a7d40687f87000848267619032,ok,,
spmv,sell,fp32,36417,36417,0,pdb1HYS,4344765,0.0232,0.00192,0.019968,1000,0.02256,0.023488,5,374.549,baseline_cusparse_default,119.572,313.24,joined,False,stream,1,kSellCSigma,ckl_spmv,kCsrWarp,,1,False,1.0648,4626336,32,256,4,35195128,52428520,pending ncu round,False,,,,,,,,,,,5.21e-07,1.3621e-05,CUBLAS_DEFAULT_MATH,,False,2497.0,True,2500,36,30.0,13030,13030,False,2,1155de478289f4a7d40687f87000848267619032,ok,,
spmv,sell,fp32,170998,170998,0,scircuit,958936,0.058912,0.000512,0.050304,1000,0.058912,0.058912,5,32.555,baseline_cusparse_default,41.391,78.65,joined,True,stream,1,kSellCSigma,ckl_spmv,kMerge,,1,False,1.0578,1014336,8,8192,2,9723468,12875220,pending ncu round,True,,,,,,,,,,,4.48e-07,1.7918e-05,CUBLAS_DEFAULT_MATH,,False,2497.0,True,2500,37,43.7,13030,13030,True,2,1155de478289f4a7d40687f87000848267619032,ok,,
spmv,sell,fp32,170998,170998,0,scircuit,958936,0.02656,0.001632,0.023872,1000,0.026496,0.026624,5,72.209,baseline_cusparse_default,63.556,113.61,joined,False,stream,1,kSellCSigma,ckl_spmv,kMerge,,1,False,1.0578,1014336,8,8192,2,9723468,12875220,pending ncu round,True,,,,,,,,,,,4.48e-07,1.7918e-05,CUBLAS_DEFAULT_MATH,,False,2497.0,True,2500,36,31.2,13030,13030,False,2,1155de478289f4a7d40687f87000848267619032,ok,,
spmv,sell,fp32,4847571,4847571,0,soc-LiveJournal1,68993773,2.615776,0.010208,2.591168,696,2.613632,2.619328,5,52.752,baseline_cusparse_default,89.6,58.88,joined,True,stream,1,kSellCSigma,ckl_spmv,kMerge,,1,False,1.09,75204704,16,8192,0,610121040,866705848,pending ncu round,True,,,,,,,,,,,2.58e-07,0.000135854,CUBLAS_DEFAULT_MATH,,False,2497.0,True,2500,51,95.4,13030,13030,True,2,1155de478289f4a7d40687f87000848267619032,ok,,
spmv,sell,fp32,4847571,4847571,0,soc-LiveJournal1,68993773,2.593344,0.01472,2.564128,734,2.591488,2.602784,5,53.208,baseline_cusparse_default,94.815,56.12,joined,False,stream,1,kSellCSigma,ckl_spmv,kMerge,,1,False,1.09,75204704,16,8192,0,610121040,866705848,pending ncu round,True,,,,,,,,,,,2.58e-07,0.000135854,CUBLAS_DEFAULT_MATH,,False,2497.0,True,2500,42,92.1,13030,13030,False,2,1155de478289f4a7d40687f87000848267619032,ok,,
spmv,sell,fp32,131072,131072,0,synthetic:131072:seed1,3861228,0.191888,0.026504,0.179744,1000,0.190032,0.192,5,40.245,baseline_cusparse_default,63.092,63.79,joined,True,stream,1,kSellCSigma,ckl_spmv,kMerge,,1,False,1.0609,4096448,32,8192,2,32462692,47383316,pending ncu round,True,,,,,,,,,,,2.25e-07,3.0143e-05,CUBLAS_DEFAULT_MATH,,False,2497.0,True,2500,48,49.8,13030,13030,True,2,1155de478289f4a7d40687f87000848267619032,ok,,
spmv,sell,fp32,131072,131072,0,synthetic:131072:seed1,3861228,0.182624,0.030528,0.168256,1000,0.181152,0.184336,5,42.286,baseline_cusparse_default,68.539,61.7,joined,False,stream,1,kSellCSigma,ckl_spmv,kMerge,,1,False,1.0609,4096448,32,8192,2,32462692,47383316,pending ncu round,True,,,,,,,,,,,2.25e-07,3.0143e-05,CUBLAS_DEFAULT_MATH,,False,2497.0,True,2500,36,36.4,13030,13030,False,2,1155de478289f4a7d40687f87000848267619032,ok,,
spmv,sell,fp32,131072,131072,0,synthetic:131072:seed2,3814798,0.192032,0.035384,0.183328,1000,0.191904,0.194032,5,39.731,baseline_cusparse_default,62.382,63.69,joined,True,stream,1,kSellCSigma,ckl_spmv,kMerge,,1,False,1.0657,4065280,32,8192,2,32091252,46826156,pending ncu round,True,,,,,,,,,,,2.7e-07,3.0143e-05,CUBLAS_DEFAULT_MATH,,False,2497.0,True,2500,43,50.7,13030,13030,True,2,1155de478289f4a7d40687f87000848267619032,ok,,
spmv,sell,fp32,131072,131072,0,synthetic:131072:seed2,3814798,0.187776,0.038128,0.16992,1000,0.187504,0.190144,5,40.631,baseline_cusparse_default,67.715,60.0,joined,False,stream,1,kSellCSigma,ckl_spmv,kMerge,,1,False,1.0657,4065280,32,8192,2,32091252,46826156,pending ncu round,True,,,,,,,,,,,2.7e-07,3.0143e-05,CUBLAS_DEFAULT_MATH,,False,2497.0,True,2500,41,34.9,13030,13030,False,2,1155de478289f4a7d40687f87000848267619032,ok,,
spmv,sell,fp32,131072,131072,0,synthetic:131072:seed3,3810264,0.192032,0.034824,0.180128,1000,0.191904,0.19208,5,39.684,baseline_cusparse_default,62.308,63.69,joined,True,stream,1,kSellCSigma,ckl_spmv,kMerge,,1,False,1.0632,4051136,32,8192,2,32054980,46771748,pending ncu round,True,,,,,,,,,,,2.47e-07,3.0143e-05,CUBLAS_DEFAULT_MATH,,False,2497.0,True,2500,35,49.6,13030,13030,True,2,1155de478289f4a7d40687f87000848267619032,ok,,
spmv,sell,fp32,131072,131072,0,synthetic:131072:seed3,3810264,0.18496,0.035344,0.170048,1000,0.1836,0.189456,5,41.201,baseline_cusparse_default,67.895,60.68,joined,False,stream,1,kSellCSigma,ckl_spmv,kMerge,,1,False,1.0632,4051136,32,8192,2,32054980,46771748,pending ncu round,True,,,,,,,,,,,2.47e-07,3.0143e-05,CUBLAS_DEFAULT_MATH,,False,2497.0,True,2500,35,35.4,13030,13030,False,2,1155de478289f4a7d40687f87000848267619032,ok,,
spmv,sell,fp32,131072,131072,0,synthetic:131072:seed4,3804246,0.191984,0.040936,0.179744,1000,0.18992,0.192048,5,39.631,baseline_cusparse_default,62.193,63.72,joined,True,stream,1,kSellCSigma,ckl_spmv,kMerge,,1,False,1.0687,4065696,32,8192,2,32006836,46699532,pending ncu round,True,,,,,,,,,,,2.65e-07,3.0143e-05,CUBLAS_DEFAULT_MATH,,False,2497.0,True,2500,37,46.5,13030,13030,True,2,1155de478289f4a7d40687f87000848267619032,ok,,
spmv,sell,fp32,131072,131072,0,synthetic:131072:seed4,3804246,0.18936,0.039176,0.168288,1000,0.186528,0.19304,5,40.18,baseline_cusparse_default,68.001,59.09,joined,False,stream,1,kSellCSigma,ckl_spmv,kMerge,,1,False,1.0687,4065696,32,8192,2,32006836,46699532,pending ncu round,True,,,,,,,,,,,2.65e-07,3.0143e-05,CUBLAS_DEFAULT_MATH,,False,2497.0,True,2500,35,35.5,13030,13030,False,2,1155de478289f4a7d40687f87000848267619032,ok,,
spmv,sell,fp32,131072,131072,0,synthetic:131072:seed5,3819999,0.192064,0.0408,0.181568,1000,0.192016,0.193952,5,39.778,baseline_cusparse_default,62.451,63.69,joined,True,stream,1,kSellCSigma,ckl_spmv,kMerge,,1,False,1.0602,4049920,32,8192,2,32132860,46888568,pending ncu round,True,,,,,,,,,,,2.27e-07,3.0143e-05,CUBLAS_DEFAULT_MATH,,False,2497.0,True,2500,47,51.4,13030,13030,True,2,1155de478289f4a7d40687f87000848267619032,ok,,
spmv,sell,fp32,131072,131072,0,synthetic:131072:seed5,3819999,0.184688,0.035752,0.169408,1000,0.182208,0.18544,5,41.367,baseline_cusparse_default,68.098,60.75,joined,False,stream,1,kSellCSigma,ckl_spmv,kMerge,,1,False,1.0602,4049920,32,8192,2,32132860,46888568,pending ncu round,True,,,,,,,,,,,2.27e-07,3.0143e-05,CUBLAS_DEFAULT_MATH,,False,2497.0,True,2500,35,35.6,13030,13030,False,2,1155de478289f4a7d40687f87000848267619032,ok,,
spmv,sell,fp32,1000005,1000005,0,webbase-1M,3105536,0.49728,0.002144,0.473568,1000,0.497216,0.499104,5,12.49,baseline_cusparse_default,64.893,19.25,joined,True,stream,1,kSellCSigma,ckl_spmv,kMerge,,1,False,1.2374,3842784,4,8192,2,36844352,45266476,pending ncu round,True,,,,,,,,,,,3.91e-07,6.5381e-05,CUBLAS_DEFAULT_MATH,,False,2497.0,True,2500,38,48.3,13030,13030,True,2,1155de478289f4a7d40687f87000848267619032,ok,,
spmv,sell,fp32,1000005,1000005,0,webbase-1M,3105536,0.20824,0.002368,0.204256,1000,0.208032,0.208384,5,29.827,baseline_cusparse_default,98.376,30.32,joined,False,stream,1,kSellCSigma,ckl_spmv,kMerge,,1,False,1.2374,3842784,4,8192,2,36844352,45266476,pending ncu round,True,,,,,,,,,,,3.91e-07,6.5381e-05,CUBLAS_DEFAULT_MATH,,False,2497.0,True,2500,38,32.1,13030,13030,False,2,1155de478289f4a7d40687f87000848267619032,ok,,
spmv,vector,fp32,62451,62451,0,cant,4007383,0.0912,0.002048,0.075744,1000,0.09112,0.091488,5,87.881,baseline_cusparse_default,96.036,91.51,joined,True,stream,1,kCsrVector,ckl_spmv,kCsrWarp,,1,False,1.0272,4116320,32,256,4,32808480,48588208,pending ncu round,False,,,,,,,,,,,1.74e-07,8.423e-06,CUBLAS_DEFAULT_MATH,,False,2497.0,True,2500,39,45.6,13030,13030,True,2,1155de478289f4a7d40687f87000848267619032,ok,,
spmv,vector,fp32,62451,62451,0,cant,4007383,0.039136,0.00084,0.036768,1000,0.039024,0.039584,5,204.793,baseline_cusparse_default,154.989,132.13,joined,False,stream,1,kCsrVector,ckl_spmv,kCsrWarp,,1,False,1.0272,4116320,32,256,4,32808480,48588208,pending ncu round,False,,,,,,,,,,,1.74e-07,8.423e-06,CUBLAS_DEFAULT_MATH,,False,2497.0,True,2500,46,32.6,13030,13030,False,2,1155de478289f4a7d40687f87000848267619032,ok,,
spmv,vector,fp32,525825,525825,0,mc2depi,2100225,0.067136,0.00208,0.0528,1000,0.067136,0.06912,5,62.566,baseline_cusparse_default,60.77,102.96,joined,True,stream,1,kCsrVector,ckl_spmv,kCsrVector,,1,False,1.0015,2103296,4,256,2,23111704,29409304,pending ncu round,False,,,,,,,,,,,2.29e-07,1.907e-06,CUBLAS_DEFAULT_MATH,,False,2497.0,True,2500,46,43.2,13030,13030,True,2,1155de478289f4a7d40687f87000848267619032,ok,,
spmv,vector,fp32,525825,525825,0,mc2depi,2100225,0.028864,0.000896,0.026208,1000,0.02864,0.029248,5,145.526,baseline_cusparse_default,88.156,165.08,joined,False,stream,1,kCsrVector,ckl_spmv,kCsrVector,,1,False,1.0015,2103296,4,256,2,23111704,29409304,pending ncu round,False,,,,,,,,,,,2.29e-07,1.907e-06,CUBLAS_DEFAULT_MATH,,False,2497.0,True,2500,41,31.4,13030,13030,False,2,1155de478289f4a7d40687f87000848267619032,ok,,
spmv,vector,fp32,525825,525825,0,parabolic_fem,3674625,0.103712,0.00208,0.087232,1000,0.103168,0.103776,5,70.862,baseline_cusparse_default,80.669,87.84,joined,True,stream,1,kCsrVector,ckl_spmv,kCsrVector,,1,False,1.0002,3675424,8,256,2,35706904,48302104,pending ncu round,False,,,,,,,,,,,2.62e-07,2.523e-06,CUBLAS_DEFAULT_MATH,,False,2497.0,True,2500,50,50.0,13030,13030,True,2,1155de478289f4a7d40687f87000848267619032,ok,,
spmv,vector,fp32,525825,525825,0,parabolic_fem,3674625,0.052224,0.001568,0.04992,1000,0.052,0.0528,5,140.726,baseline_cusparse_default,107.824,130.51,joined,False,stream,1,kCsrVector,ckl_spmv,kCsrVector,,1,False,1.0002,3675424,8,256,2,35706904,48302104,pending ncu round,False,,,,,,,,,,,2.62e-07,2.523e-06,CUBLAS_DEFAULT_MATH,,False,2497.0,True,2500,35,34.1,13030,13030,False,2,1155de478289f4a7d40687f87000848267619032,ok,,
spmv,vector,fp32,36417,36417,0,pdb1HYS,4344765,0.077696,0.002048,0.062816,1000,0.077408,0.078784,5,111.84,baseline_cusparse_default,99.323,112.6,joined,True,stream,1,kCsrVector,ckl_spmv,kCsrWarp,,1,False,1.0648,4626336,32,256,4,35195128,52428520,pending ncu round,False,,,,,,,,,,,2.05e-07,1.3621e-05,CUBLAS_DEFAULT_MATH,,False,2497.0,True,2500,39,43.9,13030,13030,True,2,1155de478289f4a7d40687f87000848267619032,ok,,
spmv,vector,fp32,36417,36417,0,pdb1HYS,4344765,0.028416,0.001056,0.025728,1000,0.028384,0.028928,5,305.797,baseline_cusparse_default,119.572,255.74,joined,False,stream,1,kCsrVector,ckl_spmv,kCsrWarp,,1,False,1.0648,4626336,32,256,4,35195128,52428520,pending ncu round,False,,,,,,,,,,,2.05e-07,1.3621e-05,CUBLAS_DEFAULT_MATH,,False,2497.0,True,2500,36,31.2,13030,13030,False,2,1155de478289f4a7d40687f87000848267619032,ok,,
spmv,vector,fp32,170998,170998,0,scircuit,958936,0.046496,0.002048,0.032032,1000,0.044576,0.046528,5,41.248,baseline_cusparse_default,41.391,99.65,joined,True,stream,1,kCsrVector,ckl_spmv,kMerge,,1,False,1.0578,1014336,8,8192,2,9723468,12875220,pending ncu round,True,,,,,,,,,,,3.37e-07,1.7918e-05,CUBLAS_DEFAULT_MATH,,False,2497.0,True,2500,45,41.2,13030,13030,True,2,1155de478289f4a7d40687f87000848267619032,ok,,
spmv,vector,fp32,170998,170998,0,scircuit,958936,0.023168,0.001216,0.02048,1000,0.02256,0.023904,5,82.781,baseline_cusparse_default,63.556,130.25,joined,False,stream,1,kCsrVector,ckl_spmv,kMerge,,1,False,1.0578,1014336,8,8192,2,9723468,12875220,pending ncu round,True,,,,,,,,,,,3.37e-07,1.7918e-05,CUBLAS_DEFAULT_MATH,,False,2497.0,True,2500,35,30.9,13030,13030,False,2,1155de478289f4a7d40687f87000848267619032,ok,,
spmv,vector,fp32,4847571,4847571,0,soc-LiveJournal1,68993773,1.947136,0.002672,1.942784,911,1.946176,1.947168,5,70.867,baseline_cusparse_default,89.6,79.09,joined,True,stream,1,kCsrVector,ckl_spmv,kMerge,,1,False,1.09,75204704,16,8192,0,610121040,866705848,pending ncu round,True,,,,,,,,,,,2.39e-07,0.000135854,CUBLAS_DEFAULT_MATH,,False,2497.0,True,2500,45,129.6,13030,13030,True,2,1155de478289f4a7d40687f87000848267619032,ok,,
spmv,vector,fp32,4847571,4847571,0,soc-LiveJournal1,68993773,1.906016,0.005592,1.899296,992,1.905696,1.906128,5,72.396,baseline_cusparse_default,94.815,76.36,joined,False,stream,1,kCsrVector,ckl_spmv,kMerge,,1,False,1.09,75204704,16,8192,0,610121040,866705848,pending ncu round,True,,,,,,,,,,,2.39e-07,0.000135854,CUBLAS_DEFAULT_MATH,,False,2497.0,True,2500,46,133.5,13030,13030,False,2,1155de478289f4a7d40687f87000848267619032,ok,,
spmv,vector,fp32,131072,131072,0,synthetic:131072:seed1,3861228,0.114208,0.000128,0.103968,1000,0.114208,0.114208,5,67.617,baseline_cusparse_default,63.092,107.17,joined,True,stream,1,kCsrVector,ckl_spmv,kMerge,,1,False,1.0609,4096448,32,8192,2,32462692,47383316,pending ncu round,True,,,,,,,,,,,1.79e-07,3.0143e-05,CUBLAS_DEFAULT_MATH,,False,2497.0,True,2500,35,50.0,13030,13030,True,2,1155de478289f4a7d40687f87000848267619032,ok,,
spmv,vector,fp32,131072,131072,0,synthetic:131072:seed1,3861228,0.090688,0.001488,0.088128,1000,0.090496,0.091136,5,85.154,baseline_cusparse_default,68.539,124.24,joined,False,stream,1,kCsrVector,ckl_spmv,kMerge,,1,False,1.0609,4096448,32,8192,2,32462692,47383316,pending ncu round,True,,,,,,,,,,,1.79e-07,3.0143e-05,CUBLAS_DEFAULT_MATH,,False,2497.0,True,2500,35,36.7,13030,13030,False,2,1155de478289f4a7d40687f87000848267619032,ok,,
spmv,vector,fp32,131072,131072,0,synthetic:131072:seed2,3814798,0.11216,0.000128,0.102272,1000,0.11216,0.11216,5,68.024,baseline_cusparse_default,62.382,109.04,joined,True,stream,1,kCsrVector,ckl_spmv,kMerge,,1,False,1.0657,4065280,32,8192,2,32091252,46826156,pending ncu round,True,,,,,,,,,,,2.21e-07,3.0143e-05,CUBLAS_DEFAULT_MATH,,False,2497.0,True,2500,35,49.9,13030,13030,True,2,1155de478289f4a7d40687f87000848267619032,ok,,
spmv,vector,fp32,131072,131072,0,synthetic:131072:seed2,3814798,0.089088,0.002688,0.086464,1000,0.088736,0.089376,5,85.641,baseline_cusparse_default,67.715,126.47,joined,False,stream,1,kCsrVector,ckl_spmv,kMerge,,1,False,1.0657,4065280,32,8192,2,32091252,46826156,pending ncu round,True,,,,,,,,,,,2.21e-07,3.0143e-05,CUBLAS_DEFAULT_MATH,,False,2497.0,True,2500,36,38.4,13030,13030,False,2,1155de478289f4a7d40687f87000848267619032,ok,,
spmv,vector,fp32,131072,131072,0,synthetic:131072:seed3,3810264,0.114208,0.000128,0.099776,1000,0.114176,0.114208,5,66.725,baseline_cusparse_default,62.308,107.09,joined,True,stream,1,kCsrVector,ckl_spmv,kMerge,,1,False,1.0632,4051136,32,8192,2,32054980,46771748,pending ncu round,True,,,,,,,,,,,2.1e-07,3.0143e-05,CUBLAS_DEFAULT_MATH,,False,2497.0,True,2500,36,48.9,13030,13030,True,2,1155de478289f4a7d40687f87000848267619032,ok,,
spmv,vector,fp32,131072,131072,0,synthetic:131072:seed3,3810264,0.08992,0.001832,0.086848,1000,0.0896,0.09008,5,84.748,baseline_cusparse_default,67.895,124.82,joined,False,stream,1,kCsrVector,ckl_spmv,kMerge,,1,False,1.0632,4051136,32,8192,2,32054980,46771748,pending ncu round,True,,,,,,,,,,,2.1e-07,3.0143e-05,CUBLAS_DEFAULT_MATH,,False,2497.0,True,2500,35,37.6,13030,13030,False,2,1155de478289f4a7d40687f87000848267619032,ok,,
spmv,vector,fp32,131072,131072,0,synthetic:131072:seed4,3804246,0.112096,0.001984,0.102336,1000,0.112064,0.112128,5,67.875,baseline_cusparse_default,62.193,109.14,joined,True,stream,1,kCsrVector,ckl_spmv,kMerge,,1,False,1.0687,4065696,32,8192,2,32006836,46699532,pending ncu round,True,,,,,,,,,,,1.86e-07,3.0143e-05,CUBLAS_DEFAULT_MATH,,False,2497.0,True,2500,35,52.1,13030,13030,True,2,1155de478289f4a7d40687f87000848267619032,ok,,
spmv,vector,fp32,131072,131072,0,synthetic:131072:seed4,3804246,0.088992,0.001504,0.086112,1000,0.088256,0.089344,5,85.496,baseline_cusparse_default,68.001,125.73,joined,False,stream,1,kCsrVector,ckl_spmv,kMerge,,1,False,1.0687,4065696,32,8192,2,32006836,46699532,pending ncu round,True,,,,,,,,,,,1.86e-07,3.0143e-05,CUBLAS_DEFAULT_MATH,,False,2497.0,True,2500,35,35.2,13030,13030,False,2,1155de478289f4a7d40687f87000848267619032,ok,,
spmv,vector,fp32,131072,131072,0,synthetic:131072:seed5,3819999,0.11216,0.000128,0.10176,1000,0.112128,0.11216,5,68.117,baseline_cusparse_default,62.451,109.07,joined,True,stream,1,kCsrVector,ckl_spmv,kMerge,,1,False,1.0602,4049920,32,8192,2,32132860,46888568,pending ncu round,True,,,,,,,,,,,1.88e-07,3.0143e-05,CUBLAS_DEFAULT_MATH,,False,2497.0,True,2500,38,51.4,13030,13030,True,2,1155de478289f4a7d40687f87000848267619032,ok,,
spmv,vector,fp32,131072,131072,0,synthetic:131072:seed5,3819999,0.089568,0.001504,0.086656,1000,0.089376,0.089888,5,85.298,baseline_cusparse_default,68.098,125.26,joined,False,stream,1,kCsrVector,ckl_spmv,kMerge,,1,False,1.0602,4049920,32,8192,2,32132860,46888568,pending ncu round,True,,,,,,,,,,,1.88e-07,3.0143e-05,CUBLAS_DEFAULT_MATH,,False,2497.0,True,2500,40,35.6,13030,13030,False,2,1155de478289f4a7d40687f87000848267619032,ok,,
spmv,vector,fp32,1000005,1000005,0,webbase-1M,3105536,0.122336,0.002024,0.108448,1000,0.122336,0.122336,5,50.771,baseline_cusparse_default,64.893,78.24,joined,True,stream,1,kCsrVector,ckl_spmv,kMerge,,1,False,1.2374,3842784,4,8192,2,36844352,45266476,pending ncu round,True,,,,,,,,,,,2.27e-07,6.5381e-05,CUBLAS_DEFAULT_MATH,,False,2497.0,True,2500,46,49.6,13030,13030,True,2,1155de478289f4a7d40687f87000848267619032,ok,,
spmv,vector,fp32,1000005,1000005,0,webbase-1M,3105536,0.053728,0.000904,0.051392,1000,0.05344,0.053984,5,115.602,baseline_cusparse_default,98.376,117.51,joined,False,stream,1,kCsrVector,ckl_spmv,kMerge,,1,False,1.2374,3842784,4,8192,2,36844352,45266476,pending ncu round,True,,,,,,,,,,,2.27e-07,6.5381e-05,CUBLAS_DEFAULT_MATH,,False,2497.0,True,2500,44,35.4,13030,13030,False,2,1155de478289f4a7d40687f87000848267619032,ok,,
spmv,warp,fp32,62451,62451,0,cant,4007383,0.091488,0.002048,0.076512,1000,0.091392,0.09152,5,87.605,baseline_cusparse_default,96.036,91.22,joined,True,stream,1,kCsrWarp,ckl_spmv,kCsrWarp,,1,False,1.0272,4116320,32,256,4,32808480,48588208,pending ncu round,False,,,,,,,,,,,1.74e-07,8.423e-06,CUBLAS_DEFAULT_MATH,,False,2497.0,True,2500,38,45.8,13030,13030,True,2,1155de478289f4a7d40687f87000848267619032,ok,,
spmv,warp,fp32,62451,62451,0,cant,4007383,0.039008,0.001536,0.036832,1000,0.03888,0.039712,5,205.465,baseline_cusparse_default,154.989,132.57,joined,False,stream,1,kCsrWarp,ckl_spmv,kCsrWarp,,1,False,1.0272,4116320,32,256,4,32808480,48588208,pending ncu round,False,,,,,,,,,,,1.74e-07,8.423e-06,CUBLAS_DEFAULT_MATH,,False,2497.0,True,2500,35,31.9,13030,13030,False,2,1155de478289f4a7d40687f87000848267619032,ok,,
spmv,warp,fp32,525825,525825,0,mc2depi,2100225,0.31904,0.001952,0.312032,1000,0.319008,0.320848,5,13.166,baseline_cusparse_default,60.77,21.67,joined,True,stream,1,kCsrWarp,ckl_spmv,kCsrVector,,1,False,1.0015,2103296,4,256,2,23111704,29409304,pending ncu round,False,,,,,,,,,,,2.29e-07,1.907e-06,CUBLAS_DEFAULT_MATH,,False,2497.0,True,2500,48,54.9,13030,13030,True,2,1155de478289f4a7d40687f87000848267619032,ok,,
spmv,warp,fp32,525825,525825,0,mc2depi,2100225,0.191104,0.001736,0.18832,1000,0.19104,0.191232,5,21.98,baseline_cusparse_default,88.156,24.93,joined,False,stream,1,kCsrWarp,ckl_spmv,kCsrVector,,1,False,1.0015,2103296,4,256,2,23111704,29409304,pending ncu round,False,,,,,,,,,,,2.29e-07,1.907e-06,CUBLAS_DEFAULT_MATH,,False,2497.0,True,2500,36,38.8,13030,13030,False,2,1155de478289f4a7d40687f87000848267619032,ok,,
spmv,warp,fp32,525825,525825,0,parabolic_fem,3674625,0.302624,0.00016,0.289504,1000,0.302592,0.302624,5,24.285,baseline_cusparse_default,80.669,30.1,joined,True,stream,1,kCsrWarp,ckl_spmv,kCsrVector,,1,False,1.0002,3675424,8,256,2,35706904,48302104,pending ncu round,False,,,,,,,,,,,2.62e-07,2.523e-06,CUBLAS_DEFAULT_MATH,,False,2497.0,True,2500,44,60.0,13030,13030,True,2,1155de478289f4a7d40687f87000848267619032,ok,,
spmv,warp,fp32,525825,525825,0,parabolic_fem,3674625,0.192864,0.001152,0.18992,1000,0.192704,0.19312,5,38.106,baseline_cusparse_default,107.824,35.34,joined,False,stream,1,kCsrWarp,ckl_spmv,kCsrVector,,1,False,1.0002,3675424,8,256,2,35706904,48302104,pending ncu round,False,,,,,,,,,,,2.62e-07,2.523e-06,CUBLAS_DEFAULT_MATH,,False,2497.0,True,2500,47,41.1,13030,13030,False,2,1155de478289f4a7d40687f87000848267619032,ok,,
spmv,warp,fp32,36417,36417,0,pdb1HYS,4344765,0.079136,0.002048,0.064928,1000,0.077696,0.079168,5,109.805,baseline_cusparse_default,99.323,110.55,joined,True,stream,1,kCsrWarp,ckl_spmv,kCsrWarp,,1,False,1.0648,4626336,32,256,4,35195128,52428520,pending ncu round,False,,,,,,,,,,,2.05e-07,1.3621e-05,CUBLAS_DEFAULT_MATH,,False,2497.0,True,2500,39,45.2,13030,13030,True,2,1155de478289f4a7d40687f87000848267619032,ok,,
spmv,warp,fp32,36417,36417,0,pdb1HYS,4344765,0.028608,0.001376,0.025696,1000,0.028352,0.028704,5,303.745,baseline_cusparse_default,119.572,254.03,joined,False,stream,1,kCsrWarp,ckl_spmv,kCsrWarp,,1,False,1.0648,4626336,32,256,4,35195128,52428520,pending ncu round,False,,,,,,,,,,,2.05e-07,1.3621e-05,CUBLAS_DEFAULT_MATH,,False,2497.0,True,2500,42,29.9,13030,13030,False,2,1155de478289f4a7d40687f87000848267619032,ok,,
spmv,warp,fp32,170998,170998,0,scircuit,958936,0.106016,0.00192,0.1,1000,0.106016,0.106048,5,18.09,baseline_cusparse_default,41.391,43.71,joined,True,stream,1,kCsrWarp,ckl_spmv,kMerge,,1,False,1.0578,1014336,8,8192,2,9723468,12875220,pending ncu round,True,,,,,,,,,,,3.37e-07,1.7918e-05,CUBLAS_DEFAULT_MATH,,False,2497.0,True,2500,38,46.9,13030,13030,True,2,1155de478289f4a7d40687f87000848267619032,ok,,
spmv,warp,fp32,170998,170998,0,scircuit,958936,0.067424,0.001344,0.06448,1000,0.067232,0.067552,5,28.445,baseline_cusparse_default,63.556,44.76,joined,False,stream,1,kCsrWarp,ckl_spmv,kMerge,,1,False,1.0578,1014336,8,8192,2,9723468,12875220,pending ncu round,True,,,,,,,,,,,3.37e-07,1.7918e-05,CUBLAS_DEFAULT_MATH,,False,2497.0,True,2500,35,33.2,13030,13030,False,2,1155de478289f4a7d40687f87000848267619032,ok,,
spmv,warp,fp32,4847571,4847571,0,soc-LiveJournal1,68993773,2.984416,0.004096,2.978304,609,2.984256,2.984512,5,46.236,baseline_cusparse_default,89.6,51.6,joined,True,stream,1,kCsrWarp,ckl_spmv,kMerge,,1,False,1.09,75204704,16,8192,0,610121040,866705848,pending ncu round,True,,,,,,,,,,,2.39e-07,0.000135854,CUBLAS_DEFAULT_MATH,,False,2497.0,True,2500,44,115.1,13030,13030,True,2,1155de478289f4a7d40687f87000848267619032,ok,,
spmv,warp,fp32,4847571,4847571,0,soc-LiveJournal1,68993773,2.940896,0.010592,2.93376,665,2.940224,2.941952,5,46.92,baseline_cusparse_default,94.815,49.49,joined,False,stream,1,kCsrWarp,ckl_spmv,kMerge,,1,False,1.09,75204704,16,8192,0,610121040,866705848,pending ncu round,True,,,,,,,,,,,2.39e-07,0.000135854,CUBLAS_DEFAULT_MATH,,False,2497.0,True,2500,55,117.7,13030,13030,False,2,1155de478289f4a7d40687f87000848267619032,ok,,
spmv,warp,fp32,131072,131072,0,synthetic:131072:seed1,3861228,0.114208,0.000128,0.106464,1000,0.114208,0.114208,5,67.617,baseline_cusparse_default,63.092,107.17,joined,True,stream,1,kCsrWarp,ckl_spmv,kMerge,,1,False,1.0609,4096448,32,8192,2,32462692,47383316,pending ncu round,True,,,,,,,,,,,1.79e-07,3.0143e-05,CUBLAS_DEFAULT_MATH,,False,2497.0,True,2500,39,50.7,13030,13030,True,2,1155de478289f4a7d40687f87000848267619032,ok,,
spmv,warp,fp32,131072,131072,0,synthetic:131072:seed1,3861228,0.09072,0.001312,0.088032,1000,0.0904,0.091136,5,85.124,baseline_cusparse_default,68.539,124.2,joined,False,stream,1,kCsrWarp,ckl_spmv,kMerge,,1,False,1.0609,4096448,32,8192,2,32462692,47383316,pending ncu round,True,,,,,,,,,,,1.79e-07,3.0143e-05,CUBLAS_DEFAULT_MATH,,False,2497.0,True,2500,39,38.8,13030,13030,False,2,1155de478289f4a7d40687f87000848267619032,ok,,
spmv,warp,fp32,131072,131072,0,synthetic:131072:seed2,3814798,0.112128,0.00016,0.102336,1000,0.112096,0.112128,5,68.044,baseline_cusparse_default,62.382,109.08,joined,True,stream,1,kCsrWarp,ckl_spmv,kMerge,,1,False,1.0657,4065280,32,8192,2,32091252,46826156,pending ncu round,True,,,,,,,,,,,2.21e-07,3.0143e-05,CUBLAS_DEFAULT_MATH,,False,2497.0,True,2500,51,52.4,13030,13030,True,2,1155de478289f4a7d40687f87000848267619032,ok,,
spmv,warp,fp32,131072,131072,0,synthetic:131072:seed2,3814798,0.089056,0.00256,0.086592,1000,0.088704,0.089376,5,85.672,baseline_cusparse_default,67.715,126.52,joined,False,stream,1,kCsrWarp,ckl_spmv,kMerge,,1,False,1.0657,4065280,32,8192,2,32091252,46826156,pending ncu round,True,,,,,,,,,,,2.21e-07,3.0143e-05,CUBLAS_DEFAULT_MATH,,False,2497.0,True,2500,42,36.4,13030,13030,False,2,1155de478289f4a7d40687f87000848267619032,ok,,
spmv,warp,fp32,131072,131072,0,synthetic:131072:seed3,3810264,0.114176,0.000224,0.099776,1000,0.114144,0.114176,5,66.744,baseline_cusparse_default,62.308,107.12,joined,True,stream,1,kCsrWarp,ckl_spmv,kMerge,,1,False,1.0632,4051136,32,8192,2,32054980,46771748,pending ncu round,True,,,,,,,,,,,2.1e-07,3.0143e-05,CUBLAS_DEFAULT_MATH,,False,2497.0,True,2500,35,47.9,13030,13030,True,2,1155de478289f4a7d40687f87000848267619032,ok,,
spmv,warp,fp32,131072,131072,0,synthetic:131072:seed3,3810264,0.089728,0.001736,0.086848,1000,0.089632,0.090144,5,84.929,baseline_cusparse_default,67.895,125.09,joined,False,stream,1,kCsrWarp,ckl_spmv,kMerge,,1,False,1.0632,4051136,32,8192,2,32054980,46771748,pending ncu round,True,,,,,,,,,,,2.1e-07,3.0143e-05,CUBLAS_DEFAULT_MATH,,False,2497.0,True,2500,36,33.3,13030,13030,False,2,1155de478289f4a7d40687f87000848267619032,ok,,
spmv,warp,fp32,131072,131072,0,synthetic:131072:seed4,3804246,0.110144,0.002016,0.102304,1000,0.110112,0.112,5,69.078,baseline_cusparse_default,62.193,111.07,joined,True,stream,1,kCsrWarp,ckl_spmv,kMerge,,1,False,1.0687,4065696,32,8192,2,32006836,46699532,pending ncu round,True,,,,,,,,,,,1.86e-07,3.0143e-05,CUBLAS_DEFAULT_MATH,,False,2497.0,True,2500,46,51.3,13030,13030,True,2,1155de478289f4a7d40687f87000848267619032,ok,,
spmv,warp,fp32,131072,131072,0,synthetic:131072:seed4,3804246,0.088512,0.000992,0.086336,1000,0.088512,0.088896,5,85.96,baseline_cusparse_default,68.001,126.41,joined,False,stream,1,kCsrWarp,ckl_spmv,kMerge,,1,False,1.0687,4065696,32,8192,2,32006836,46699532,pending ncu round,True,,,,,,,,,,,1.86e-07,3.0143e-05,CUBLAS_DEFAULT_MATH,,False,2497.0,True,2500,44,36.5,13030,13030,False,2,1155de478289f4a7d40687f87000848267619032,ok,,
spmv,warp,fp32,131072,131072,0,synthetic:131072:seed5,3819999,0.11216,0.001744,0.099424,1000,0.11216,0.112192,5,68.117,baseline_cusparse_default,62.451,109.07,joined,True,stream,1,kCsrWarp,ckl_spmv,kMerge,,1,False,1.0602,4049920,32,8192,2,32132860,46888568,pending ncu round,True,,,,,,,,,,,1.88e-07,3.0143e-05,CUBLAS_DEFAULT_MATH,,False,2497.0,True,2500,35,52.6,13030,13030,True,2,1155de478289f4a7d40687f87000848267619032,ok,,
spmv,warp,fp32,131072,131072,0,synthetic:131072:seed5,3819999,0.08976,0.00192,0.0864,1000,0.088992,0.090208,5,85.116,baseline_cusparse_default,68.098,124.99,joined,False,stream,1,kCsrWarp,ckl_spmv,kMerge,,1,False,1.0602,4049920,32,8192,2,32132860,46888568,pending ncu round,True,,,,,,,,,,,1.88e-07,3.0143e-05,CUBLAS_DEFAULT_MATH,,False,2497.0,True,2500,35,37.0,13030,13030,False,2,1155de478289f4a7d40687f87000848267619032,ok,,
spmv,warp,fp32,1000005,1000005,0,webbase-1M,3105536,0.595328,0.002048,0.581024,1000,0.594928,0.595456,5,10.433,baseline_cusparse_default,64.893,16.08,joined,True,stream,1,kCsrWarp,ckl_spmv,kMerge,,1,False,1.2374,3842784,4,8192,2,36844352,45266476,pending ncu round,True,,,,,,,,,,,2.24e-07,6.5381e-05,CUBLAS_DEFAULT_MATH,,False,2497.0,True,2500,39,71.2,13030,13030,True,2,1155de478289f4a7d40687f87000848267619032,ok,,
spmv,warp,fp32,1000005,1000005,0,webbase-1M,3105536,0.358912,0.002784,0.355392,1000,0.358752,0.358944,5,17.305,baseline_cusparse_default,98.376,17.59,joined,False,stream,1,kCsrWarp,ckl_spmv,kMerge,,1,False,1.2374,3842784,4,8192,2,36844352,45266476,pending ncu round,True,,,,,,,,,,,2.24e-07,6.5381e-05,CUBLAS_DEFAULT_MATH,,False,2497.0,True,2500,39,47.9,13030,13030,False,2,1155de478289f4a7d40687f87000848267619032,ok,,
trsm,baseline_cublas,fp32,512,256,0,,0,0.1856,0.002464,0.182816,1000,0.185568,0.18736,5,361.578,baseline_cublas,361.578,100.0,self,True,stream,1,cublas,trsm_cublas,,,1,False,,,,,,,,,,,,,,,,,,,,4.96e-07,2.1579e-05,CUBLAS_DEFAULT_MATH,CUBLAS_GEMM_DEFAULT,False,2497.0,True,2500,37,44.8,13030,13030,True,2,1155de478289f4a7d40687f87000848267619032,ok,,
trsm,baseline_cublas,fp32,512,256,0,,0,0.200704,0.075672,0.163584,1000,0.191648,0.211504,5,334.367,baseline_cublas,334.367,100.0,self,False,stream,1,cublas,trsm_cublas,,,1,False,,,,,,,,,,,,,,,,,,,,4.96e-07,2.1579e-05,CUBLAS_DEFAULT_MATH,CUBLAS_GEMM_DEFAULT,False,2497.0,True,2500,35,32.7,13030,13030,False,2,1155de478289f4a7d40687f87000848267619032,ok,,
trsm,baseline_cublas,fp32,1024,256,0,,0,0.387936,0.004224,0.381568,1000,0.387808,0.388,5,691.958,baseline_cublas,691.958,100.0,self,True,stream,1,cublas,trsm_cublas,,,1,False,,,,,,,,,,,,,,,,,,,,4.75e-07,3.0518e-05,CUBLAS_DEFAULT_MATH,CUBLAS_GEMM_DEFAULT,False,2497.0,True,2500,50,51.7,13030,13030,True,2,1155de478289f4a7d40687f87000848267619032,ok,,
trsm,baseline_cublas,fp32,1024,256,0,,0,0.411776,0.106472,0.3472,1000,0.399568,0.424864,5,651.897,baseline_cublas,651.897,100.0,self,False,stream,1,cublas,trsm_cublas,,,1,False,,,,,,,,,,,,,,,,,,,,4.75e-07,3.0518e-05,CUBLAS_DEFAULT_MATH,CUBLAS_GEMM_DEFAULT,False,2497.0,True,2500,35,37.2,13030,13030,False,2,1155de478289f4a7d40687f87000848267619032,ok,,
trsm,baseline_cublas,fp32,2048,256,0,,0,0.820352,0.0362,0.809856,1000,0.819888,0.825168,5,1308.879,baseline_cublas,1308.879,100.0,self,True,stream,1,cublas,trsm_cublas,,,1,False,,,,,,,,,,,,,,,,,,,,4.61e-07,4.3158e-05,CUBLAS_DEFAULT_MATH,CUBLAS_GEMM_DEFAULT,False,2497.0,True,2500,37,60.9,13030,13030,True,2,1155de478289f4a7d40687f87000848267619032,ok,,
trsm,baseline_cublas,fp32,2048,256,0,,0,0.846864,0.08104,0.743136,1000,0.825392,0.865296,5,1267.903,baseline_cublas,1267.903,100.0,self,False,stream,1,cublas,trsm_cublas,,,1,False,,,,,,,,,,,,,,,,,,,,4.61e-07,4.3158e-05,CUBLAS_DEFAULT_MATH,CUBLAS_GEMM_DEFAULT,False,2497.0,True,2500,36,47.7,13030,13030,False,2,1155de478289f4a7d40687f87000848267619032,ok,,
trsm,blocked,fp32,512,256,0,,0,0.693056,0.00368,0.684928,1000,0.692544,0.693184,5,96.83,baseline_cublas,361.578,26.78,joined,True,stream,1,blocked,free_function,,,1,False,,,,,,,,,,,,,,,,,,,,5.45e-07,2.1579e-05,CUBLAS_DEFAULT_MATH,,False,2497.0,True,2500,48,49.2,13030,13030,True,2,1155de478289f4a7d40687f87000848267619032,ok,,
trsm,blocked,fp32,512,256,0,,0,0.46496,0.01676,0.457248,1000,0.46432,0.465904,5,144.333,baseline_cublas,334.367,43.17,joined,False,stream,1,blocked,free_function,,,1,False,,,,,,,,,,,,,,,,,,,,5.45e-07,2.1579e-05,CUBLAS_DEFAULT_MATH,,False,2497.0,True,2500,37,35.7,13030,13030,False,2,1155de478289f4a7d40687f87000848267619032,ok,,
trsm,blocked,fp32,1024,256,0,,0,1.479744,0.004128,1.467392,1000,1.479696,1.479808,5,181.407,baseline_cublas,691.958,26.22,joined,True,stream,1,blocked,free_function,,,1,False,,,,,,,,,,,,,,,,,,,,7.27e-07,3.0518e-05,CUBLAS_DEFAULT_MATH,,False,2482.0,True,2500,37,54.4,13030,13030,True,2,1155de478289f4a7d40687f87000848267619032,ok,,
trsm,blocked,fp32,1024,256,0,,0,1.019936,0.016552,1.009536,1000,1.018912,1.022208,5,263.189,baseline_cublas,651.897,40.37,joined,False,stream,1,blocked,free_function,,,1,False,,,,,,,,,,,,,,,,,,,,7.27e-07,3.0518e-05,CUBLAS_DEFAULT_MATH,,False,2497.0,True,2500,37,51.6,13030,13030,False,2,1155de478289f4a7d40687f87000848267619032,ok,,
trsm,blocked,fp32,2048,256,0,,0,3.326784,0.005408,3.314944,563,3.326496,3.32784,5,322.757,baseline_cublas,1308.879,24.66,joined,True,stream,1,blocked,free_function,,,1,False,,,,,,,,,,,,,,,,,,,,7.73e-07,4.3158e-05,CUBLAS_DEFAULT_MATH,,False,2482.0,True,2500,50,61.1,13030,13030,True,2,1155de478289f4a7d40687f87000848267619032,ok,,
trsm,blocked,fp32,2048,256,0,,0,2.400288,0.01696,2.384832,783,2.400144,2.435184,5,447.339,baseline_cublas,1267.903,35.28,joined,False,stream,1,blocked,free_function,,,1,False,,,,,,,,,,,,,,,,,,,,7.73e-07,4.3158e-05,CUBLAS_DEFAULT_MATH,,False,2475.0,True,2500,51,67.9,13030,13030,False,2,1155de478289f4a7d40687f87000848267619032,ok,,
trsm,naive,fp32,512,256,0,,0,7.682624,0.011744,7.654016,250,7.67648,8.541952,5,8.735,baseline_cublas,361.578,2.42,joined,True,stream,1,naive,free_function,,,1,False,,,,,,,,,,,,,,,,,,,,1.84e-06,2.1579e-05,CUBLAS_DEFAULT_MATH,,False,2497.0,True,2500,45,36.7,13030,13030,True,2,1155de478289f4a7d40687f87000848267619032,ok,,
trsm,naive,fp32,512,256,0,,0,4.63944,0.016504,4.612,422,4.6392,4.640416,5,14.465,baseline_cublas,334.367,4.33,joined,False,stream,1,naive,free_function,,,1,False,,,,,,,,,,,,,,,,,,,,1.84e-06,2.1579e-05,CUBLAS_DEFAULT_MATH,,False,2497.0,True,2500,42,35.6,13030,13030,False,2,1155de478289f4a7d40687f87000848267619032,ok,,
trsm,naive,fp32,1024,256,0,,0,31.880447,0.828399,31.144384,63,31.857248,32.204849,5,8.42,baseline_cublas,691.958,1.22,joined,True,stream,1,naive,free_function,,,1,False,,,,,,,,,,,,,,,,,,,,2.931e-06,3.0518e-05,CUBLAS_DEFAULT_MATH,,False,2497.0,True,2500,36,36.4,13030,13030,True,2,1155de478289f4a7d40687f87000848267619032,ok,,
trsm,naive,fp32,1024,256,0,,0,19.184144,0.04708,19.117439,104,19.176048,19.205696,5,13.993,baseline_cublas,651.897,2.15,joined,False,stream,1,naive,free_function,,,1,False,,,,,,,,,,,,,,,,,,,,2.931e-06,3.0518e-05,CUBLAS_DEFAULT_MATH,,False,2497.0,True,2500,44,35.0,13030,13030,False,2,1155de478289f4a7d40687f87000848267619032,ok,,
trsm,naive,fp32,2048,256,0,,0,127.051346,0.426989,126.621506,20,126.965714,127.07003,5,8.451,baseline_cublas,1308.879,0.65,joined,True,stream,1,naive,free_function,,,1,False,,,,,,,,,,,,,,,,,,,,4.218e-06,4.3158e-05,CUBLAS_DEFAULT_MATH,,False,2497.0,True,2500,35,36.0,13030,13030,True,2,1155de478289f4a7d40687f87000848267619032,ok,,
trsm,naive,fp32,2048,256,0,,0,126.799389,0.198551,126.502945,20,126.77589,126.86829,5,8.468,baseline_cublas,1267.903,0.67,joined,False,stream,1,naive,free_function,,,1,False,,,,,,,,,,,,,,,,,,,,4.218e-06,4.3158e-05,CUBLAS_DEFAULT_MATH,,False,2497.0,True,2500,36,35.8,13030,13030,False,2,1155de478289f4a7d40687f87000848267619032,ok,,
